Date,CS_Mnth,CS_Qtr,CS_Ann,CD_Mnth,CD_Qtr,CD_Ann,Enrgy_Mnth,Enrgy_Qtr,Enrgy_Ann,Fncl_Mnth,Fncl_Qtr,Fncl_Ann,HlthC_Mnth,HlthC_Qtr,HlthC_Ann,Indstrl_Mnth,Indstrl_Qtr,Indstrl_Ann,Mtrls_Mnth,Mtrls_Qtr,Mtrls_Ann,Tech_Mnth,Tech_Qtr,Tech_Ann,Util_Mnth,Util_Qtr,Util_Ann,Unempl,Jobs_Non-Farm (000s),Hrly_Wages,CPI_urban,PPI_Commodity,Imp_Exp _Indx,haircut_price,cardboard_pice,"SB (AFC=0,NFC=1,AFL=2)",Cosmetics_index,bodies,unidentified_bodies,underwear,beer_prct_change,Cnstrct_InPlace ($mms),Houses_Sold (000s),House_starts (000s)
12/1/1998,,,,,,,,,,,,,,,,,,,,,,,,,,,,0.044,127596,,164.4,,91,102.7,166.5,0,160.8,2,17,,0.8,706989,949,1738
1/1/1999,0.058,,,0.0333,,,-0.0013,,,-0.0127,,,0.0579,,,0.0599,,,0.0556,,,0.0077,,,-0.0077,,,0.043,127702,,164.7,,91.3,103,165,0,162.1,3,24,,-1.1,708818,875,1708
2/1/1999,-0.0143,,,0.055,,,-0.0631,,,0.0337,,,0.0429,,,-0.0038,,,-0.0299,,,0.1684,,,-0.012,,,0.044,128120,,164.7,,91.2,103.3,164.5,0,162.1,1,17,,0.6,726308,848,1618
3/1/1999,-0.0208,0.0211,,-0.0136,0.0753,,-0.0064,-0.0704,,0.0078,0.0286,,-0.0057,0.097,,-0.0013,0.0545,,0,0.0241,,-0.1188,0.0376,,-0.0411,-0.0599,,0.042,128227,,164.8,,91.5,103.7,164.6,0,163.6,1,16,,-0.6,737226,863,1652
4/1/1999,0.0112,-0.024,,0.0563,0.0992,,0.1363,0.0577,,0.0311,0.0742,,0.0287,0.0667,,0.0204,0.0152,,0.0235,-0.0071,,0.1152,0.1483,,-0.0577,-0.1072,,0.043,128597,,165.9,,92.4,103.9,171.3,0,163,4,19,,3.4,728788,918,1517
5/1/1999,-0.0363,-0.0457,,0.0228,0.0657,,0.1472,0.2951,,0.0691,0.111,,0.048,0.0719,,0.1446,0.1665,,0.2496,0.279,,-0.0133,-0.0303,,0.0956,-0.01,,0.042,128808,,166,,93.1,104.4,174.8,0,163.5,1,23,,-0.8,727358,888,1562
6/1/1999,-0.0176,-0.0426,,-0.0457,0.031,,-0.0243,0.2718,,-0.0623,0.0337,,-0.0469,0.0276,,-0.0159,0.1494,,-0.085,0.1703,,-0.0004,0.0999,,0.0053,0.0379,,0.043,129089,,166,,92.9,104.3,177.2,0,165.8,3,26,,-1.5,739167,923,1506
7/1/1999,0.0148,-0.0392,,0.0535,0.0283,,0.0204,0.1421,,0.0489,0.0515,,0.0447,0.0435,,0.0517,0.1846,,0.0496,0.2001,,0.0993,0.0842,,0.0434,0.1493,,0.043,129414,,166.7,,93.8,104.6,174.9,0,164.8,2,11,,1.1,745815,900,1606
8/1/1999,-0.039,-0.0419,,-0.0645,-0.0595,,0.0094,0.005,,-0.0585,-0.074,,-0.0246,-0.0288,,-0.0227,0.0115,,-0.0233,-0.062,,-0.0208,0.076,,-0.0005,0.0484,,0.042,129569,,167.1,,94.8,104.9,183.1,0,165.7,,35,,0.1,741524,893,1618
9/1/1999,0.0127,-0.0124,,-0.0367,-0.0507,,0.0176,0.0482,,-0.0444,-0.0564,,-0.0504,-0.0324,,0.0049,0.0328,,-0.0386,-0.0144,,0.0479,0.128,,-0.0558,-0.0154,,0.042,129772,,167.8,,95.8,105,190.5,0,168,1,28,,1.6,751402,826,1575
10/1/1999,-0.0869,-0.1114,,-0.0158,-0.1131,,-0.0481,-0.0222,,-0.0671,-0.1607,,-0.011,-0.084,,-0.0178,-0.0354,,-0.0261,-0.0855,,-0.0157,0.01,,0.0183,-0.0391,,0.041,130177,,168.1,,96,105.5,191.6,0,168.9,2,20,,0.3,759906,872,1569
11/1/1999,0.0986,0.0158,,0.087,0.0305,,-0.0159,-0.0468,,0.1616,0.0355,,0.0572,-0.0071,,-0.0181,-0.0308,,0.0209,-0.0441,,0.0381,0.0706,,0.0137,-0.0254,,0.041,130466,,168.4,,96.7,106.1,191.9,0,168.2,4,28,,-0.2,781199,863,1611
12/1/1999,-0.0131,-0.01,-0.0441,0.0088,0.0792,0.1358,-0.0046,-0.0676,0.1555,-0.0515,0.0279,0.0313,0.0061,0.052,0.1474,-0.0162,-0.0511,0.1879,-0.0154,-0.021,0.1564,0.0909,0.1146,0.4349,-0.0365,-0.0054,-0.0444,0.04,130772,,168.8,,97.4,106.3,191.9,0,167.8,1,24,,1.6,789431,873,1631
1/1/2000,-0.0651,0.0137,-0.1553,0.0783,0.1824,0.1852,0.0139,-0.0068,0.1732,-0.0194,0.0804,0.0243,0.0889,0.1582,0.181,0.0697,0.0334,0.1989,0.1099,0.1157,0.2158,0.1962,0.3546,0.7033,0.0011,-0.0222,-0.0359,0.04,131005,,169.3,,97.8,106.7,191.9,1,166.3,1,25,,-0.4,784940,873,1612
2/1/2000,-0.0034,-0.0804,-0.1459,-0.1149,-0.0373,-0.0057,0,0.0092,0.2521,-0.0224,-0.0907,-0.0313,-0.0252,0.0679,0.1039,-0.079,-0.0307,0.1084,-0.1254,-0.0442,0.0962,-0.0919,0.1851,0.3239,-0.0464,-0.0802,-0.0695,0.041,131124,,170,,99.7,107.2,191.5,1,165.7,2,25,,1.4,793737,856,1706
3/1/2000,-0.1139,-0.1744,-0.2271,-0.0632,-0.106,-0.0557,-0.0475,-0.0342,0.2004,-0.1105,-0.1473,-0.1451,-0.0646,-0.0071,0.0385,-0.0535,-0.0675,0.0504,-0.0898,-0.1164,-0.0022,0.1086,0.2043,0.6654,-0.0883,-0.1297,-0.1154,0.04,131596,,171,,99.9,107.5,192.3,1,166.5,2,21,,1.6,809459,900,1548
4/1/2000,0.0589,-0.0649,-0.1906,0.1538,-0.0433,0.0315,0.1339,0.0801,0.198,0.2015,0.0448,-0.0038,0.094,-0.0025,0.1044,0.1404,-0.0058,0.174,0.1038,-0.1213,0.076,0.0681,0.0753,0.595,0.059,-0.0794,-0.0058,0.038,131888,,170.9,,98.5,107.5,197.5,1,167,2,30,,-1.3,804766,841,1544
5/1/2000,0.0405,-0.0237,-0.1262,-0.0295,0.049,-0.0213,-0.0106,0.0686,0.0332,-0.0567,0.0081,-0.121,-0.0167,0.0062,0.0362,0.0144,0.0949,0.0405,-0.058,-0.0536,-0.1889,-0.0669,0.1049,0.5084,0.0598,0.0232,-0.0383,0.04,132105,,171.2,,98.8,108.2,201.3,1,166.8,1,23,,2.5,805005,857,1525
6/1/2000,0.0743,0.1836,-0.0445,-0.0619,0.0505,-0.0379,0.1017,0.236,0.1667,0.0769,0.2205,0.0094,-0.0277,0.0459,0.057,-0.0063,0.1495,0.0506,-0.0382,0,-0.1474,-0.0997,-0.1027,0.3587,0.0033,0.1261,-0.0402,0.04,132061,,172.2,,100.2,108.5,203.3,1,167.5,3,23,,1.2,795411,793,1522
7/1/2000,0.0375,0.1597,-0.0231,-0.0486,-0.1338,-0.1311,-0.0612,0.0233,0.0733,-0.0565,-0.0416,-0.092,-0.0106,-0.0541,0.0011,-0.0386,-0.0309,-0.0396,-0.0596,-0.148,-0.2361,0.0759,-0.0961,0.3297,-0.0149,0.0475,-0.0939,0.04,132236,,172.7,,100.2,108.7,203.2,1,166.6,,26,,0.7,783795,887,1419
8/1/2000,-0.0262,0.0854,-0.0101,0.017,-0.0923,-0.0554,-0.0248,0.0086,0.0369,0.0941,0.1116,0.0552,-0.0075,-0.0452,0.0186,0.0149,-0.0305,-0.0027,-0.0039,-0.0991,-0.2209,-0.052,-0.0817,0.2873,-0.0017,-0.0133,-0.0949,0.041,132230,,172.7,,100.4,109.4,202.9,1,167.4,2,22,,0.7,805341,848,1502
9/1/2000,-0.0147,-0.0045,-0.0369,-0.0502,-0.081,-0.0686,0.0966,0.0039,0.1174,0.0968,0.1322,0.2112,0.0344,0.0159,0.1097,0.1014,0.0746,0.0931,0.0134,-0.0508,-0.1789,0.1128,0.135,0.367,0.0404,0.0232,-0.0027,0.039,132353,,173.6,,101.6,109.8,203.5,1,167.8,1,21,,0,814330,912,1458
10/1/2000,0.0318,-0.01,0.0884,0.0025,-0.0316,-0.0513,0.0203,0.0911,0.1977,0.0164,0.2197,0.3196,-0.026,0,0.0928,-0.0463,0.066,0.0613,-0.1008,-0.0923,-0.2418,-0.1748,-0.1295,0.1461,0.1035,0.1461,0.0808,0.039,132351,,173.9,,101.2,110,204.3,1,165.7,3,17,,1.4,816100,933,1519
11/1/2000,0.0774,0.0953,0.0673,-0.005,-0.0526,-0.1316,-0.0247,0.0913,0.1871,-0.0162,0.0968,0.1176,0.0101,0.0178,0.0442,0.0382,0.0905,0.1221,0.0966,-0.0008,-0.1857,-0.081,-0.1561,0.0147,0.0718,0.2305,0.1427,0.039,132556,,174.2,,101.2,110.2,204.3,1,166,,14,,1,820054,880,1522
12/1/2000,0.0292,0.1442,0.1131,-0.024,-0.0264,-0.1598,-0.0584,-0.0629,0.123,-0.0362,-0.0362,0.1357,-0.0904,-0.1051,-0.056,-0.0308,-0.0404,0.1054,-0.0118,-0.0256,-0.1827,-0.1734,-0.3732,-0.2312,-0.0082,0.173,0.1762,0.039,132709,,174.6,,100.5,110.6,204.3,1,168.1,,23,,-5.3,811516,983,1491
1/1/2001,0.0397,0.1529,0.2378,0.0673,0.0364,-0.1683,0.1157,0.0247,0.2357,0.0774,0.0216,0.2477,0.0047,-0.0769,-0.129,0.0246,0.031,0.0588,0.1074,0.2,-0.1845,-0.1206,-0.332,-0.4348,-0.0313,0.0298,0.1382,0.042,132698,,175.6,,100.5,110.8,204.3,0,168.5,5,20,,6.5,814479,936,1575
2/1/2001,-0.07,-0.0049,0.155,0.1055,0.1515,0.0387,-0.048,0.0002,0.1764,-0.0015,0.0368,0.2744,0.0926,-0.0016,-0.0238,0.0026,-0.0044,0.1526,-0.0244,0.0677,-0.0904,0.1903,-0.1348,-0.2592,-0.0452,-0.0826,0.1398,0.042,132789,,176,,99.9,111,204.3,0,168.4,,24,,-1.6,813647,963,1565
3/1/2001,0.0008,-0.0324,0.3045,-0.0695,0.0979,0.0318,-0.0087,0.0529,0.2243,-0.0778,-0.008,0.3212,-0.0329,0.0616,0.0094,-0.0645,-0.039,0.1392,-0.0019,0.0784,-0.0026,-0.2611,-0.2266,-0.5063,0.0111,-0.0647,0.2641,0.043,132747,,176.1,,98.3,111.2,204.3,0,168.9,2,20,,-0.5,828057,939,1554
4/1/2001,-0.0691,-0.1336,0.1468,-0.0256,0.0023,-0.1287,-0.0424,-0.0963,0.0339,-0.0363,-0.1127,0.0597,-0.0554,-0.0019,-0.1284,-0.0919,-0.1483,-0.0929,-0.0331,-0.0584,-0.1262,-0.0976,-0.2064,-0.5829,-0.016,-0.05,0.1745,0.044,132463,,176.4,,97.8,111.9,204,0,169.4,1,26,,0,842392,909,1609
5/1/2001,0.0206,-0.0492,0.1249,0.0604,-0.0386,-0.048,0.101,0.0451,0.1505,0.0438,-0.0724,0.1726,0.072,-0.0207,-0.0499,0.1079,-0.0588,-0.0092,0.0767,0.0391,-0.0013,0.1543,-0.2304,-0.484,0.0547,0.0493,0.1688,0.043,132410,,177.3,,98,112.3,202.8,0,164.5,2,26,,0.5,848146,885,1552
6/1/2001,0.0115,-0.039,0.0591,0.0109,0.0445,0.0259,-0.0024,0.0518,0.0418,0.0416,0.0477,0.1342,0.0315,0.0445,0.008,0.0489,0.0553,0.0458,0.0503,0.0935,0.0907,-0.0312,0.009,-0.4448,-0.0091,0.0283,0.1543,0.045,132299,,177.7,,97.6,112.3,202.8,0,166.8,2,21,,0.8,855730,882,1565
7/1/2001,-0.0379,-0.0069,-0.0179,-0.0022,0.0697,0.076,-0.0985,-0.0098,0.0004,0,0.0872,0.2021,-0.0084,0.0965,0.0103,-0.0631,0.0888,0.0191,-0.0518,0.0723,0.0997,0,0.1182,-0.4839,-0.052,-0.0093,0.1109,0.046,132177,,177.4,,96.1,112.8,202.8,0,167.8,3,29,,-0.6,850471,880,1627
8/1/2001,0.0252,-0.0024,0.0339,0.042,0.0511,0.1024,0.005,-0.0962,0.031,-0.013,0.0281,0.0845,-0.0237,-0.0014,-0.0062,0.0052,-0.0122,0.0094,0.0064,0.0023,0.1111,-0.043,-0.0729,-0.479,-0.0097,-0.0697,0.102,0.049,132028,,177.4,,96,113,200.9,0,167.4,3,25,,-0.2,847465,866,1521
9/1/2001,-0.002,-0.0156,0.0473,-0.0819,-0.0455,0.0656,-0.053,-0.1421,-0.1097,-0.0735,-0.0855,-0.0839,-0.0485,-0.0789,-0.086,-0.0474,-0.1029,-0.1269,-0.0204,-0.0652,0.0741,-0.1569,-0.1932,-0.6053,-0.0261,-0.0856,0.0316,0.05,131771,,178.1,,95.9,113.2,199.5,0,168.9,1,21,,-0.1,837412,853,1515
10/1/2001,0,0.0231,0.015,-0.1301,-0.1679,-0.0754,-0.1093,-0.1523,-0.2228,-0.0582,-0.1387,-0.1512,-0.1439,-0.2047,-0.1966,-0.145,-0.1813,-0.2173,-0.1132,-0.1257,0.0593,-0.1493,-0.3136,-0.5931,-0.0231,-0.0577,-0.0867,0.053,131454,,177.6,,93.7,113.4,199.2,0,169.3,5,24,,0.7,845941,871,1505
11/1/2001,-0.0028,-0.0048,-0.0606,0.047,-0.1639,-0.0271,0.0465,-0.1173,-0.1661,-0.0081,-0.1345,-0.1442,-0.0013,-0.1865,-0.2057,0.019,-0.1701,-0.2318,0.0375,-0.0986,0.0023,0.1227,-0.1948,-0.5029,-0.0414,-0.0879,-0.1832,0.055,131142,,177.5,,92.3,114,198.3,0,169.3,2,31,,1.8,843911,924,1554
12/1/2001,0.0346,0.0317,-0.0556,0.1275,0.0269,0.1239,-0.0582,-0.1221,-0.166,0.0517,-0.0176,-0.0662,0.1163,-0.0455,-0.0251,0.0919,-0.0487,-0.1345,0.0944,0.0069,0.1099,0.1279,0.0773,-0.3217,-0.0275,-0.0893,-0.1991,0.057,130982,,177.4,,91.4,113.7,196.7,0,168.3,2,23,,-0.1,849689,979,1547
1/1/2002,-0.0308,0,-0.1197,0.0626,0.2543,0.119,0.0583,0.043,-0.2089,0.0195,0.0634,-0.1164,0.0382,0.1574,0.0074,0.0466,0.1646,-0.1159,-0.0165,0.1167,-0.0143,0.0062,0.2742,-0.2239,0.0246,-0.0448,-0.1529,0.057,130852,,177.7,,91.6,113.6,196.4,0,167.5,6,27,,-0.7,858654,880,1643
2/1/2002,0.0123,0.0151,-0.0417,0.0208,0.223,0.0333,-0.0348,-0.0381,-0.1979,-0.0076,0.064,-0.1218,-0.0055,0.1525,-0.0831,-0.0601,0.0741,-0.1712,0.0308,0.1094,0.0415,-0.0348,0.0953,-0.3707,-0.0233,-0.0268,-0.1335,0.057,130736,,178,,91.6,113.7,196.2,0,168.6,4,28,,1.6,862338,948,1807
3/1/2002,0.0161,-0.0031,-0.027,0.0085,0.0939,0.1199,0.047,0.0694,-0.1529,-0.0077,0.0039,-0.055,0.037,0.0706,-0.0168,0.0332,0.0163,-0.0847,0.0394,0.0537,0.0845,-0.1117,-0.1373,-0.2434,0,0.0007,-0.1431,0.057,130717,,178.5,,92.8,114.3,196.7,0,167.4,2,17,,-0.6,844551,923,1589
4/1/2002,0.0023,0.031,0.0476,-0.0118,0.0173,0.1358,0.0767,0.088,-0.0475,0.0447,0.0287,0.0244,0.0374,0.0699,0.0798,0.0067,-0.0225,0.0147,0.0239,0.097,0.1484,0.0287,-0.118,-0.1375,0.0239,0,-0.1083,0.059,130623,,179.3,,94.3,114.7,196.7,0,168,5,27,,-0.6,858240,936,1554
5/1/2002,-0.0312,-0.0133,-0.0055,-0.0034,-0.0068,0.0675,-0.0482,0.073,-0.1766,-0.0112,0.025,-0.0296,0.0137,0.0906,0.0211,-0.0623,-0.0247,-0.1412,-0.0391,0.0226,0.0249,-0.1194,-0.1953,-0.342,-0.057,-0.0345,-0.2027,0.058,130634,,179.5,,94.4,114.9,195.1,0,167.6,3,22,,0.3,850935,978,1723
6/1/2002,-0.0107,-0.0394,-0.0273,-0.0085,-0.0236,0.0469,-0.0145,0.01,-0.1866,-0.0068,0.026,-0.0746,0.0153,0.0677,0.005,0.0119,-0.0448,-0.1715,0.0487,0.0318,0.0233,-0.0359,-0.1267,-0.3452,-0.0046,-0.0389,-0.1991,0.058,130684,,179.6,,94.1,114.9,195.1,0,167.7,1,22,,0,846777,957,1670
7/1/2002,-0.1044,-0.1416,-0.0946,-0.0528,-0.0641,-0.0062,-0.0363,-0.096,-0.1305,-0.0545,-0.0714,-0.125,-0.0818,-0.055,-0.0694,-0.0637,-0.1116,-0.172,-0.0232,-0.0157,0.0542,-0.1363,-0.2667,-0.4344,-0.0695,-0.1265,-0.2139,0.058,130590,,180,,94.5,115.1,195.9,0,166.1,1,27,,-0.2,847129,956,1615
8/1/2002,-0.0493,-0.1577,-0.1604,-0.1209,-0.1744,-0.1615,-0.1554,-0.1978,-0.2692,-0.0837,-0.1395,-0.1877,-0.0291,-0.0949,-0.0745,-0.0642,-0.1134,-0.2292,-0.1102,-0.0885,-0.0679,-0.102,-0.2522,-0.4693,-0.1465,-0.2094,-0.3225,0.057,130587,,180.5,,94.8,115.4,198.8,0,166.3,1,29,,-1,839008,1014,1600
9/1/2002,0.0024,-0.1466,-0.1567,0.0112,-0.1579,-0.0764,0.0099,-0.178,-0.2206,0.0048,-0.1294,-0.1191,0.0037,-0.1052,-0.0237,-0.0299,-0.15,-0.215,-0.017,-0.1456,-0.0647,-0.0226,-0.2419,-0.3847,0.0361,-0.1772,-0.2793,0.057,130501,,180.8,,95.5,115.4,199.9,0,166.7,3,26,,-0.6,832134,1044,1732
10/1/2002,-0.064,-0.1081,-0.2107,-0.0725,-0.1755,-0.0152,-0.0536,-0.1927,-0.1719,-0.0935,-0.1653,-0.1521,-0.0425,-0.0669,0.0919,-0.0974,-0.1806,-0.1713,-0.117,-0.2276,-0.0688,-0.1379,-0.2433,-0.3765,-0.1234,-0.2249,-0.3533,0.057,130628,,181.2,,95.5,115.5,202.4,0,167.5,5,37,,-1.2,839690,1006,1624
11/1/2002,0.0307,-0.033,-0.1842,0.0596,-0.0062,-0.0033,0.0165,-0.0284,-0.1956,0.0753,-0.0205,-0.0808,0.0366,-0.0037,0.1334,0.0377,-0.0914,-0.1561,0.0358,-0.101,-0.0703,0.2228,0.0303,-0.3209,-0.0397,-0.1279,-0.3521,0.059,130615,,181.5,,94.6,115.8,200.5,0,166.9,7,25,,0.7,844697,1024,1711
12/1/2002,-0.0195,-0.0541,-0.2269,0.0854,0.0667,-0.0405,0.0455,0.0058,-0.107,0.0571,0.0304,-0.076,0.047,0.0392,0.063,0.0721,0.0041,-0.1714,0.142,0.0444,-0.0298,0.2055,0.2708,-0.2742,0.0391,-0.1253,-0.3077,0.06,130472,,181.8,,95.2,115.9,200.6,0,165.9,8,20,,2.9,855921,1048,1738
1/1/2003,-0.0045,0.006,-0.206,-0.1044,0.03,-0.1913,-0.0036,0.059,-0.1592,-0.0696,0.0576,-0.1568,-0.0395,0.0425,-0.0165,-0.0467,0.0606,-0.2453,-0.0525,0.1208,-0.0653,-0.1534,0.2479,-0.3893,0.0281,0.0259,-0.3054,0.058,130580,,182.6,,96.9,116.3,200.6,1,166.7,11,26,,-2.6,863855,999,1815
2/1/2003,-0.0335,-0.0566,-0.2419,-0.042,-0.0687,-0.2411,-0.029,0.0116,-0.1541,-0.0181,-0.0343,-0.1657,-0.0075,-0.0019,-0.0185,-0.0552,-0.0343,-0.2413,-0.0624,0.0146,-0.1498,-0.0315,-0.0116,-0.3873,-0.0299,0.0364,-0.3101,0.059,130444,,183.6,,98.5,116.5,201.3,1,166.8,8,15,,-0.1,859225,936,1583
3/1/2003,-0.0295,-0.0662,-0.2758,0.0022,-0.1401,-0.2458,0.0257,-0.0075,-0.1712,-0.0162,-0.1013,-0.1728,-0.0207,-0.0664,-0.0731,-0.0147,-0.1126,-0.2765,-0.025,-0.1338,-0.2024,0.0083,-0.1733,-0.3045,-0.0479,-0.0504,-0.3431,0.059,130232,,183.9,,99.1,117,201.2,1,166.5,7,28,,1.1,851132,999,1662
4/1/2003,-0.0224,-0.083,-0.2937,0.0147,-0.0257,-0.2256,-0.0004,-0.0045,-0.2306,-0.0188,-0.0522,-0.223,0.0338,0.0049,-0.0763,0.0031,-0.0663,-0.2791,0.0071,-0.0793,-0.2156,-0.0137,-0.0369,-0.3332,0.0341,-0.0449,-0.3366,0.06,130177,,183.2,,96,117.4,201.1,1,167.5,10,18,,0.8,859459,1012,1616
5/1/2003,0.0392,-0.014,-0.2424,0.117,0.136,-0.132,-0.0013,0.0239,-0.1928,0.1177,0.079,-0.1218,0.0298,0.0426,-0.0617,0.1003,0.0874,-0.1542,0.0829,0.0633,-0.1159,0.085,0.079,-0.1784,0.0805,0.0638,-0.2398,0.061,130196,,182.9,,95.3,117.8,201.4,1,168.2,11,27,,-1.1,866814,1078,1717
6/1/2003,0.0593,0.0762,-0.1888,0.0654,0.2076,-0.0672,0.1022,0.1002,-0.0972,0.0616,0.1643,-0.0613,0.026,0.0923,-0.0518,0.0374,0.1449,-0.1328,0.041,0.1354,-0.1224,0.0918,0.1684,-0.0695,0.115,0.2458,-0.1485,0.063,130194,,183.1,,96.2,117.6,201.1,1,169.5,11,30,,0.6,880865,1193,1822
7/1/2003,-0.0094,0.0905,-0.1027,-0.0074,0.1813,-0.0226,-0.0289,0.0689,-0.0903,-0.0181,0.1651,-0.0252,0.0246,0.0826,0.0582,0.0009,0.1424,-0.073,-0.0067,0.1198,-0.1076,-0.0053,0.1784,0.0716,-0.0139,0.188,-0.0977,0.062,130191,,183.7,,96.7,117.9,200.9,1,169.7,6,28,,1.3,891264,1168,1850
8/1/2003,-0.0025,0.0467,-0.0585,0.0298,0.089,0.1449,-0.0268,0.0417,0.0482,0.0546,0.0993,0.1219,-0.012,0.0387,0.0768,0.0419,0.0818,0.0321,0.0818,0.1186,0.085,0.039,0.1285,0.2399,-0.0559,0.038,-0.0019,0.061,130149,,184.5,,96.7,118.3,200.4,1,168.5,7,22,,2.2,901839,1206,1796
9/1/2003,0.024,0.0119,-0.0381,0.0579,0.0813,0.1978,0.0585,0.0004,0.0987,-0.0113,0.0238,0.1039,-0.0323,-0.0204,0.0381,0.054,0.0991,0.1213,0.0336,0.1106,0.1407,0.0615,0.0971,0.3466,0.0101,-0.0596,-0.0269,0.061,130254,,185.1,,96.2,119.2,200.3,1,168.4,14,20,,1,911589,1131,1888
10/1/2003,-0.0049,0.0165,0.0226,-0.0489,0.0361,0.2283,-0.0248,0.0046,0.1321,0.0043,0.0472,0.223,0.0065,-0.0378,0.0912,-0.041,0.0531,0.1914,-0.0494,0.0629,0.2282,-0.0123,0.0893,0.5427,0.0477,-0.0009,0.163,0.06,130454,,184.9,,96.3,119.4,198.7,1,169,11,32,,0.8,925732,1144,1925
11/1/2003,0.0492,0.0691,0.041,0.0891,0.0958,0.2625,0.0133,0.046,0.1285,0.0686,0.0611,0.2154,0.0054,-0.0209,0.0583,0.0632,0.0747,0.2208,0.0888,0.0698,0.291,0.0738,0.1258,0.3548,0.0091,0.0679,0.2222,0.058,130474,,185,,96.8,118.5,198.4,1,167.8,10,24,,-1.3,925985,1093,2026
12/1/2003,0.0033,0.0475,0.0652,0.0099,0.0462,0.1747,0.0111,-0.0008,0.0914,-0.0011,0.0721,0.1485,0.0249,0.037,0.0359,0.0209,0.041,0.1625,0.0289,0.0649,0.1631,0.0111,0.0724,0.1364,0.0009,0.0582,0.1772,0.057,130588,,185.5,,97.5,118.6,198.5,1,167.3,13,32,100,1.4,948491,1129,1958
1/1/2004,0.0159,0.0693,0.087,0.0333,0.1366,0.3553,0.1309,0.1587,0.2388,0.0353,0.1051,0.278,0.0468,0.0786,0.129,0.063,0.1538,0.2962,0.0915,0.2227,0.3398,0.023,0.1107,0.3732,0.0545,0.0651,0.2074,0.057,130769,,186.3,,99,118.7,198.5,1,168.2,8,18,100,-0.1,938525,1165,1881
2/1/2004,0.0014,0.0206,0.1262,-0.0101,0.033,0.4004,0.0155,0.1612,0.2954,0.0316,0.0668,0.3427,0.0281,0.103,0.1695,-0.0063,0.0784,0.3633,-0.0484,0.0686,0.3598,0.0435,0.0794,0.4796,0.0252,0.0821,0.2761,0.056,130825,,186.7,,99.4,119.1,197.6,0,169.5,9,19,100,-0.2,937813,1159,1815
3/1/2004,0.0615,0.0799,0.2318,0.0249,0.0484,0.4321,0.0577,0.2147,0.3359,0.0289,0.0988,0.4042,0.0103,0.0873,0.2065,0.0011,0.0575,0.3853,0.0556,0.0963,0.4722,-0.0286,0.037,0.4254,0.0196,0.1023,0.3665,0.058,131142,,187.1,,100.2,119.4,197.1,0,168.8,8,31,100,0.3,961159,1276,1964
4/1/2004,-0.0125,0.0497,0.2441,-0.0062,0.0082,0.4026,-0.0161,0.0568,0.315,-0.0087,0.0522,0.4187,-0.0437,-0.0066,0.1161,-0.0123,-0.0174,0.364,-0.0248,-0.0205,0.4255,-0.0222,-0.0088,0.4132,-0.0037,0.0415,0.3166,0.056,131411,,187.4,,100.4,119.6,195.8,0,168.7,7,25,100.2,1.4,967602,1186,1982
5/1/2004,0.0206,0.0698,0.2218,-0.0166,0.0016,0.2347,0.0184,0.0598,0.3409,-0.0506,-0.0316,0.2051,0.0333,-0.0016,0.1199,-0.0068,-0.0179,0.2313,-0.0506,-0.0227,0.2497,-0.0375,-0.0857,0.2537,-0.0361,-0.0208,0.1745,0.056,131694,,188.2,,101.9,119.9,200.3,0,170.7,4,29,100.2,0.4,974381,1241,1956
6/1/2004,-0.0107,-0.003,0.1411,0.0032,-0.0196,0.1627,0.0033,0.0054,0.2207,0.0107,-0.0488,0.1472,-0.0077,-0.0194,0.0831,0.0209,0.0015,0.2117,0.0248,-0.0512,0.2303,0.02,-0.04,0.1712,0.0043,-0.0356,0.0578,0.056,131793,,188.9,,101.7,120.2,207,0,170.4,7,24,100.2,-0.6,983087,1180,1785
7/1/2004,0.0039,0.0136,0.1564,0.0079,-0.0056,0.1806,0.0523,0.0752,0.3227,0.0018,-0.0388,0.1704,-0.0052,0.02,0.0515,0.0699,0.0848,0.2952,0.0465,0.0183,0.2962,0.0372,0.0182,0.2212,0.0119,-0.0205,0.0855,0.055,131848,,189.1,,102.1,120.5,207.6,0,169.5,6,24,100.2,0.3,1006184,1088,1982
8/1/2004,-0.0553,-0.0618,0.0952,-0.0401,-0.0293,0.1005,0.0285,0.0859,0.3978,-0.0186,-0.0064,0.0892,-0.0549,-0.0671,0.0059,-0.0354,0.0535,0.1991,-0.028,0.0425,0.1647,-0.0649,-0.0108,0.099,0.0142,0.0307,0.1662,0.054,131937,,189.2,,103.6,121.4,215.7,0,169.2,11,23,100.2,0.1,1013616,1175,1994
9/1/2004,0.021,-0.0317,0.092,-0.0043,-0.0366,0.0359,-0.0154,0.0656,0.3003,0.0332,0.0158,0.1382,0.0183,-0.0426,0.0586,0.0068,0.039,0.1455,0.02,0.0375,0.1494,-0.0383,-0.0673,-0.0043,0.038,0.0653,0.1984,0.054,132093,,189.8,,104.1,121.5,218.8,0,169.1,14,21,100.2,0.7,1012080,1214,1858
10/1/2004,-0.0296,-0.064,0.0649,0.03,-0.0155,0.1219,0.0953,0.1092,0.4604,-0.0135,0.0004,0.118,-0.0224,-0.0592,0.0282,0.0089,-0.0202,0.2051,0.0354,0.0265,0.2518,0.0355,-0.0688,0.044,-0.0028,0.0499,0.1406,0.055,132447,,190.8,,105.8,121.6,218.7,0,170.1,12,24,100.2,1,1015719,1305,2038
11/1/2004,0.0069,-0.0023,0.022,0.0407,0.0674,0.0719,0.0086,0.0877,0.4535,0.0067,0.0261,0.0532,-0.024,-0.0284,-0.0018,0.0188,0.0349,0.1547,-0.0033,0.0526,0.146,0.0426,0.0383,0.0137,0.0543,0.0913,0.1917,0.054,132503,,191.7,,105.5,122.1,218.7,0,170.7,11,23,99.7,-0.5,1022994,1179,1762
12/1/2004,0.0248,0.0013,0.0439,0.0453,0.1205,0.1095,0.058,0.1688,0.5209,0.0331,0.026,0.0893,0.0214,-0.0255,-0.0052,0.0651,0.0948,0.2047,0.0788,0.1134,0.2016,0.0524,0.1362,0.055,0.0333,0.0864,0.2303,0.054,132624,,191.7,,104,122.8,219,0,169.2,8,19,99.7,-0.7,1037480,1242,2002
1/1/2005,0.0425,0.0757,0.0713,0.0442,0.1359,0.1211,-0.0348,0.03,0.2981,0.0371,0.0786,0.0912,0.061,0.0577,0.0083,0.0212,0.1082,0.1574,0.0078,0.0837,0.1095,0.0081,0.1061,0.0396,0.0183,0.1093,0.188,0.053,132774,,191.6,,104.6,123.2,216.9,0,169.6,7,27,100.2,-1.6,1046082,1203,2118
2/1/2005,0.0043,0.0729,0.0744,-0.046,0.0413,0.0805,0.046,0.0682,0.3371,-0.0244,0.0453,0.032,-0.0361,0.0445,-0.0548,-0.0304,0.0546,0.1293,-0.0349,0.0493,0.1252,-0.0597,-0.0025,-0.0632,0.0252,0.0787,0.188,0.054,133032,,192.4,,105.5,123.8,216.9,0,170.3,13,18,100.2,5.2,1066848,1319,2176
3/1/2005,0.0017,0.0488,0.0138,-0.0065,-0.0103,0.0474,0.1586,0.1698,0.4647,-0.005,0.0067,-0.002,0.0324,0.0557,-0.0341,0.0132,0.0033,0.143,0.0887,0.0589,0.1605,0.005,-0.0474,-0.0309,0.0211,0.0659,0.1897,0.052,133156,,193.1,,107.8,124,216.8,0,169.7,15,18,100.2,-2.1,1071745,1328,1838
4/1/2005,-0.0102,-0.0043,0.0162,-0.0089,-0.0606,0.0445,-0.0073,0.203,0.4777,-0.0419,-0.0699,-0.0354,-0.0086,-0.0135,0.0013,-0.0062,-0.0237,0.15,-0.0412,0.0074,0.1411,-0.0299,-0.0832,-0.0385,0.0103,0.0576,0.2064,0.052,133518,,193.7,,108.8,124.1,216.8,0,170.4,6,14,100.2,1.2,1081012,1260,2028
5/1/2005,-0.0142,-0.0226,-0.0185,-0.0414,-0.0562,0.0182,-0.0677,0.0723,0.3528,0.0031,-0.0437,0.0192,0.0336,0.0579,0.0016,-0.0334,-0.0267,0.1192,-0.0663,-0.0254,0.1221,-0.0277,-0.052,-0.0287,0.0279,0.0604,0.2865,0.051,133690,,193.6,,107.9,123.8,217.9,0,171.1,19,24,100.2,-1.1,1093341,1286,1994
6/1/2005,0.0188,-0.006,0.0108,0.037,-0.0149,0.0525,0.0353,-0.0418,0.3959,0.0213,-0.0184,0.0299,0.0093,0.0343,0.0189,0.0315,-0.0091,0.1309,-0.0068,-0.1109,0.0875,0.0654,0.005,0.0146,-0.0026,0.0357,0.2777,0.05,133942,,193.7,,109.2,123.9,217.7,0,171.1,5,34,103.5,1.8,1105896,1274,2037
7/1/2005,-0.0193,-0.0151,-0.0125,-0.0045,-0.0105,0.0394,0.0618,0.0249,0.4085,0.0123,0.0371,0.0407,-0.0077,0.0353,0.0163,-0.027,-0.0298,0.0285,-0.0226,-0.0936,0.0157,-0.0079,0.0277,-0.0295,0.0521,0.0786,0.3284,0.05,134296,,194.9,,110.5,124.4,216.8,0,171,11,41,103.5,-0.3,1119101,1389,2029
8/1/2005,0.0289,0.028,0.0755,0.0531,0.0871,0.1403,0.0744,0.181,0.4714,0.0155,0.0498,0.0769,0.0273,0.029,0.1048,0.0331,0.037,0.1016,0.0515,0.0207,0.0987,0.0544,0.1145,0.0943,0.0233,0.0738,0.3404,0.049,134498,,196.1,,112.1,124.5,216.4,0,171.9,12,28,103.4,0.8,1129163,1255,2063
9/1/2005,-0.0162,-0.0073,0.0363,-0.0331,0.0136,0.1073,0.0728,0.2238,0.6031,-0.0193,0.0082,0.0221,-0.0078,0.0115,0.0764,-0.0383,-0.0332,0.0522,-0.0385,-0.0119,0.0358,-0.0128,0.0327,0.1233,-0.0015,0.075,0.2893,0.05,134566,,198.8,,114.4,124.8,213.1,0,172,8,27,103.4,1.1,1148438,1244,2109
10/1/2005,0.003,0.0153,0.0711,-0.0283,-0.0106,0.0445,0.0536,0.2143,0.5421,0.0037,-0.0003,0.04,-0.0079,0.0113,0.0924,0.0289,0.0223,0.073,0.0011,0.0121,0.0015,-0.0005,0.0404,0.0842,0.0432,0.0659,0.3488,0.05,134655,,199.1,,114.5,124.9,212.9,0,172.7,12,26,103.5,1,1160831,1336,2034
11/1/2005,0.0056,-0.0077,0.0697,-0.0221,-0.0813,-0.0185,-0.1016,0.0155,0.3737,0.0263,0.0103,0.0603,-0.0318,-0.0469,0.0836,-0.0135,-0.0239,0.039,0.0062,-0.0315,0.0109,-0.0225,-0.0355,0.0165,-0.0666,-0.0277,0.1942,0.05,134993,,198.1,,112.3,125.2,215,0,172.9,12,30,103.6,0.7,1172090,1214,2126
12/1/2005,0.0116,0.0203,0.0559,0.043,-0.0089,-0.0206,0.0286,-0.0263,0.3356,0.0532,0.085,0.0809,0.0181,-0.0221,0.0801,0.0616,0.0775,0.0356,0.0744,0.0822,0.0068,0.0746,0.0499,0.0379,-0.0029,-0.029,0.1524,0.049,135149,,198.1,,112.3,126,217.4,0,173.1,10,22,103.6,1,1184677,1239,1967
1/1/2006,-0.0123,0.0047,0.0004,-0.0226,-0.0031,-0.0832,0.0136,-0.0633,0.4025,-0.0119,0.0681,0.0299,0.0252,0.0105,0.0437,-0.0164,0.0301,-0.0026,0.0118,0.0937,0.0107,-0.0411,0.0072,-0.0127,0.0041,-0.0654,0.1363,0.047,135429,,199.3,,113.7,125.9,217.3,0,174,19,30,103.6,1.1,1195642,1174,2251
2/1/2006,-0.0021,-0.003,-0.006,0.0206,0.0405,-0.0192,0.1355,0.1839,0.5225,0.0073,0.0483,0.0633,0.016,0.0604,0.1002,0.0077,0.0523,0.0366,0.0578,0.1498,0.1078,0.0229,0.054,0.074,0.0222,0.0235,0.133,0.048,135737,,199.4,,112.8,126.9,216.6,2,173.8,6,23,103.6,3.3,1205639,1061,2109
3/1/2006,0.0168,0.0021,0.009,0.0106,0.0081,-0.0024,-0.0826,0.0559,0.2055,0.026,0.0212,0.0965,0.0053,0.0471,0.0713,0.0395,0.0303,0.0635,-0.0257,0.0427,-0.0086,0.013,-0.0064,0.0826,-0.0003,0.0261,0.1093,0.047,136047,20.04,199.7,,112.7,127.2,227,2,173.5,15,31,103.8,-2.7,1205169,1116,1930
4/1/2006,0.0042,0.0189,0.0237,0.0087,0.0403,0.0153,0.0381,0.0814,0.2606,-0.0055,0.0278,0.1381,-0.0111,0.0101,0.0686,0.0417,0.0911,0.1147,0.0541,0.0863,0.09,0.0244,0.0614,0.1431,-0.0403,-0.0193,0.0537,0.047,136205,20.17,200.7,,115.1,127.2,222.9,2,172.1,14,23,104.5,0.6,1193296,1123,1801
5/1/2006,0.0059,0.0271,0.0446,0.008,0.0274,0.0677,0.0511,0.001,0.4213,0.0442,0.0655,0.1847,-0.0364,-0.0421,-0.0039,0.0129,0.0968,0.1682,0.0287,0.0565,0.2009,-0.0148,0.0223,0.1582,0.0116,-0.0294,0.0371,0.046,136244,20.13,201.3,,117.2,127.3,224.3,2,171.3,19,31,104.5,0.6,1180581,1086,1924
6/1/2006,-0.0004,0.0097,0.0249,-0.0141,0.0024,0.0151,-0.0443,0.0429,0.312,-0.0391,-0.0021,0.1147,-0.0149,-0.0613,-0.0278,-0.0171,0.0371,0.1131,-0.0505,0.0296,0.148,-0.0701,-0.0616,0.0109,0.0118,-0.0177,0.0521,0.046,136325,20.22,201.8,,117.3,127.6,232.3,2,171.8,10,26,104.5,0,1172128,1074,1761
7/1/2006,0.0151,0.0206,0.0608,-0.0027,-0.0089,0.017,0.0373,0.042,0.2817,-0.0086,-0.0052,0.0917,-0.0079,-0.0583,-0.028,0.0018,-0.0026,0.1459,0.0091,-0.0144,0.1853,-0.0064,-0.0897,0.0125,0.0218,0.0458,0.0218,0.047,136520,20.3,202.9,,118.2,127.9,233.5,2,171.7,15,30,104.5,0.1,1157926,965,1704
8/1/2006,0.0169,0.0318,0.0485,-0.0382,-0.0543,-0.0712,0.0261,0.0172,0.2242,0.0176,-0.0306,0.094,0.0546,0.0307,-0.0022,-0.0666,-0.081,0.0353,-0.0416,-0.0817,0.0804,-0.0281,-0.102,-0.0667,0.0444,0.0798,0.0428,0.047,136694,20.31,203.8,,118.8,128.2,236.9,2,171.7,11,28,104.5,0.2,1145907,1035,1613
9/1/2006,0.0385,0.072,0.1068,0.0236,-0.0182,-0.0167,-0.0434,0.0182,0.0916,0.0194,0.0285,0.1371,0.0289,0.0765,0.0347,0.0246,-0.0419,0.103,0.0311,-0.0028,0.1585,0.0811,0.0441,0.0221,0.0319,0.1012,0.0778,0.045,136843,20.41,202.8,,116.2,128.5,238.9,2,173.8,15,25,104.5,0.9,1135753,1016,1688
10/1/2006,-0.0156,0.0396,0.0862,0.0588,0.0424,0.0715,-0.0496,-0.0671,-0.0154,0.0292,0.0676,0.1659,0.0085,0.0943,0.0518,0.0355,-0.0097,0.11,-0.0113,-0.023,0.1442,0.0295,0.0818,0.0528,-0.0209,0.0552,0.0115,0.044,136852,20.44,201.9,,113.3,129.2,239.3,2,173.7,16,24,104.5,-0.3,1122914,941,1475
11/1/2006,0.0262,0.0491,0.1084,0.067,0.1564,0.1691,0.0451,-0.0499,0.1454,0.0295,0.0801,0.1696,0.0051,0.043,0.092,0.0244,0.0869,0.1528,0.0648,0.0854,0.2108,0.0478,0.1663,0.1286,0.0512,0.0621,0.1391,0.045,137063,20.48,202,,113.8,129.5,239.3,2,172.6,10,25,104.5,1.9,1121749,1003,1546
12/1/2006,-0.0066,0.0035,0.0886,0.0099,0.141,0.132,0.0807,0.0734,0.2034,0.002,0.0616,0.1126,0.0015,0.0152,0.0742,0.0174,0.0792,0.1048,0.0408,0.0957,0.1731,0.0174,0.0976,0.0685,0.0223,0.0521,0.1678,0.044,137249,20.57,203.1,,115.1,129.6,250.4,2,177.5,14,25,104.5,-0.1,1135406,998,1617
1/1/2007,0.0148,0.0345,0.1184,0.0247,0.1042,0.1868,-0.0299,0.0956,0.1517,0.0365,0.0691,0.167,0.012,0.0187,0.0604,0.0034,0.0458,0.127,-0.0017,0.1063,0.1574,-0.0017,0.0642,0.1124,-0.009,0.0649,0.1526,0.046,137477,20.59,203.437,,113.7,130.6,250.4,2,176.619,15,25,104.5,0.3,1137917,891,1397
2/1/2007,0.0253,0.0336,0.1492,0.0233,0.059,0.1899,-0.0036,0.0446,0.0106,0.006,0.0447,0.1655,0.0282,0.0421,0.0731,0.0233,0.0448,0.1445,0.0511,0.0921,0.1501,0.0171,0.033,0.1061,0.0066,0.0198,0.135,0.045,137558,20.67,204.226,,114.1,130.95,249.2,2,176.007,11,14,103.5,1.7,1139032,828,1457
3/1/2007,-0.0348,0.0043,0.0909,-0.0312,0.0159,0.1408,-0.0306,-0.0631,0.0679,-0.0452,-0.0045,0.0846,-0.0352,0.0039,0.0299,-0.03,-0.004,0.068,-0.0035,0.0455,0.1763,-0.0434,-0.0286,0.0446,0.0428,0.0403,0.184,0.044,137793,20.72,205.288,,115.9,131.24,249.2,2,177.711,17,25,103.5,1.3,1146624,833,1461
4/1/2007,0.0322,0.0215,0.1213,-0.0039,-0.0124,0.1266,0.07,0.0334,0.1006,0.0028,-0.0368,0.0937,0.0111,0.003,0.053,0.0221,0.0145,0.0479,0.0416,0.091,0.1623,0.029,0.0013,0.0493,0.0416,0.0934,0.285,0.045,137842,20.79,205.904,,117.5,131.42,249.2,2,177.988,12,31,103.5,-2.1,1150590,887,1473
5/1/2007,0.0285,0.0247,0.1465,0.0207,-0.0149,0.1408,0.0528,0.0919,0.1023,0.0393,-0.0048,0.0886,0.0669,0.0407,0.1659,0.0505,0.0414,0.0868,0.015,0.0535,0.1468,0.047,0.0307,0.1152,0.046,0.1362,0.3287,0.044,137993,20.84,206.755,,118.6,131.93,249.2,2,177.248,21,33,103.5,3.6,1161581,842,1400
6/1/2007,0.0153,0.0779,0.1646,0.0355,0.0528,0.1982,0.082,0.2187,0.248,0.0259,0.0693,0.1623,0.0189,0.099,0.2058,0.0518,0.1293,0.163,0.0625,0.1233,0.2833,0.0523,0.1337,0.262,0.0062,0.0963,0.3213,0.046,138069,20.95,207.234,,120,131.71,248.3,2,177.745,21,28,103.5,1.3,1163511,793,1413
7/1/2007,-0.0245,0.0188,0.1192,-0.0214,0.0344,0.1758,0.0068,0.1469,0.2114,-0.0335,0.0306,0.1331,-0.0359,0.0479,0.1717,-0.0079,0.0962,0.1518,-0.0041,0.0739,0.2664,-0.0035,0.0979,0.2656,-0.0482,0.0018,0.2309,0.047,138038,20.96,207.603,,121.5,132.23,248.3,2,177.638,24,37,103.5,-1,1155448,778,1334
8/1/2007,-0.0251,-0.0343,0.073,-0.0607,-0.0481,0.1483,-0.0064,0.0824,0.173,-0.0981,-0.1057,0.0042,-0.0522,-0.0691,0.053,0.0033,0.047,0.2382,-0.0355,0.0205,0.2744,-0.0043,0.0441,0.2967,-0.0499,-0.0901,0.1197,0.046,138015,21,207.667,,121.1,132.42,248,2,176.908,12,26,103.5,-1.3,1159077,699,1307
9/1/2007,0.0223,-0.0277,0.0563,0.0005,-0.0802,0.1225,0.0135,0.014,0.2429,0.0227,-0.1085,0.0074,0.028,-0.0607,0.0521,0.0041,-0.0005,0.2133,-0.0028,-0.0422,0.2326,0.0199,0.012,0.2233,0.0232,-0.0747,0.1103,0.047,138095,21.04,208.547,,121.8,132.77,248.4,2,175.746,21,23,103.7,0.4,1158580,686,1141
10/1/2007,0.0318,0.0284,0.1071,-0.0049,-0.0647,0.055,0.074,0.0816,0.4045,0.0086,-0.0698,-0.0127,0.0287,0.0023,0.0732,0.0432,0.0509,0.2224,0.0733,0.0323,0.3381,0.0418,0.058,0.2378,0.034,0.0053,0.1726,0.047,138174,21.06,209.19,,123.6,132.95,253,2,176.87,18,27,103.6,-1.3,1152491,727,1242
11/1/2007,0.0215,0.0775,0.1021,-0.0109,-0.0151,-0.022,0.011,0.1005,0.3587,-0.0404,-0.0103,-0.0798,0.0144,0.0727,0.083,-0.0258,0.0204,0.1625,0.0377,0.1107,0.3041,0.0526,0.1185,0.2435,0.0454,0.1061,0.1661,0.047,138284,21.12,210.834,,127.5,133.38,255.6,2,177.109,27,29,103.6,0.8,1132908,641,1183
12/1/2007,0.0305,0.0862,0.1432,-0.0433,-0.0583,-0.0736,-0.0356,0.0471,0.2124,-0.0583,-0.0887,-0.1352,0.0228,0.0672,0.106,-0.0087,0.0074,0.1325,-0.0421,0.067,0.2002,-0.079,0.01,0.1256,0.0365,0.1205,0.1824,0.05,138392,21.18,211.445,,127.3,134.03,255.6,2,176.418,18,26,103.6,1.7,1115141,619,1002
1/1/2008,-0.0286,0.0226,0.0944,-0.0539,-0.1047,-0.1447,0.097,0.0696,0.3711,-0.0571,-0.148,-0.2132,-0.0326,0.0037,0.0573,-0.0151,-0.049,0.1116,-0.0048,-0.0107,0.1966,0.0118,-0.0191,0.1408,-0.0297,0.0514,0.1576,0.05,138403,21.19,212.174,,129.2,134.2,255.7,2,176.333,20,22,103.6,-1.2,1111347,627,1062
2/1/2008,-0.0466,-0.0456,0.0176,-0.0124,-0.1062,-0.1746,-0.1179,-0.0668,0.2138,-0.0028,-0.1145,-0.22,-0.0634,-0.0733,-0.0369,-0.0435,-0.0663,0.0389,-0.0225,-0.0681,0.1127,-0.1152,-0.1755,-0.0076,-0.0631,-0.0577,0.0775,0.049,138324,21.26,212.687,,129.5,134.75,255.8,1,176.105,20,25,103.6,0,1096648,593,1083
3/1/2008,-0.0088,-0.0821,0.045,-0.0427,-0.1055,-0.1844,0.0791,0.0442,0.3512,-0.1148,-0.1676,-0.2769,-0.0216,-0.1135,-0.0233,-0.0361,-0.0921,0.0324,0.0056,-0.0217,0.123,-0.0594,-0.1579,-0.0242,-0.0479,-0.1344,-0.0162,0.051,138275,21.36,213.448,,133.5,135.92,255.8,1,176.982,16,23,103.6,0.7,1103446,535,980
4/1/2008,0.043,-0.0144,0.056,-0.0016,-0.0561,-0.1825,-0.0302,-0.0769,0.2247,0.0035,-0.1142,-0.2764,-0.0413,-0.1215,-0.074,0.0467,-0.0351,0.0572,-0.0112,-0.0281,0.066,0.0334,-0.14,-0.0201,0.0173,-0.0925,-0.0392,0.05,138035,21.37,213.942,,137.3,135.94,255.8,1,177.018,19,30,102.7,0.6,1101252,536,998
5/1/2008,-0.0107,0.0228,0.0157,0.035,-0.0107,-0.171,0.0938,0.1446,0.2724,0.0303,-0.0848,-0.2827,0.0019,-0.0602,-0.1303,0.0157,0.0246,0.0222,0.041,0.0351,0.0933,0.0545,0.025,-0.0131,0.0484,0.0154,-0.037,0.054,137858,21.47,215.208,,141.2,136.46,254.8,1,176.852,22,30,102.7,0.8,1101547,504,961
6/1/2008,0.0241,0.0568,0.0245,0,0.0333,-0.1995,0.0602,0.1246,0.2468,-0.0693,-0.0378,-0.3493,0.0217,-0.0187,-0.1279,0.0105,0.0742,-0.018,0.0507,0.0815,0.0812,0.0459,0.1398,-0.019,0.0312,0.0997,-0.0131,0.056,137687,21.52,217.463,,145.5,136.38,254.8,1,178.139,22,23,102.7,1.6,1090098,487,1019
7/1/2008,-0.0748,-0.0626,-0.0284,-0.1316,-0.1012,-0.2896,0.0303,0.1947,0.2758,-0.1931,-0.2263,-0.4568,-0.0577,-0.0355,-0.1477,-0.1337,-0.1109,-0.1426,-0.0724,0.0146,0.0071,-0.1044,-0.0122,-0.1184,-0.0252,0.0539,0.0108,0.058,137491,21.59,219.016,,147.5,136.51,254.8,1,177.521,21,21,102.7,1.1,1086952,477,910
8/1/2008,0.0429,-0.0119,0.0393,0.0222,-0.1123,-0.227,-0.1556,-0.0777,0.0842,0.0858,-0.1846,-0.346,0.0623,0.0226,-0.0447,0.0328,-0.0959,-0.1173,-0.018,-0.0429,0.0254,-0.0071,-0.0699,-0.1208,-0.0489,-0.0439,0.0119,0.061,137213,21.7,218.69,,143,136.77,263.7,1,177.227,21,24,102.7,-0.4,1070075,435,828
9/1/2008,0.0349,-0.0014,0.0521,0.0888,-0.0335,-0.1588,-0.0316,-0.1575,0.0359,0.0148,-0.1109,-0.3511,0.0259,0.0268,-0.0467,0.0335,-0.0753,-0.0915,-0.0287,-0.1153,-0.0013,0.0351,-0.0795,-0.1077,0.0063,-0.067,-0.0049,0.061,136753,21.72,218.877,,137.8,137.05,275.6,1,178.753,21,22,102.7,-0.4,1059579,433,809
10/1/2008,-0.0323,0.0444,-0.0133,-0.0738,0.0307,-0.2171,-0.1304,-0.2889,-0.1612,-0.0956,-0.0035,-0.4181,-0.0851,-0.003,-0.1521,-0.1524,-0.0952,-0.2618,-0.1647,-0.2033,-0.2228,-0.1543,-0.1307,-0.2757,-0.1361,-0.1732,-0.1686,0.065,136272,21.76,216.995,,129.6,137.63,277.4,1,179.086,20,20,102.7,1,1055959,393,756
11/1/2008,-0.1072,-0.1059,-0.1375,-0.2142,-0.2076,-0.3781,-0.193,-0.3203,-0.3304,-0.22,-0.2842,-0.527,-0.114,-0.1684,-0.2594,-0.1722,-0.2749,-0.3728,-0.2073,-0.3569,-0.4063,-0.1519,-0.2576,-0.4164,-0.1161,-0.2316,-0.2971,0.068,135545,21.88,213.153,,120,138.02,277.4,1,180.761,21,19,102.8,-0.3,1035033,389,647
12/1/2008,-0.0403,-0.1708,-0.1968,-0.1187,-0.3586,-0.427,-0.0464,-0.3308,-0.338,-0.2143,-0.4458,-0.6054,-0.0701,-0.2462,-0.3266,-0.0921,-0.363,-0.4255,-0.1232,-0.4194,-0.4566,-0.1031,-0.3567,-0.4317,0.0102,-0.2286,-0.3149,0.073,134839,21.94,211.398,,114.5,138.07,276.4,1,181.661,17,22,102.8,-1.2,999139,377,553
1/1/2009,0.0148,-0.1304,-0.1609,0.0821,-0.2506,-0.3446,-0.001,-0.2313,-0.3971,0.0296,-0.3691,-0.5691,0.071,-0.1176,-0.2546,0.0325,-0.224,-0.3977,0.0057,-0.301,-0.4508,0.0354,-0.2124,-0.4184,-0.0141,-0.1197,-0.3039,0.078,134055,21.97,211.933,,113,137.74,276.2,1,183.583,24,16,102.8,2.1,975099,336,475
2/1/2009,-0.0848,-0.1086,-0.1945,-0.1272,-0.1676,-0.4208,-0.0469,-0.0921,-0.3486,-0.2817,-0.419,-0.6897,-0.0211,-0.0251,-0.2209,-0.1369,-0.1909,-0.4565,-0.09,-0.1975,-0.4887,-0.0581,-0.1252,-0.3808,-0.0235,-0.0275,-0.2745,0.083,133312,21.99,212.705,,113,137.83,273.4,2,184.345,25,14,102.8,-1.9,971708,372,572
3/1/2009,-0.0808,-0.1462,-0.253,-0.0774,-0.1286,-0.4418,-0.1252,-0.167,-0.4719,-0.1878,-0.3993,-0.7152,-0.09,-0.046,-0.2753,-0.168,-0.2586,-0.5308,-0.0883,-0.1656,-0.5365,-0.0452,-0.0688,-0.3715,-0.1264,-0.1589,-0.3343,0.087,132512,22.06,212.495,,113.6,139.11,270.6,2,183.515,28,29,108.7,0.5,963793,339,491
4/1/2009,0.0422,-0.1232,-0.2536,0.1499,-0.074,-0.3571,0.0326,-0.139,-0.4377,0.171,-0.3168,-0.6677,0.011,-0.0994,-0.2358,0.0811,-0.2236,-0.5154,0.1505,-0.0454,-0.4606,0.1076,-0.0039,-0.3264,0.0076,-0.1404,-0.3407,0.09,131817,22.09,212.709,,114.8,139.06,268.7,2,183.538,15,23,110.3,-0.1,932482,337,468
5/1/2009,0.0515,0.0073,-0.2067,0.1693,0.2406,-0.2737,0.1075,0.0004,-0.4306,0.2547,0.1933,-0.5953,0.0092,-0.0715,-0.2302,0.1928,0.0729,-0.4309,0.1757,0.2332,-0.3909,0.1211,0.1856,-0.2838,0.0369,-0.0873,-0.3479,0.094,131475,22.1,213.022,,116.8,138.88,266.8,2,183.071,18,19,110.3,1.3,920020,376,529
6/1/2009,0.0575,0.1589,-0.1808,0.0056,0.3521,-0.2696,0.1462,0.3108,-0.3844,0.1536,0.6949,-0.4984,0.0779,0.0997,-0.1879,0.0546,0.36,-0.406,0.0747,0.4537,-0.3769,0.0335,0.2834,-0.2923,0.0314,0.0775,-0.3478,0.095,131008,22.13,214.79,,120,138.86,266.3,2,182.834,18,26,110.3,-2,912530,393,566
7/1/2009,-0.0107,0.1,-0.1241,-0.0123,0.1613,-0.1693,-0.0778,0.1706,-0.449,-0.0339,0.3984,-0.3994,0.0169,0.1062,-0.1236,-0.0527,0.1917,-0.3504,-0.0558,0.193,-0.3658,0.0246,0.1872,-0.1904,0.0345,0.1063,-0.3079,0.095,130668,22.18,214.726,,119.3,138.71,258.5,2,184.692,18,36,110.3,1.1,911438,411,571
8/1/2009,0.0667,0.116,-0.104,0.1002,0.0927,-0.1059,0.0599,0.1203,-0.3084,0.1069,0.2337,-0.3877,0.059,0.1607,-0.1263,0.1117,0.1107,-0.3009,0.1361,0.1529,-0.2662,0.0884,0.1525,-0.1125,0.0419,0.1117,-0.2418,0.096,130485,22.23,215.445,,121.1,138.86,259.5,2,183.325,32,28,110.3,1.6,900112,418,580
9/1/2009,0.0032,0.0587,-0.1315,0.0172,0.1054,-0.1647,-0.0091,-0.0315,-0.2924,0.1011,0.1776,-0.3356,0.0214,0.0999,-0.1301,0.0318,0.0866,-0.302,-0.001,0.0717,-0.2453,-0.0005,0.1146,-0.1431,0.0017,0.0797,-0.2452,0.098,130244,22.26,215.861,,121.3,139.29,257,2,183.086,11,25,111.1,-0.6,887241,386,562
10/1/2009,0.0275,0.0996,-0.0777,0.053,0.1785,-0.0503,0.0564,0.1095,-0.1404,0.0185,0.2414,-0.2518,0.0024,0.0843,-0.0468,0.0469,0.2008,-0.1379,0.0416,0.1821,-0.0589,0.0416,0.1331,0.0554,0.0082,0.0523,-0.1191,0.1,130045,22.31,216.509,,122.3,139.4,257,2,183.583,33,21,111.1,0.3,871391,396,525
11/1/2009,0.0173,0.0487,0.0509,-0.0212,0.0485,0.1831,0.0323,0.0806,0.0996,-0.0471,0.0687,-0.0859,-0.0213,0.0021,0.0529,-0.0276,0.0504,0.0128,-0.0448,-0.0061,0.134,-0.0067,0.0341,0.2361,-0.029,-0.0193,-0.0322,0.099,130057,22.36,217.234,100.2,124.1,139.34,258.7,2,184.168,25,24,111.1,-0.4,858493,375,571
12/1/2009,0.0453,0.0927,0.1446,0.0764,0.1095,0.4449,0.0349,0.1286,0.1934,0.0424,0.0117,0.2128,0.0954,0.0748,0.2403,0.0968,0.1166,0.2234,0.1216,0.1159,0.4506,0.0625,0.0993,0.4643,0.0516,0.0295,0.0074,0.099,129788,22.36,217.347,100.3,124.4,139.33,258.2,2,183.917,18,19,111.1,2,842609,352,566
1/1/2010,-0.0204,0.0417,0.1048,0.0357,0.0912,0.383,0.0059,0.0746,0.2017,-0.0163,-0.0229,0.1588,0.0231,0.0969,0.1849,0.0079,0.075,0.1943,0.0167,0.0892,0.4664,0.0557,0.1141,0.4929,0.0434,0.0654,0.0661,0.098,129790,22.41,217.488,101.2,125.9,139.5,257.6,2,182.172,20,21,111.1,-1.1,822114,345,600
2/1/2010,-0.0034,0.0205,0.2031,-0.0311,0.0802,0.5352,-0.0478,-0.0088,0.2005,-0.0172,0.0078,0.5856,-0.0044,0.1157,0.205,-0.0142,0.0897,0.364,-0.0929,0.0343,0.4616,-0.0899,0.0208,0.4425,-0.055,0.0368,0.0318,0.098,129698,22.45,217.281,101,125.8,139.18,258.6,1,181.725,21,23,111.3,1.8,814885,336,598
3/1/2010,0.0292,0.0048,0.3471,0.0587,0.0623,0.7616,0.0227,-0.0205,0.4033,0.0322,-0.002,1.015,0.0022,0.0208,0.3271,0.0459,0.0391,0.7146,0.0397,-0.0412,0.6668,0.0351,-0.0055,0.5638,-0.0108,-0.0247,0.1682,0.099,129879,22.45,217.353,101.1,126.3,139.38,264.9,1,182.212,19,17,111.3,-0.2,821849,381,619
4/1/2010,0.0343,0.0609,0.3368,0.0763,0.104,0.6489,0.03,0.0029,0.3998,0.0916,0.1074,0.8785,0.0287,0.0264,0.3503,0.0881,0.1218,0.7256,0.0818,0.0203,0.5672,0.0624,0.0009,0.5,0.0192,-0.0473,0.1816,0.099,130110,22.49,217.403,101.4,127.7,140.12,269.3,1,181.399,12,16,112.5,1,829664,422,672
5/1/2010,-0.0143,0.0493,0.2533,0.06,0.2078,0.4947,0.0358,0.091,0.3092,0.0137,0.1423,0.5177,-0.044,-0.0144,0.2792,0.0343,0.177,0.4963,-0.0053,0.1188,0.3261,0.013,0.114,0.3553,0.0255,0.0338,0.1686,0.096,130650,22.53,217.29,101.6,126.7,140.35,273.1,1,180.841,19,21,112.5,-1.7,823447,280,571
6/1/2010,-0.0506,-0.0321,0.1251,-0.0812,0.0483,0.3658,-0.133,-0.075,-0.0097,-0.1092,-0.0143,0.1719,-0.0687,-0.0841,0.1053,-0.1006,0.0121,0.276,-0.1068,-0.0388,0.1021,-0.0818,-0.0119,0.204,-0.0641,-0.0219,0.0604,0.094,130511,22.53,217.199,101.4,125.2,140.48,276.5,1,182.416,19,20,112.5,0.4,821943,305,522
7/1/2010,-0.0278,-0.0902,0.1057,-0.0905,-0.1142,0.2576,-0.0445,-0.1418,0.0261,-0.0503,-0.1424,0.152,-0.0212,-0.1285,0.0639,-0.0652,-0.1304,0.2592,-0.069,-0.1728,0.0867,-0.0525,-0.1187,0.1135,-0.0136,-0.0534,0.0111,0.094,130427,22.59,217.605,101.6,125.2,140.65,279.1,1,183.974,12,23,112.5,-1.3,799694,283,537
8/1/2010,0.0678,-0.0145,0.1068,0.0903,-0.0889,0.2463,0.1003,-0.0884,0.0653,0.0819,-0.0847,0.126,0.0259,-0.0648,0.0307,0.1208,-0.0577,0.2695,0.1475,-0.0458,0.0975,0.0867,-0.0546,0.1118,0.0911,0.0072,0.0588,0.095,130422,22.62,217.923,101.8,125.7,140.55,285,1,182.985,12,18,112.5,2.4,802030,282,595
9/1/2010,-0.018,0.0194,0.0834,-0.0398,-0.0479,0.1764,-0.051,-0.0023,0.0202,-0.0798,-0.0544,-0.0589,-0.0177,-0.0136,-0.0087,-0.0684,-0.0239,0.1462,-0.0332,0.0329,0.0622,-0.0546,-0.0265,0.0517,0.0088,0.0857,0.0663,0.095,130357,22.67,218.275,102.1,125.7,140.54,287.7,1,181.718,13,23,112.5,-0.1,807728,317,576
10/1/2010,0.0426,0.0932,0.0993,0.097,0.1484,0.2255,0.0874,0.1354,0.0501,0.0554,0.0508,-0.0249,0.0825,0.0909,0.0704,0.1024,0.1511,0.207,0.049,0.1637,0.0697,0.1054,0.1357,0.116,0.0116,0.1134,0.0698,0.094,130625,22.74,219.035,102.5,127.1,139.94,287.7,1,181.503,12,21,112.5,1,801372,291,534
11/1/2010,0.0348,0.0594,0.1181,0.0521,0.1082,0.3173,0.0571,0.0908,0.0753,0.0069,-0.0221,0.0304,0.0205,0.0852,0.1161,0.0244,0.0521,0.2715,0.0606,0.0756,0.1878,0.0557,0.1032,0.1861,0.0137,0.0344,0.1168,0.098,130750,22.73,219.59,102.8,129.2,140.11,287.7,1,182.741,5,20,112.5,-0.7,804151,287,530
12/1/2010,-0.0118,0.0661,0.057,0.0371,0.197,0.2691,0.0654,0.2246,0.107,0.0055,0.0685,-0.0061,-0.0233,0.079,-0.0049,0.0248,0.1573,0.188,0.0229,0.138,0.0833,-0.0069,0.1588,0.1086,-0.0232,0.0016,0.0374,0.093,130822,22.76,220.472,103.1,131,140.44,288.1,1,182.363,6,26,112.5,-1.7,789395,326,523
1/1/2011,0.0312,0.0545,0.1127,0.0292,0.123,0.2612,0.081,0.2173,0.1896,0.1022,0.1159,0.1136,0.0346,0.0313,0.0064,0.0586,0.1113,0.2478,0.085,0.1771,0.156,0.0444,0.0949,0.0968,0.0119,0.0019,0.0061,0.091,130841,22.85,221.187,103.7,133,140.3,288.7,1,182.305,13,17,112.5,1.1,759964,307,618
2/1/2011,-0.0146,0.0042,0.1002,-0.0077,0.0592,0.2917,0.0659,0.2275,0.3316,0.0204,0.1309,0.1563,0.0044,0.015,0.0153,0.0405,0.1288,0.3171,-0.0005,0.1092,0.2738,0.0315,0.0699,0.2431,0.0133,0.0016,0.0788,0.09,131053,22.87,221.898,104.3,135.3,140.45,288.2,1,183.814,15,22,112.5,1.7,758376,270,509
3/1/2011,0.029,0.0456,0.0999,0.0548,0.0772,0.2869,0.0757,0.2394,0.4007,0.0242,0.152,0.1473,0.0302,0.0706,0.0436,0.02,0.1235,0.2845,0.0193,0.1054,0.2488,0.0164,0.0951,0.2206,0.0034,0.0289,0.0944,0.09,131288,22.87,223.046,105,139.3,140.36,287.7,1,184.449,18,27,112.5,-0.9,769157,300,593
4/1/2011,0.004,0.018,0.0677,-0.0046,0.0419,0.1902,0.0184,0.1676,0.3849,-0.0237,0.0204,0.0261,0.014,0.0493,0.0288,0.0175,0.0799,0.2012,0.0177,0.0368,0.1748,-0.0162,0.0315,0.1304,0.0028,0.0197,0.0768,0.091,131602,22.92,224.093,105.5,142.9,140.57,287.6,1,184.963,12,25,114.7,-0.3,769437,310,539
5/1/2011,0.0547,0.0897,0.1424,0.0361,0.0879,0.1635,0.0025,0.0982,0.3404,-0.0036,-0.0036,0.0086,0.0677,0.1154,0.149,0.0293,0.0683,0.1955,0.0191,0.0572,0.2036,0.026,0.026,0.1449,0.0352,0.0417,0.087,0.09,131703,22.99,224.806,105.8,143.1,140.65,287.6,1,182.49,10,18,121.6,-0.1,775251,305,551
6/1/2011,0.0212,0.0814,0.2289,-0.0103,0.0208,0.2532,-0.0462,-0.0263,0.4744,-0.0401,-0.0663,0.0868,0.0144,0.0983,0.2514,-0.0382,0.0073,0.2784,-0.0353,0.0005,0.2999,-0.0175,-0.0083,0.2252,0.0187,0.0575,0.1832,0.091,131939,23.01,224.806,105.9,142.2,140.71,286.3,1,184.006,6,30,118.2,1.7,794839,301,595
7/1/2011,-0.0341,0.0404,0.2209,0,0.0255,0.3779,-0.0225,-0.0654,0.5083,-0.0292,-0.0715,0.111,-0.0128,0.0692,0.2622,-0.0067,-0.0166,0.3584,-0.0048,-0.0216,0.3896,-0.025,-0.0172,0.2607,-0.0106,0.0433,0.1868,0.09,131999,23.1,225.395,106.1,142.4,140.62,292.2,1,184.341,14,39,118.2,0.1,792381,296,607
8/1/2011,-0.0016,-0.0152,0.1416,-0.0047,-0.015,0.2578,0.0347,-0.0353,0.4184,-0.0189,-0.0858,0.0074,-0.0304,-0.029,0.1929,-0.0553,-0.0975,0.1449,-0.017,-0.0563,0.1903,0.0159,-0.0268,0.1785,0,0.0078,0.0877,0.09,132125,23.07,226.106,106.3,141.9,140.81,286.4,1,182.911,16,23,118.2,0,811953,299,579
9/1/2011,-0.0071,-0.0425,0.1543,-0.0636,-0.068,0.2267,-0.1163,-0.1062,0.3208,-0.1104,-0.1527,-0.0262,-0.0308,-0.0722,0.1769,-0.0771,-0.134,0.1342,-0.0878,-0.1077,0.1231,-0.0631,-0.072,0.1679,0.0137,0.003,0.0931,0.09,132358,23.11,226.597,106.7,141.7,140.93,286.4,1,184.305,9,33,121.6,1.5,813660,304,637
10/1/2011,-0.046,-0.0542,0.0563,-0.0783,-0.141,0.0307,-0.1587,-0.2307,0.0219,-0.1234,-0.235,-0.1912,-0.0569,-0.1137,0.0254,-0.1063,-0.2208,-0.0805,-0.1779,-0.2628,-0.1198,-0.0441,-0.0902,0.0099,-0.01,0.0036,0.0697,0.088,132562,23.21,226.75,106.3,141.2,141.09,286.6,1,185.525,5,30,121.6,-0.1,808378,316,603
11/1/2011,0.0356,-0.019,0.0571,0.0994,-0.0511,0.077,0.158,-0.1391,0.1195,0.0956,-0.1457,-0.1199,0.0457,-0.0441,0.0507,0.1172,-0.0785,0.0028,0.1402,-0.1449,-0.0537,0.085,-0.0283,0.038,0.0223,0.026,0.0788,0.086,132694,23.18,227.169,106.6,142.2,141.69,287.5,1,186.462,11,28,121.7,0.5,812050,328,702
12/1/2011,0.0468,0.0343,0.1198,0.0168,0.0304,0.0559,0.0552,0.0281,0.1089,-0.0078,-0.0471,-0.1316,0.0264,0.0123,0.1042,0.0401,0.0385,0.0178,0.0375,-0.0275,-0.0402,0.0059,0.0433,0.0514,0.0236,0.0359,0.1305,0.085,132896,23.21,227.223,106.5,142.2,141.74,287.4,1,185.648,19,23,121.7,-2.4,821367,341,678
1/1/2012,0.0228,0.1089,0.1108,0.0253,0.1462,0.052,-0.0011,0.2206,0.0247,0.0424,0.1331,-0.1787,0.0385,0.1146,0.1083,0.0211,0.1866,-0.0183,-0.0029,0.1795,-0.118,0.0125,0.1051,0.0193,0.029,0.0768,0.1497,0.083,133250,23.24,227.842,106.9,142.2,141.58,287.4,1,186.245,15,43,121.7,3.3,830610,335,714
2/1/2012,-0.0162,0.0534,0.109,0.0436,0.088,0.1064,0.0103,0.0649,-0.0287,0.0678,0.1044,-0.1406,0.0231,0.0905,0.1289,0.0607,0.1265,0.0008,0.0946,0.1323,-0.034,0.0549,0.0744,0.0424,-0.0392,0.0119,0.09,0.083,133512,23.27,228.329,107.2,142.2,142.11,287.3,1,184.612,12,26,121.8,0.6,824368,366,696
3/1/2012,0.0339,0.0404,0.1143,0.0461,0.1194,0.0973,0.0544,0.0641,-0.048,0.0437,0.1617,-0.1243,0.0084,0.0713,0.105,0.0216,0.1065,0.0024,-0.0077,0.083,-0.0597,0.0663,0.1389,0.0936,0.004,-0.0074,0.0906,0.082,133752,23.36,228.807,107.4,144.2,142.35,287.3,1,186.468,11,22,121.8,1,829288,354,687
4/1/2012,0.025,0.0425,0.1375,0.0395,0.1349,0.1458,-0.0484,0.0137,-0.1104,0.0628,0.1845,-0.0467,0.0387,0.0715,0.1318,0.0013,0.0851,-0.0135,-0.0073,0.0783,-0.0827,0.0361,0.1654,0.1516,0.0037,-0.0318,0.0916,0.082,133834,23.39,229.187,107.7,144.1,142.62,287.3,1,187.609,9,20,124.2,0.3,841740,354,746
5/1/2012,0.0029,0.0628,0.0816,0.0155,0.1043,0.1231,-0.0027,0.0007,-0.1149,-0.0191,0.0882,-0.0614,-0.0045,0.0426,0.0552,-0.011,0.0118,-0.0521,-0.0068,-0.0216,-0.106,-0.0116,0.092,0.1095,0.0191,0.027,0.0747,0.082,133934,23.39,228.713,107.6,142,142.75,287.3,1,186.007,14,26,124.2,0.6,850928,370,699
6/1/2012,-0.0211,0.0063,0.0369,-0.0733,-0.0217,0.0516,-0.1265,-0.171,-0.1894,-0.1095,-0.0716,-0.1293,-0.0438,-0.0113,-0.0053,-0.0799,-0.0888,-0.0931,-0.0938,-0.1065,-0.1602,-0.0789,-0.0567,0.0402,-0.0031,0.0198,0.0517,0.082,134007,23.46,228.524,107.3,138.7,142.77,287.3,1,187.441,4,24,124.2,-0.7,858009,360,741
7/1/2012,0.035,0.0161,0.111,0.034,-0.0269,0.0874,0.0645,-0.0727,-0.1173,0.0706,-0.0648,-0.0398,0.0654,0.0141,0.0735,0.0524,-0.0423,-0.0392,0.0596,-0.0463,-0.1059,0.0495,-0.0444,0.1197,0.0427,0.0594,0.1084,0.082,134159,23.51,228.59,107.2,137.7,142.93,287.3,1,186.479,9,39,124.2,-1.6,858934,369,731
8/1/2012,0.0335,0.0471,0.1501,0.0005,-0.0413,0.093,0.0533,-0.0206,-0.1014,0.0007,-0.046,-0.0206,0.0123,0.0313,0.1208,0.0064,-0.0255,0.0236,-0.0054,-0.045,-0.0953,0.0222,-0.0117,0.1266,0.024,0.0644,0.135,0.081,134331,23.49,229.918,107.5,139.4,143.3,284.2,1,188.335,12,24,124.2,-0.7,862726,375,734
9/1/2012,-0.0078,0.0613,0.1492,0.0372,0.0729,0.2107,0.0222,0.1461,0.0394,0.0279,0.1012,0.1316,0.0049,0.0838,0.162,0.0069,0.0665,0.1168,0.0191,0.074,0.0108,0.0343,0.1097,0.2438,-0.045,0.0197,0.0692,0.078,134518,23.57,231.015,108.2,140.8,143.34,284.2,1,187.439,11,31,124.2,1.9,866588,385,833
10/1/2012,0.0093,0.0349,0.2157,0.0319,0.0708,0.3554,0.0347,0.1141,0.2784,0.0377,0.0673,0.3396,0.0371,0.0551,0.2779,0.0132,0.0268,0.2662,0.0378,0.052,0.2759,0.0161,0.0743,0.3221,0.0039,-0.0183,0.0842,0.078,134677,23.56,231.638,108.3,141.2,143.45,290.2,1,187.321,9,39,124.2,0.8,875366,358,907
11/1/2012,-0.0106,-0.0092,0.1615,-0.0141,0.0552,0.2155,-0.0308,0.025,0.0699,0.014,0.0815,0.2399,-0.0062,0.0357,0.2144,-0.0035,0.0167,0.1293,-0.0251,0.0311,0.0909,-0.0624,-0.0146,0.1425,0.017,-0.025,0.0786,0.077,134833,23.63,231.249,108.4,140.2,143.53,298.9,1,186.758,26,33,124.2,1.1,872052,392,825
12/1/2012,0.0155,0.0141,0.1267,0.0342,0.0521,0.2362,-0.0008,0.002,0.013,-0.0069,0.0449,0.241,0.0088,0.0397,0.1935,0.02,0.0298,0.1074,0.0194,0.0314,0.0719,0.0114,-0.0364,0.1487,-0.0459,-0.0259,0.0054,0.079,135072,23.73,231.221,108.4,139.4,144.28,304,1,185.555,18,21,124.2,1.3,871809,399,970
1/1/2013,-0.0169,-0.0123,0.0829,0.0105,0.0303,0.2183,0.0189,-0.0134,0.0333,0.0626,0.0701,0.2651,0.0084,0.0109,0.159,0.0375,0.0545,0.1253,0.0435,0.037,0.1218,0.0092,-0.043,0.145,0.0003,-0.0294,-0.0227,0.08,135263,23.76,231.679,108.7,140.1,144.64,306.3,1,185.196,18,35,123.4,-1.1,862722,446,881
2/1/2013,0.0486,0.0468,0.1542,0.0443,0.0912,0.2191,0.0659,0.0851,0.0901,0.0399,0.0974,0.232,0.0592,0.0775,0.1999,0.0416,0.1022,0.1049,0.0213,0.0864,0.0467,0.001,0.0217,0.0865,0.0379,-0.0094,0.0558,0.077,135541,23.77,232.937,108.9,141.3,144.79,308.9,0,185.678,18,15,123.4,1.3,873583,447,951
3/1/2013,0.021,0.0525,0.1398,-0.0006,0.0546,0.1646,-0.0049,0.0807,0.0289,-0.0006,0.1044,0.1797,0.0063,0.0749,0.1975,0.0094,0.0908,0.0917,-0.0252,0.0388,0.0282,-0.0054,0.0048,0.0134,0.0161,0.0549,0.0685,0.075,135680,23.81,232.282,108.9,141.2,145.05,303.4,0,187.978,24,27,123.4,-0.5,864510,444,999
4/1/2013,0.0483,0.1223,0.1658,0.0506,0.0964,0.177,0.0249,0.0872,0.1081,0.0424,0.0833,0.157,0.0604,0.1303,0.2225,0.0243,0.077,0.1168,0.0238,0.0193,0.0604,0.0275,0.023,0.005,0.0485,0.1058,0.1162,0.076,135871,23.87,231.797,108.7,140.2,145.37,304.1,0,187.354,18,23,123.9,-0.1,879728,441,828
5/1/2013,0.0292,0.1016,0.1963,0.0289,0.0802,0.1925,-0.0216,-0.0021,0.0871,0.0258,0.0687,0.21,0.0207,0.0891,0.2535,-0.012,0.0216,0.1156,0.0049,0.0028,0.0728,0.0152,0.0374,0.0322,0.0581,0.1272,0.1588,0.075,136093,23.89,231.893,108.6,139.4,145.38,310.3,0,186.845,16,44,123.9,0.9,888752,428,919
6/1/2013,-0.0181,0.0594,0.1999,0.0321,0.1156,0.3281,0.0412,0.0442,0.2959,0.067,0.1409,0.4498,0.0309,0.1158,0.3514,0.0609,0.0737,0.2863,0.0272,0.0567,0.2161,0.0306,0.0749,0.1548,-0.089,0.0107,0.059,0.075,136274,23.97,232.445,109,138.8,145.33,314.8,0,186.603,19,28,123.9,-0.7,899295,470,830
7/1/2013,-0.006,0.0045,0.1525,0.0087,0.0711,0.2956,-0.0249,-0.0066,0.1871,-0.0166,0.0764,0.3317,-0.013,0.0385,0.252,-0.0165,0.0309,0.2022,-0.0406,-0.0097,0.1011,-0.0278,0.0172,0.0698,-0.0019,-0.0379,0.0137,0.073,136386,23.98,232.9,109.2,138.9,145.89,320.5,0,186.364,13,32,123.9,2.1,917756,375,870
8/1/2013,0.0423,0.0174,0.1623,0.0546,0.0979,0.3657,0.0546,0.0707,0.1885,0.0556,0.1077,0.4049,0.0752,0.094,0.3297,0.0565,0.1024,0.262,0.0511,0.0358,0.1636,0.0363,0.0384,0.0846,0.046,-0.0488,0.0355,0.072,136628,24.03,233.456,109.3,139.4,146.28,321,0,187.404,22,28,123.9,0.6,929061,381,912
9/1/2013,-0.0459,-0.0115,0.1177,-0.0256,0.0366,0.2831,-0.0084,0.0197,0.153,-0.0488,-0.0126,0.3001,-0.0316,0.0277,0.2814,-0.0211,0.0172,0.2268,0.0069,0.0153,0.1496,-0.0128,-0.0054,0.0351,-0.0483,-0.0064,0.032,0.072,136815,24.06,233.544,109.3,139.8,146.34,325.3,0,187.006,13,19,123.9,-0.2,938121,403,840
10/1/2013,0.0023,-0.0033,0.1099,0.0389,0.0677,0.2918,0.0035,0.0494,0.1182,0.0137,0.0179,0.2701,0.0183,0.0603,0.2582,0.0434,0.0791,0.2633,0.0239,0.0836,0.1342,0.0171,0.0406,0.0362,0.0011,-0.0035,0.0291,0.072,137040,24.09,233.669,109.5,138.9,145.96,326.3,0,184.145,20,18,.,-0.7,951214,444,911
11/1/2013,0.0649,0.0183,0.1946,0.0513,0.0643,0.3775,0.0445,0.0394,0.2051,0.0316,-0.0053,0.2921,0.0446,0.0302,0.3226,0.0504,0.0729,0.3318,0.0431,0.0753,0.2135,0.0536,0.0579,0.1644,0.0355,-0.0135,0.0478,0.069,137304,24.16,234.1,109.7,137.7,146.51,326.3,0,184.809,21,22,.,1.3,964122,446,1088
12/1/2013,0.0158,0.0842,0.1949,0.0284,0.1233,0.3699,0.002,0.0502,0.2085,0.0457,0.0935,0.3605,0.0444,0.111,0.3694,0.0339,0.1332,0.3499,0.0151,0.0841,0.2084,0.0275,0.1012,0.183,-0.0191,0.0168,0.0772,0.067,137373,24.17,234.719,109.8,137.8,146.87,326.3,0,186.989,26,17,.,0.1,979211,433,989
1/1/2014,-0.0042,0.0772,0.2105,0.018,0.1007,0.3801,0.0168,0.0641,0.206,0.0144,0.0943,0.2988,0.0013,0.0924,0.3596,0.0318,0.1205,0.3425,0.0328,0.0935,0.196,0.0259,0.1107,0.2026,-0.0042,0.0115,0.0724,0.066,137548,24.21,235.288,110.1,138.3,146.85,326.3,0,187.071,17,35,125.4,1.2,986260,443,878
2/1/2014,-0.0499,-0.039,0.0967,-0.0591,-0.0149,0.2435,-0.0532,-0.0354,0.0712,-0.0357,0.0228,0.2044,0.0143,0.0607,0.3019,-0.0398,0.0242,0.2375,-0.0429,0.0034,0.1208,-0.0247,0.0281,0.1717,0.0332,0.0093,0.0676,0.067,137714,24.32,235.547,110.3,139.8,146.87,326.3,1,187.772,18,27,125.4,-1.1,988686,420,934
3/1/2014,0.0319,-0.0237,0.1084,0.0542,0.0098,0.3117,0.0459,0.0068,0.1259,0.0219,-0.0005,0.2314,0.0456,0.0619,0.3529,0.0319,0.0222,0.265,0.0621,0.0499,0.2212,0.0334,0.034,0.2174,0.0283,0.058,0.0805,0.067,137968,24.31,236.028,110.7,140.5,147.09,326.2,1,187.545,26,24,125.4,0.4,992669,405,961
4/1/2014,0.0238,0.0037,0.0826,-0.0189,-0.0268,0.2249,0.0226,0.0126,0.1233,0.0419,0.0266,0.2308,0,0.0606,0.2758,0.0204,0.011,0.2602,0.0171,0.034,0.2133,0.0145,0.0225,0.202,0.0295,0.0939,0.0609,0.062,138293,24.34,236.468,110.8,139.7,147.07,327.4,1,189.072,17,31,127.7,1.1,1005874,403,1034
5/1/2014,0.0265,0.0845,0.0797,-0.0153,0.0185,0.1724,0.0507,0.1238,0.2063,-0.0196,0.0437,0.1762,-0.0085,0.0367,0.2393,0.0082,0.0615,0.2859,0.0025,0.083,0.2105,0.0005,0.0489,0.1847,0.0417,0.1029,0.0445,0.063,138511,24.4,236.918,111,140.1,147.42,327.8,1,190.15,20,17,127.5,-0.3,1008219,451,996
6/1/2014,0.0183,0.0702,0.1198,0.0294,-0.0054,0.1694,0.0191,0.095,0.1807,0.0159,0.0377,0.12,0.0272,0.0184,0.2348,0.0208,0.0501,0.2372,0.0323,0.0527,0.2165,0.0395,0.0552,0.195,-0.0137,0.0578,0.1308,0.061,138837,24.44,237.231,110.9,140.5,147.53,327.7,1,189.474,24,73,127.5,3,1007404,418,897
7/1/2014,-0.006,0.0391,0.1198,0.0169,0.0308,0.1788,0.0519,0.1264,0.2736,0.0215,0.0174,0.1633,0.0223,0.0411,0.279,0.0007,0.0299,0.2589,0.011,0.0463,0.2819,0.0161,0.0568,0.2489,0.0373,0.0658,0.1752,0.062,139069,24.48,237.498,111.3,140.1,147.67,327.7,1,189.92,22,27,127.7,-1,1012845,402,1073
8/1/2014,-0.036,-0.0242,0.0356,-0.0181,0.0278,0.0976,-0.0398,0.0294,0.1597,-0.0193,0.0178,0.0808,-0.0049,0.0449,0.1837,-0.0447,-0.0242,0.1383,-0.0231,0.0195,0.1914,0.0107,0.0675,0.2179,-0.0699,-0.0484,0.045,0.061,139257,24.55,237.46,111.3,139,147.83,327.6,1,190.252,20,16,127.7,0.5,1015367,456,972
9/1/2014,0.0487,0.0049,0.1383,0.0479,0.0464,0.1804,0.0232,0.0335,0.1967,0.0483,0.0502,0.1912,0.053,0.0711,0.287,0.0472,0.0011,0.2177,0.0406,0.0277,0.2313,0.0378,0.0657,0.2804,0.0511,0.0141,0.1541,0.059,139566,24.56,237.477,111.1,137.9,147.78,327.5,1,190.462,26,25,128.5,-0.4,1019841,470,1004
10/1/2014,-0.0024,0.0085,0.133,-0.0336,-0.0055,0.098,-0.081,-0.0971,0.0959,-0.0132,0.0145,0.1595,0.0017,0.0496,0.266,-0.0214,-0.0211,0.1421,-0.0202,-0.004,0.1783,-0.0149,0.0333,0.2401,-0.022,-0.0439,0.1275,0.057,139818,24.58,237.43,111.3,136,148.33,326.5,1,191.21,33,31,129.3,1.4,1045556,476,1067
11/1/2014,0.0348,0.0826,0.101,0.0258,0.039,0.0714,-0.0345,-0.0922,0.013,0.0337,0.0694,0.1619,0.051,0.1086,0.2738,0.0436,0.0694,0.1346,-0.0218,-0.0027,0.105,0.0206,0.0434,0.2012,0.0769,0.107,0.1726,0.058,140109,24.65,236.983,111.1,133.5,148.4,326.5,1,189.242,43,25,129.3,-1.4,1045279,442,994
12/1/2014,0.0523,0.0863,0.1406,0.0489,0.0399,0.0928,-0.0925,-0.1948,-0.0825,0.0155,0.0359,0.1283,0.0295,0.0839,0.2556,0.026,0.0478,0.126,0.0122,-0.0299,0.1018,0.0443,0.05,0.2209,0.0086,0.0622,0.2056,0.056,140377,24.65,236.252,110.8,130.1,149.09,326.4,1,188.856,41,17,129.3,1.9,1056957,497,1049
1/1/2015,-0.0094,0.0788,0.1347,0.013,0.09,0.0874,-0.0083,-0.1311,-0.1051,0.0243,0.0753,0.1393,-0.0094,0.0719,0.2423,0.0023,0.0732,0.0939,-0.0088,-0.0186,0.0575,-0.0184,0.0463,0.1682,0.0383,0.1278,0.2571,0.057,140568,24.73,234.747,110.1,126,148.97,321.9,1,191.029,50,25,129.6,-0.2,1069804,515,1079
2/1/2015,-0.0105,0.0315,0.1818,-0.0325,0.028,0.1181,-0.0286,-0.1257,-0.0819,-0.072,-0.0347,0.0965,0.01,0.0301,0.2371,-0.0378,-0.0105,0.0962,-0.0173,-0.014,0.0857,-0.0377,-0.0136,0.1526,0.0134,0.0613,0.233,0.055,140839,24.78,235.342,109.6,125.5,147.95,321.8,0,189.289,64,18,128.7,0.5,1082913,540,876
3/1/2015,0.0403,0.0198,0.1914,0.0834,0.0617,0.149,0.0311,-0.0067,-0.0948,0.0559,0.0037,0.133,0.0442,0.0448,0.2354,0.0532,0.0157,0.1188,0.079,0.051,0.103,0.0799,0.0201,0.2045,-0.0644,-0.0155,0.1219,0.054,140910,24.84,235.976,109.8,125.3,148.88,321.7,0,188.025,62,19,128.7,1.7,1096842,480,953
4/1/2015,-0.0266,0.0021,0.1328,-0.011,0.0365,0.1582,-0.0131,-0.0114,-0.1264,-0.0127,-0.0326,0.0737,0.0008,0.0556,0.2364,-0.0344,-0.0215,0.0588,-0.0511,0.0062,0.0291,-0.0407,-0.0031,0.1389,-0.0199,-0.0707,0.068,0.054,141194,24.89,236.222,109.6,125.1,149.02,322.4,0,187.608,44,34,137.6,-0.9,1124063,502,1181
5/1/2015,-0.0035,0.0091,0.0997,0.0068,0.0787,0.1841,0.0633,0.0821,-0.1159,0.0087,0.0516,0.1047,-0.0045,0.0403,0.2414,0.0045,0.0216,0.0549,0.0378,0.0626,0.0653,0.0328,0.0699,0.1756,-0.0041,-0.0867,0.0211,0.056,141525,24.96,237.001,110,126.5,149.37,322.3,0,186.976,41,24,137.6,0.7,1146611,502,1070
6/1/2015,0.007,-0.0232,0.0874,0.009,0.0046,0.1606,-0.0504,-0.0034,-0.1762,0.0194,0.0152,0.1085,0.0439,0.04,0.2616,0.0018,-0.0283,0.0353,0,-0.0151,0.0319,0.0182,0.0088,0.1515,0.0113,-0.0128,0.0469,0.053,141699,24.98,237.657,110.3,126.6,151.72,322.3,0,187.081,52,22,137.6,0.3,1165374,480,1193
7/1/2015,-0.0198,-0.0164,0.0723,0.01,0.0259,0.1527,-0.0417,-0.0324,-0.2495,0.0012,0.0295,0.0864,-0.0028,0.0363,0.2307,-0.0248,-0.0187,0.0089,-0.0367,-0.0002,-0.0167,-0.0424,0.007,0.0852,-0.0697,-0.063,-0.0611,0.052,142001,25,238.034,110.5,125.4,151.87,322.2,0,186.557,54,20,137.8,0.8,1160162,506,1136
8/1/2015,0.0497,0.036,0.1676,0.038,0.0577,0.2186,-0.0886,-0.1706,-0.2877,0.0182,0.0392,0.128,0.0201,0.0619,0.2616,-0.0088,-0.0317,0.0468,-0.0606,-0.095,-0.0544,0.0189,-0.0065,0.0941,0.0612,-0.0016,0.0713,0.051,142126,25.1,238.033,110.3,123.2,151.81,322.2,0,186.629,93,23,137.2,0.3,1171227,518,1124
9/1/2015,-0.0781,-0.0515,0.0263,-0.0839,-0.0397,0.0652,-0.06,-0.179,-0.3456,-0.0904,-0.0728,-0.0213,-0.1047,-0.0893,0.0727,-0.0722,-0.1032,-0.0726,-0.0804,-0.1678,-0.1643,-0.0747,-0.0972,-0.0245,-0.0465,-0.0587,-0.0282,0.05,142281,25.11,237.498,109.9,121.9,152.22,322.1,0,187.449,68,20,137.4,-0.8,1167658,456,1209
10/1/2015,0.0183,-0.0146,0.0477,0.0131,-0.0367,0.1166,-0.0394,-0.177,-0.316,-0.0122,-0.0852,-0.0203,-0.0328,-0.1167,0.0357,-0.0078,-0.0875,-0.0596,-0.0507,-0.1799,-0.1903,0.003,-0.0543,-0.0068,0.0331,0.0453,0.0265,0.05,142587,25.19,237.733,109.6,121.5,152.34,322,0,189.321,87,21,137.4,-0.3,1158638,482,1047
11/1/2015,0.057,-0.0078,0.0701,0.0937,0.015,0.1904,0.091,-0.0149,-0.227,0.0658,-0.0424,0.01,0.0807,-0.0642,0.065,0.0895,0.003,-0.0183,0.1315,-0.0122,-0.0634,0.1071,0.0275,0.0774,0.0076,-0.0075,-0.0395,0.051,142824,25.24,238.017,109.7,120.8,152.96,321.8,0,188.899,76,27,137.4,0.9,1156239,504,1161
12/1/2015,-0.0078,0.0679,0.009,-0.0005,0.1074,0.1344,0.0068,0.0552,-0.1425,0.0211,0.075,0.0157,-0.0038,0.0414,0.0306,0.0088,0.0906,-0.0347,0.009,0.0838,-0.0663,0.0094,0.1209,0.0413,-0.0183,0.0219,-0.0651,0.05,143097,25.27,237.761,109.6,119.3,152.67,321.7,0,189.053,74,18,137.4,1.6,1163964,546,1133
1/1/2016,0.0063,0.0553,0.0249,-0.0547,0.0334,0.0586,-0.1163,-0.0294,-0.2359,-0.0531,0.0305,-0.0611,-0.0099,0.066,0.03,-0.0484,0.046,-0.0835,-0.0664,0.0659,-0.1206,-0.0471,0.0648,0.0108,0.0026,-0.0083,-0.0973,0.049,143170,25.36,237.827,110,117.8,153.05,321.7,0,189.48,72,24,137.9,-2,1177837,509,1095
2/1/2016,0.0165,0.0148,0.0528,-0.0404,-0.0933,0.05,-0.0485,-0.1535,-0.2516,-0.0737,-0.1044,-0.0629,-0.0671,-0.0799,-0.0487,-0.0484,-0.0864,-0.0936,-0.0976,-0.1499,-0.1925,-0.0235,-0.0608,0.0257,0.0507,0.0341,-0.0642,0.049,143433,25.38,237.514,109.7,117.2,153.22,321.6,0,188.763,93,18,137.9,2.8,1182838,515,1193
3/1/2016,0.0111,0.0341,0.0232,0.0191,-0.0755,-0.0122,-0.0045,-0.163,-0.2775,-0.0176,-0.1383,-0.1281,0.0088,-0.0683,-0.081,0.0553,-0.0444,-0.0918,0.0973,-0.0756,-0.1788,0.0061,-0.0639,-0.0444,0.0294,0.0843,0.0296,0.05,143662,25.45,237.99,109.7,117.7,153.53,321.6,0,189.048,84,30,137.9,-1,1205835,526,1096
4/1/2016,0.0318,0.0604,0.0846,0.0467,0.0237,0.0455,0.0674,0.011,-0.2186,0.0541,-0.0407,-0.069,0.0135,-0.0462,-0.0694,0.0539,0.0583,-0.0088,0.0518,0.0414,-0.0898,0.0661,0.0473,0.062,0.0619,0.1485,0.1156,0.05,143849,25.53,238.835,109.8,118.5,153.8,321.5,0,188.399,67,30,137.9,0.8,1201301,571,1151
5/1/2016,-0.0074,0.0355,0.0803,0.0104,0.0779,0.0493,0.1079,0.1771,-0.1858,0.042,0.0791,-0.0383,0.0359,0.0591,-0.0316,0.0203,0.1347,0.0068,0.0629,0.2267,-0.0678,-0.0415,0.028,-0.0145,-0.0196,0.0717,0.0981,0.048,143891,25.58,239.44,110.1,119.9,154.2,321.4,0,189.236,58,32,137.9,1.2,1205015,560,1113
6/1/2016,0.0048,0.0291,0.0779,-0.0069,0.0503,0.0327,-0.0172,0.1622,-0.1574,0.0107,0.1102,-0.0465,0.0173,0.068,-0.0563,-0.0114,0.0631,-0.0064,-0.0093,0.1076,-0.0765,0.0431,0.0658,0.0096,0.0142,0.0559,0.1013,0.049,144158,25.63,240.144,110.6,120.7,154.2,321.4,0,188.244,51,19,137.9,0.9,1226699,558,1188
7/1/2016,0.0484,0.0456,0.153,-0.0093,-0.0059,0.0131,0.0293,0.1207,-0.0949,-0.0344,0.017,-0.0804,0.0104,0.0647,-0.0438,0.0072,0.016,0.0262,-0.0109,0.0416,-0.0518,-0.0145,-0.0148,0.039,0.0737,0.0676,0.271,0.048,144512,25.7,240.111,110.5,120.8,154.24,321.4,0,188.395,66,27,137.9,0.2,1224739,639,1235
8/1/2016,-0.0107,0.0421,0.0867,0.0445,0.0277,0.0195,-0.0201,-0.0088,-0.027,0.0395,0.0146,-0.0611,0.0473,0.0765,-0.0183,0.0339,0.0295,0.0704,0.0507,0.0296,0.0606,0.0703,0.1002,0.0914,-0.0146,0.0731,0.1802,0.049,144647,25.72,240.595,110.3,120.5,154.62,326.9,0,189.917,74,25,137.9,0.2,1226469,584,1144
9/1/2016,-0.0091,0.0277,0.168,-0.0119,0.0226,0.0997,0.0214,0.0302,0.0573,0.0401,0.0441,0.0737,-0.0333,0.0229,0.06,0.0131,0.055,0.1689,0.0004,0.0397,0.1537,0.0114,0.0668,0.193,-0.0556,-0.0008,0.169,0.05,144916,25.77,241.068,110.7,120.6,154.81,326.9,0,189.021,67,38,137.9,1.8,1234396,567,1050
10/1/2016,-0.0192,-0.0386,0.1249,-0.0114,0.0203,0.0731,0.0368,0.0377,0.1412,-0.038,0.0402,0.0457,-0.0133,-0.0011,0.0813,-0.0083,0.0387,0.1682,-0.0191,0.0311,0.1921,0.0143,0.0979,0.2063,-0.0018,-0.0711,0.1295,0.049,145061,25.88,241.641,110.9,121.2,154.91,326.9,0,188.516,82,36,137.9,-0.5,1249011,577,1308
11/1/2016,-0.006,-0.034,0.0579,-0.0179,-0.0407,-0.0364,-0.0226,0.035,0.0223,0.0296,0.0303,0.0102,-0.0612,-0.1046,-0.0606,-0.0162,-0.0116,0.0549,-0.0195,-0.0378,0.0331,-0.0027,0.023,0.0867,0.0057,-0.0519,0.1274,0.047,145212,25.91,241.993,111.1,121.1,155.51,327.3,0,188.081,80,18,137.9,1,1270727,571,1137
12/1/2016,-0.0456,-0.0696,0.0176,0.0444,0.014,0.0069,0.0966,0.1113,0.1135,0.1424,0.1315,0.1301,0.0212,-0.054,-0.0371,0.092,0.0654,0.1419,0.0696,0.0287,0.0951,-0.0017,0.0098,0.0748,-0.0594,-0.0558,0.0801,0.047,145442,25.94,242.712,111.4,121.6,155.61,338.3,0,188.833,74,26,137.9,-3.4,1279177,561,1260
1/1/2017,0.027,-0.0258,0.0385,0.0033,0.0291,0.0686,0.004,0.0761,0.2651,0.0433,0.2271,0.2452,0.007,-0.0345,-0.0206,0.0024,0.077,0.2028,-0.0056,0.0429,0.1664,0.0259,0.0214,0.1572,0.0462,-0.0104,0.1271,0.047,145627,26,243.717,111.9,122.3,155.98,340.9,0,188.098,106,53,137.9,2.7,1262209,585,1197
2/1/2017,0.0114,-0.0087,0.0334,0.0356,0.0852,0.1532,-0.0371,0.0602,0.2804,-0.0051,0.1858,0.3375,0.0175,0.0463,0.0682,0.0128,0.1086,0.2801,0.0423,0.1086,0.3473,0.0384,0.0636,0.2306,0.0087,-0.0075,0.0821,0.046,145815,26.08,244.028,111.9,122.7,156.07,340.9,0,186.781,78,30,137.9,-0.5,1288089,597,1274
3/1/2017,0.0533,0.0941,0.0765,0.0274,0.0675,0.1626,-0.0171,-0.0497,0.2643,0.0647,0.1052,0.4495,0.0698,0.096,0.1327,0.0465,0.0624,0.2694,0.0152,0.0523,0.2466,0.0421,0.1102,0.2747,0.0431,0.1007,0.0965,0.044,145944,26.11,243.721,112.1,122.5,156.5,340.9,0,184.866,93,25,137.9,0.5,1281815,631,1170
4/1/2017,-0.0085,0.0562,0.0344,0.0076,0.072,0.1191,-0.0282,-0.0801,0.1511,-0.0496,0.0068,0.3069,-0.0133,0.074,0.1028,-0.0202,0.0384,0.1802,-0.0057,0.0522,0.1785,0.0131,0.0964,0.2114,0.0055,0.0579,0.0382,0.044,146141,26.17,244.058,112.5,122.8,156.6,340.9,0,187.727,68,20,140,1.5,1275303,589,1146
5/1/2017,0.011,0.0558,0.0536,0.0261,0.0623,0.1365,-0.0313,-0.0746,0.0065,-0.005,0.0068,0.2479,0.016,0.0725,0.0817,0.0214,0.0473,0.1814,0.017,0.0266,0.1275,0.0229,0.0799,0.2928,0.0099,0.0593,0.0696,0.044,146296,26.21,243.926,112.6,122.7,156.56,340,0,186.041,87,22,141.6,0.3,1285076,613,1116
6/1/2017,0.0262,0.0287,0.0761,0.0113,0.0456,0.1573,-0.0347,-0.0912,-0.0113,-0.0114,-0.0652,0.2206,0.0077,0.0102,0.0714,0.0184,0.0191,0.217,-0.0051,0.0061,0.1323,0.0379,0.0756,0.2863,0.0363,0.0523,0.0928,0.043,146512,26.27,244.179,112.6,122.4,156.51,350.3,0,186.337,79,28,141.7,-0.1,1274918,620,1227
7/1/2017,-0.0305,0.0059,-0.0049,-0.0153,0.0218,0.1502,-0.0049,-0.0694,-0.0442,0.0612,0.0438,0.3413,0.0433,0.0681,0.1063,0.0106,0.0512,0.2211,0.0168,0.0288,0.164,-0.03,0.0298,0.2661,-0.0309,0.0142,-0.0136,0.043,146727,26.36,244.328,112.7,122.2,157.14,350.8,0,186.624,96,28,141.7,-0.1,1276001,565,1197
8/1/2017,0.0073,0.0022,0.0132,0.0195,0.0152,0.1226,0.0232,-0.0171,-0.0019,0.0181,0.0681,0.3137,0.0084,0.0602,0.0652,-0.0007,0.0284,0.1802,0.0172,0.0291,0.1269,0.0455,0.0526,0.2368,0.0242,0.0286,0.0252,0.044,146911,26.38,245.304,113.1,122.9,157.89,351.1,0,186.852,69,25,141.7,0.8,1267435,560,1147
9/1/2017,-0.0101,-0.0333,0.0122,-0.019,-0.0152,0.1146,-0.0539,-0.0367,-0.0755,-0.021,0.0577,0.2365,0.0153,0.0682,0.1189,0.0035,0.0134,0.169,0.0071,0.0417,0.1345,0.0266,0.0411,0.2554,0.0328,0.0251,0.1212,0.042,146929,26.51,246.445,113.5,123.9,157.72,351.1,0,186.495,70,35,145,0.2,1273595,638,1163
10/1/2017,-0.0153,-0.0182,0.0162,0.0033,0.0034,0.1312,0.0742,0.0399,-0.0421,0.0437,0.0403,0.3415,0.0069,0.0309,0.1418,0.0344,0.0373,0.2194,0.0266,0.0517,0.1873,0.0046,0.0783,0.2434,-0.0369,0.0188,0.0818,0.041,147196,26.48,246.57,113.9,124.1,157.87,348.9,0,186.657,58,31,145,1.7,1277708,627,1244
11/1/2017,-0.0137,-0.0386,0.0083,0.0233,0.0072,0.1787,0.0084,0.0249,-0.0117,0.0349,0.0574,0.3483,-0.0088,0.0133,0.2055,0.011,0.0494,0.2531,0.0453,0.0807,0.2657,0.0675,0.101,0.331,0.0413,0.0358,0.1201,0.042,147421,26.55,247.333,114.3,125.3,157.64,349,0,189.402,75,31,145,-0.1,1300051,712,1290
12/1/2017,0.0505,0.0202,0.1099,0.0462,0.0741,0.1806,0.0186,0.1034,-0.082,0.0318,0.1144,0.2179,0.0268,0.0248,0.2121,0.0367,0.0841,0.1895,0.0062,0.0798,0.1908,0.0032,0.0758,0.3375,0.0286,0.0316,0.225,0.041,147551,26.64,247.847,114.3,125.5,157.99,347.6,0,187.64,94,27,145,-0.5,1313781,657,1184
1/1/2018,0.0182,0.055,0.1005,0.0265,0.0989,0.2079,0.0435,0.0719,-0.0459,0.0192,0.0883,0.1898,-0.0053,0.0124,0.1974,0.0207,0.0697,0.2112,0.0198,0.0726,0.2212,0.012,0.0837,0.3193,-0.0725,-0.0066,0.086,0.041,147672,26.71,248.816,114.8,126.5,158.74,347.6,0,188.142,105,51,145,1.5,1348653,622,1300
2/1/2018,0.0114,0.0819,0.1005,0.081,0.1609,0.2609,0.0321,0.097,0.0226,0.0566,0.1112,0.2635,0.0575,0.0801,0.2445,0.0435,0.1041,0.248,0.0273,0.0541,0.2035,0.0621,0.0783,0.3494,-0.0321,-0.0766,0.0421,0.041,148078,26.75,249.475,115.1,126.8,158.99,347.3,1,187.218,99,29,145,0,1373812,637,1283
3/1/2018,-0.075,-0.0474,-0.0336,-0.0276,0.079,0.1934,-0.1105,-0.042,-0.0745,-0.027,0.0479,0.1547,-0.043,0.0067,0.1133,-0.0321,0.0309,0.1543,-0.0466,-0.0012,0.1303,0.0019,0.0769,0.2973,-0.0357,-0.1344,-0.0366,0.04,148254,26.84,249.413,115.4,126.5,159.52,347.3,1,187.094,86,31,145,1,1358387,662,1318
4/1/2018,-0.0152,-0.0787,-0.0401,-0.0336,0.0158,0.1446,0.0072,-0.0753,-0.0409,-0.0454,-0.0185,0.1599,-0.0349,-0.0233,0.0889,-0.034,-0.0244,0.138,-0.0478,-0.0674,0.0824,-0.0464,0.0148,0.2211,0.0297,-0.0389,-0.0134,0.04,148391,26.91,249.957,115.5,127.1,160.21,351.3,1,188.364,78,33,146.2,0.2,1362805,637,1263
5/1/2018,-0.0421,-0.1274,-0.0905,0.0266,-0.0353,0.1451,0.0937,-0.0201,0.0829,-0.0065,-0.0772,0.1581,0.0136,-0.0638,0.0863,-0.0265,-0.0898,0.0847,-0.0009,-0.0929,0.0634,0.0032,-0.0415,0.1977,0.0186,0.0114,-0.005,0.038,148669,26.98,250.64,116,128.2,160.53,357,1,188.045,65,33,146.2,0.6,1362246,657,1323
6/1/2018,-0.0092,-0.0653,-0.1218,0.0277,0.0196,0.1637,0.0387,0.1441,0.1651,0.0044,-0.0474,0.1766,0.0071,-0.0149,0.0857,0.0383,-0.0236,0.1059,0.0337,-0.0166,0.1048,0.0765,0.0299,0.2422,-0.0136,0.0346,-0.0529,0.04,148888,27.04,251.176,116.3,128.2,161.78,362,1,186.379,69,35,146.2,-0.5,1341076,613,1178
7/1/2018,0.0301,-0.0223,-0.0669,0.0216,0.0778,0.2073,-0.0114,0.123,0.1575,-0.0414,-0.0435,0.0629,0.0031,0.0239,0.0439,-0.0508,-0.0405,0.0387,-0.0164,0.0159,0.0688,-0.0213,0.0569,0.2533,0.0222,0.0271,-0.001,0.038,149024,27.11,251.482,116.5,128.1,161.87,362.3,1,186.493,69,42,146.2,0.5,1333714,617,1184
8/1/2018,0.0411,0.0627,-0.0356,0.0264,0.0776,0.2155,0.0138,0.041,0.1469,0.0667,0.027,0.1136,0.0708,0.0818,0.1085,0.0782,0.0627,0.1208,0.0338,0.0511,0.0862,0.0372,0.0927,0.2433,0.0096,0.018,-0.0152,0.038,149268,27.22,251.905,116.5,127.6,161.73,362.5,1,185.514,78,17,146.2,-0.8,1332656,598,1274
9/1/2018,0.0056,0.0785,-0.0202,0.0489,0.0999,0.2997,-0.0218,-0.0197,0.1857,0.005,0.0276,0.1431,0.043,0.1204,0.1387,0.0023,0.0259,0.1195,-0.0082,0.0085,0.0697,0.0535,0.0693,0.2759,0.0198,0.0525,-0.0276,0.037,149348,27.31,252.261,116.7,127.7,161.87,363.4,1,185.224,79,23,146.2,1.5,1316355,596,1234
10/1/2018,0.0056,0.0528,0.0006,0.0092,0.0866,0.3074,0.0166,0.0081,0.1221,-0.0187,0.052,0.0748,0.0303,0.1507,0.1652,0.0332,0.1166,0.1182,-0.0145,0.0104,0.0268,0.0074,0.1008,0.2795,-0.0194,0.0096,-0.01,0.038,149549,27.36,252.777,117.5,128.3,162.77,363.4,1,184.692,74,31,146.2,0.1,1301777,552,1205
11/1/2018,0.0207,0.0322,0.0355,-0.1027,-0.0501,0.1464,-0.1147,-0.1197,-0.0149,-0.0501,-0.0633,-0.0135,-0.0682,0.0014,0.0954,-0.1158,-0.0843,-0.022,-0.0803,-0.1012,-0.0966,-0.0846,-0.0284,0.0972,0.0244,0.0244,-0.0261,0.037,149683,27.44,252.662,117.4,126.2,162.93,361.8,1,184.545,67,20,146.2,0.6,1287767,614,1195
12/1/2018,0.0241,0.0512,0.0095,0.0417,-0.0567,0.1415,0.0048,-0.0957,-0.0283,0.0383,-0.0322,-0.0073,0.0765,0.0335,0.1484,0.0533,-0.0378,-0.0063,0.0405,-0.057,-0.0659,0.0035,-0.0746,0.0976,0.0305,0.0351,-0.0243,0.039,149865,27.54,252.653,117.3,124.4,163.66,361.8,1,184.126,85,22,146.2,-0.1,1289604,564,1107
1/1/2019,-0.1102,-0.0698,-0.1178,-0.117,-0.1746,-0.0181,-0.1653,-0.2576,-0.2228,-0.1422,-0.1539,-0.1645,-0.1109,-0.1082,0.0264,-0.1414,-0.2004,-0.1641,-0.1069,-0.1454,-0.1819,-0.1282,-0.1992,-0.0545,-0.0487,0.0042,0.0008,0.04,150134,27.58,252.55,117,124.6,163.86,361.5,1,184.632,83,33,146.2,-0.1,1314616,637,1260
2/1/2019,0.0659,-0.0287,-0.0703,0.1082,0.0194,0.0066,0.1423,-0.0421,-0.1398,0.1069,-0.014,-0.1247,0.0657,0.02,0.0344,0.1343,0.0258,-0.0914,0.0711,-0.0047,-0.147,0.0922,-0.0445,-0.0277,0.0345,0.0141,0.0696,0.038,150135,27.69,253.181,117.2,125.9,164.32,361.5,0,183.43,85,19,146.2,0.2,1324229,665,1124
3/1/2019,0.0177,-0.0347,0.0229,0.0302,0.0082,0.0665,0.0175,-0.0299,-0.016,0.0296,-0.0223,-0.0738,0.0159,-0.0375,0.098,0.0685,0.0406,0.003,0.0399,-0.0052,-0.0696,0.0771,0.0256,0.0452,0.0458,0.0292,0.1601,0.038,150282,27.76,254.095,117.7,126.6,164.54,361.8,0,182.898,75,24,146.2,0.8,1337504,700,1191
4/1/2019,0.0316,0.119,0.0715,0.0329,0.1793,0.1399,0.0146,0.1793,-0.0088,-0.031,0.1044,-0.0598,0.001,0.0837,0.1388,-0.0155,0.1932,0.0223,0.0079,0.1227,-0.0152,0.0462,0.2308,0.1467,0.02,0.1036,0.1492,0.036,150492,27.81,254.943,118.2,126.8,164.41,360.8,0,183.312,88,23,147.2,-0.4,1356014,664,1262
5/1/2019,0.0277,0.079,0.1496,0.0479,0.1152,0.1636,-0.0065,0.0257,-0.0995,0.0822,0.0797,0.0241,-0.0317,-0.0154,0.0879,0.0334,0.0871,0.0851,0.0293,0.079,0.0146,0.064,0.1989,0.2162,0.0064,0.0735,0.1354,0.036,150577,27.87,255.167,118.4,127,164.4,360.8,0,182.107,87,35,148.3,-0.1,1352895,600,1260
6/1/2019,-0.0362,0.0218,0.1183,-0.0798,-0.004,0.0419,-0.1052,-0.098,-0.2243,-0.0742,-0.0292,-0.056,-0.0226,-0.0527,0.0558,-0.0808,-0.0648,-0.0393,-0.0805,-0.046,-0.0974,-0.0943,0.0081,0.0232,-0.0017,0.0247,0.149,0.037,150759,27.96,255.402,118.2,125.6,164.71,360.8,0,182.115,96,24,148.3,1.1,1354080,726,1223
7/1/2019,0.0481,0.0382,0.1378,0.0907,0.0518,0.1124,0.0901,-0.0309,-0.1447,0.0751,0.0772,0.0588,0.0688,0.0115,0.1249,0.0851,0.0308,0.0982,0.114,0.0544,0.0222,0.1088,0.0684,0.1591,0.021,0.0258,0.1477,0.037,150953,28.05,256.087,118.5,125.6,165.53,360.8,0,183.13,95,45,148.3,0.4,1366042,661,1208
8/1/2019,0.0211,0.0315,0.1159,0.002,0.0057,0.0859,-0.0386,-0.0623,-0.1889,0.0111,0.0064,0.0036,-0.0238,0.0198,0.0255,-0.0047,-0.0073,0.0137,-0.0112,0.0129,-0.0223,0.0135,0.0177,0.1327,-0.0037,0.0155,0.1326,0.037,151160,28.16,256.294,118.6,124.9,166.2,363.4,0,184.129,87,31,148.3,0.6,1378956,706,1368
9/1/2019,0.0144,0.0857,0.1257,-0.016,0.0754,0.0187,-0.0881,-0.0443,-0.2438,-0.0542,0.0281,-0.0555,-0.0118,0.031,-0.0284,-0.034,0.0432,-0.023,-0.0347,0.0633,-0.0484,-0.0252,0.0954,0.0481,0.0523,0.0705,0.1687,0.035,151368,28.16,256.593,118.3,125,166.36,362.8,0,183.76,86,37,148.3,-0.4,1393304,726,1262
10/1/2019,0.0164,0.0528,0.1378,0.0166,0.0022,0.026,0.0504,-0.0791,-0.2186,0.0536,0.0075,0.0141,0.0033,-0.0321,-0.0538,0.0382,-0.0018,-0.0183,0.0363,-0.0109,0.0007,0.0256,0.0133,0.067,0.0313,0.0813,0.2292,0.036,151553,28.24,257.229,118.7,124.5,166.83,363,0,183.061,103,31,148.3,-0.4,1386826,706,1330
11/1/2019,-0.0029,0.028,0.1114,0.0041,0.0043,0.1481,-0.0194,-0.0606,-0.1345,0.0281,0.0244,0.0975,0.0541,0.0451,0.0703,0.0148,0.0178,0.1267,0.0034,0.0038,0.0918,0.0378,0.0376,0.2097,-0.0036,0.0814,0.1956,0.035,151814,28.34,257.824,118.6,124.7,167.6,363,0,182.375,122,38,148.3,1.1,1405510,696,1361
12/1/2019,0.01,0.0235,0.096,0.0088,0.0297,0.1119,0.0144,0.0449,-0.1261,0.0443,0.1311,0.1038,0.0465,0.1068,0.0405,0.0376,0.0932,0.1099,0.0248,0.0656,0.0753,0.0506,0.1183,0.2665,-0.024,0.003,0.1325,0.035,151998,28.37,258.444,118.9,125,168.08,362.9,0,178.974,119,43,148.3,0.5,1410267,731,1568
1/1/2020,0.0197,0.0269,0.256,0.0299,0.0432,0.2969,0.0228,0.0175,0.0709,0.0228,0.0981,0.3161,0.0249,0.1306,0.1995,0.0002,0.0531,0.2929,0.0315,0.0607,0.2421,0.0488,0.1435,0.5236,0.0316,0.0033,0.228,0.036,152212,28.43,258.82,119.2,125.2,169.22,359.9,0,179.656,137,45,148.3,1,1437719,774,1612
2/1/2020,0.0049,0.0349,0.1841,-0.0015,0.0375,0.1685,-0.117,-0.0838,-0.1722,-0.0233,0.0432,0.1613,-0.0229,0.048,0.0997,-0.0061,0.0315,0.133,-0.0644,-0.0109,0.085,0.0318,0.1369,0.4393,0.0674,0.0747,0.267,0.035,152463,28.52,259.05,118.6,124.3,169.76,359.7,0,181.381,118,59,148.6,0.6,1441145,716,1564
3/1/2020,-0.0836,-0.0609,0.0662,-0.0781,-0.0519,0.0456,-0.1328,-0.2168,-0.2945,-0.117,-0.1179,-0.0041,-0.072,-0.0707,0.0046,-0.0932,-0.0985,-0.0385,-0.08,-0.1121,-0.0402,-0.0574,0.02,0.2596,-0.0954,-0.004,0.0959,0.044,151090,28.69,257.953,118.1,121.3,169.9,359.1,0,181.669,213,42,148.6,17,1436727,612,1266
4/1/2020,-0.0881,-0.1602,-0.0575,-0.1879,-0.2524,-0.1779,-0.3924,-0.5347,-0.5775,-0.2598,-0.3616,-0.2392,-0.0758,-0.162,-0.0725,-0.2376,-0.3129,-0.2554,-0.1847,-0.2982,-0.2237,-0.1375,-0.1612,0.0384,-0.1485,-0.1778,-0.0851,0.147,130303,30.03,255.902,116.6,118.2,169.9,358.9,0,180.95,753,51,148.6,-7.4,1387936,570,932
5/1/2020,0.0934,-0.0863,0.0028,0.1979,-0.1032,-0.0603,0.3236,-0.3026,-0.4372,0.1283,-0.2625,-0.2068,0.1515,-0.0124,0.103,0.1188,-0.2265,-0.1939,0.1749,-0.1188,-0.1139,0.1522,-0.0633,0.1245,0.0633,-0.1809,-0.0333,0.133,133028,29.7,255.768,117.2,119,170.17,358.9,0,179.553,260,43,148.6,8.6,1369363,698,1035
6/1/2020,0.0228,0.0198,0.0641,0.1002,0.0702,0.1235,0.0398,-0.1638,-0.346,0.0562,-0.1179,-0.0951,0.0382,0.1049,0.1717,0.0717,-0.0859,-0.0602,0.0881,0.0423,0.0486,0.0907,0.0839,0.3543,0.0544,-0.0453,0.021,0.111,137809,29.32,257.214,117.5,120.6,172.08,358.9,0,178.426,133,43,148.6,0,1383647,840,1263
7/1/2020,-0.0086,0.1087,0.0065,0.0286,0.3555,0.0595,-0.0181,0.3514,-0.4109,-0.0111,0.1785,-0.1676,-0.0178,0.1743,0.0768,0.0263,0.2306,-0.1111,0.0169,0.3001,-0.0428,0.0723,0.3476,0.3098,-0.0535,0.0613,-0.0535,0.102,139570,29.35,258.723,118,122.1,174.74,358.9,0,179.374,145,47,148.6,-0.9,1398952,965,1477
8/1/2020,0.0677,0.0827,0.0525,0.0747,0.2161,0.1363,-0.0521,-0.0322,-0.4191,0.0383,0.0845,-0.1452,0.0562,0.0771,0.165,0.0352,0.1386,-0.0754,0.0755,0.1901,0.0412,0.0705,0.252,0.3834,0.0763,0.0742,0.0225,0.084,141063,29.45,259.681,118.4,123.1,174.26,358.9,0,179.164,128,22,148.6,2.2,1410438,994,1361
9/1/2020,0.0453,0.1065,0.0845,0.0931,0.2082,0.2623,-0.0147,-0.0829,-0.3724,0.0332,0.0609,-0.0663,0.0182,0.0563,0.2004,0.0799,0.1473,0.0336,0.0382,0.1356,0.1198,0.1137,0.2784,0.5806,-0.0285,-0.0102,-0.0559,0.079,141735,29.46,260.209,118.9,123.3,174.75,358.9,0,177.631,97,27,150.4,-0.7,1414027,959,1440
