Date,CS_Mnth,CS_Qtr,CS_Ann,CD_Mnth,CD_Qtr,CD_Ann,Enrgy_Mnth,Enrgy_Qtr,Enrgy_Ann,Fncl_Mnth,Fncl_Qtr,Fncl_Ann,HlthC_Mnth,HlthC_Qtr,HlthC_Ann,Indstrl_Mnth,Indstrl_Qtr,Indstrl_Ann,Mtrls_Mnth,Mtrls_Qtr,Mtrls_Ann,Tech_Mnth,Tech_Qtr,Tech_Ann,Util_Mnth,Util_Qtr,Util_Ann,Unempl,Jobs_Non-Farm (000s),Hrly_Wages,CPI_urban,PPI_Commodity,Imp_Exp _Indx,haircut_price,cardboard_pice,Superbowl,Cosmetics_index,bodies,unidentified_bodies,underwear,beer_prct_change
1998-12-01,,,,,,,,,,,,,,,,,,,,,,,,,,,,0.044000000000000004,127596,,164.4,,91.0,102.7,166.5,AFC,160.8,2.0,17.0,,0.8
1999-01-01,0.057999999999999996,,,0.0333,,,-0.0013,,,-0.0127,,,0.0579,,,0.0599,,,0.0556,,,0.0077,,,-0.0077,,,0.043,127702,,164.7,,91.3,103.0,165.0,AFC,162.1,3.0,24.0,,-1.1
1999-02-01,-0.0143,,,0.055,,,-0.0631,,,0.0337,,,0.0429,,,-0.0038,,,-0.0299,,,0.1684,,,-0.012,,,0.044000000000000004,128120,,164.7,,91.2,103.3,164.5,AFC,162.1,1.0,17.0,,0.6
1999-03-01,-0.0208,0.0211,,-0.0136,0.0753,,-0.0064,-0.0704,,0.0078,0.0286,,-0.0057,0.09699999999999999,,-0.0013,0.0545,,0.0,0.0241,,-0.1188,0.0376,,-0.0411,-0.0599,,0.042,128227,,164.8,,91.5,103.7,164.6,AFC,163.6,1.0,16.0,,-0.6
1999-04-01,0.0112,-0.024,,0.0563,0.0992,,0.1363,0.0577,,0.0311,0.0742,,0.0287,0.0667,,0.0204,0.0152,,0.0235,-0.0071,,0.1152,0.1483,,-0.0577,-0.1072,,0.043,128597,,165.9,,92.4,103.9,171.3,AFC,163.0,4.0,19.0,,3.4
1999-05-01,-0.0363,-0.0457,,0.0228,0.0657,,0.1472,0.2951,,0.0691,0.111,,0.048,0.0719,,0.1446,0.1665,,0.2496,0.27899999999999997,,-0.0133,-0.0303,,0.0956,-0.01,,0.042,128808,,166.0,,93.1,104.4,174.8,AFC,163.5,1.0,23.0,,-0.8
1999-06-01,-0.0176,-0.0426,,-0.0457,0.031,,-0.0243,0.2718,,-0.0623,0.0337,,-0.0469,0.0276,,-0.0159,0.1494,,-0.085,0.1703,,-0.0004,0.0999,,0.0053,0.0379,,0.043,129089,,166.0,,92.9,104.3,177.2,AFC,165.8,3.0,26.0,,-1.5
1999-07-01,0.0148,-0.0392,,0.0535,0.0283,,0.0204,0.1421,,0.0489,0.0515,,0.0447,0.0435,,0.0517,0.1846,,0.0496,0.2001,,0.0993,0.0842,,0.0434,0.1493,,0.043,129414,,166.7,,93.8,104.6,174.9,AFC,164.8,2.0,11.0,,1.1
1999-08-01,-0.039,-0.0419,,-0.0645,-0.0595,,0.0094,0.005,,-0.0585,-0.07400000000000001,,-0.0246,-0.0288,,-0.0227,0.0115,,-0.0233,-0.062,,-0.0208,0.076,,-0.0005,0.0484,,0.042,129569,,167.1,,94.8,104.9,183.1,AFC,165.7,,35.0,,0.1
1999-09-01,0.0127,-0.0124,,-0.0367,-0.0507,,0.0176,0.0482,,-0.0444,-0.0564,,-0.0504,-0.0324,,0.0049,0.0328,,-0.0386,-0.0144,,0.0479,0.128,,-0.0558,-0.0154,,0.042,129772,,167.8,,95.8,105.0,190.5,AFC,168.0,1.0,28.0,,1.6
1999-10-01,-0.0869,-0.1114,,-0.0158,-0.1131,,-0.0481,-0.0222,,-0.0671,-0.1607,,-0.011000000000000001,-0.084,,-0.0178,-0.0354,,-0.0261,-0.0855,,-0.0157,0.01,,0.0183,-0.0391,,0.040999999999999995,130177,,168.1,,96.0,105.5,191.6,AFC,168.9,2.0,20.0,,0.3
1999-11-01,0.0986,0.0158,,0.087,0.0305,,-0.0159,-0.0468,,0.1616,0.0355,,0.0572,-0.0071,,-0.0181,-0.0308,,0.0209,-0.0441,,0.0381,0.0706,,0.0137,-0.0254,,0.040999999999999995,130466,,168.4,,96.7,106.1,191.9,AFC,168.2,4.0,28.0,,-0.2
1999-12-01,-0.0131,-0.01,-0.0441,0.0088,0.0792,0.1358,-0.0046,-0.0676,0.1555,-0.0515,0.0279,0.0313,0.0061,0.052000000000000005,0.1474,-0.0162,-0.0511,0.1879,-0.0154,-0.021,0.1564,0.0909,0.1146,0.4349,-0.0365,-0.0054,-0.0444,0.04,130772,,168.8,,97.4,106.3,191.9,AFC,167.8,1.0,24.0,,1.6
2000-01-01,-0.0651,0.0137,-0.1553,0.0783,0.1824,0.1852,0.0139,-0.0068,0.1732,-0.0194,0.0804,0.0243,0.0889,0.1582,0.18100000000000002,0.0697,0.0334,0.1989,0.1099,0.1157,0.2158,0.1962,0.3546,0.7033,0.0011,-0.0222,-0.0359,0.04,131005,,169.3,,97.8,106.7,191.9,NFC,166.3,1.0,25.0,,-0.4
2000-02-01,-0.0034,-0.0804,-0.1459,-0.1149,-0.0373,-0.0057,0.0,0.0092,0.2521,-0.0224,-0.0907,-0.0313,-0.0252,0.0679,0.1039,-0.079,-0.0307,0.1084,-0.1254,-0.0442,0.0962,-0.0919,0.1851,0.3239,-0.0464,-0.0802,-0.0695,0.040999999999999995,131124,,170.0,,99.7,107.2,191.5,NFC,165.7,2.0,25.0,,1.4
2000-03-01,-0.1139,-0.1744,-0.2271,-0.0632,-0.106,-0.0557,-0.0475,-0.0342,0.2004,-0.1105,-0.1473,-0.1451,-0.0646,-0.0071,0.0385,-0.0535,-0.0675,0.0504,-0.0898,-0.1164,-0.0022,0.1086,0.2043,0.6654,-0.0883,-0.1297,-0.1154,0.04,131596,,171.0,,99.9,107.5,192.3,NFC,166.5,2.0,21.0,,1.6
2000-04-01,0.0589,-0.0649,-0.1906,0.1538,-0.0433,0.0315,0.1339,0.0801,0.198,0.2015,0.0448,-0.0038,0.094,-0.0025,0.1044,0.1404,-0.0058,0.174,0.1038,-0.1213,0.076,0.0681,0.0753,0.595,0.059000000000000004,-0.0794,-0.0058,0.038,131888,,170.9,,98.5,107.5,197.5,NFC,167.0,2.0,30.0,,-1.3
2000-05-01,0.0405,-0.0237,-0.1262,-0.0295,0.049,-0.0213,-0.0106,0.0686,0.0332,-0.0567,0.0081,-0.121,-0.0167,0.0062,0.0362,0.0144,0.0949,0.0405,-0.057999999999999996,-0.0536,-0.1889,-0.0669,0.1049,0.5084,0.0598,0.0232,-0.0383,0.04,132105,,171.2,,98.8,108.2,201.3,NFC,166.8,1.0,23.0,,2.5
2000-06-01,0.0743,0.1836,-0.0445,-0.0619,0.0505,-0.0379,0.1017,0.23600000000000002,0.1667,0.0769,0.2205,0.0094,-0.0277,0.0459,0.057,-0.0063,0.1495,0.0506,-0.0382,0.0,-0.1474,-0.0997,-0.1027,0.3587,0.0033,0.1261,-0.0402,0.04,132061,,172.2,,100.2,108.5,203.3,NFC,167.5,3.0,23.0,,1.2
2000-07-01,0.0375,0.1597,-0.0231,-0.0486,-0.1338,-0.1311,-0.0612,0.0233,0.0733,-0.0565,-0.0416,-0.092,-0.0106,-0.0541,0.0011,-0.0386,-0.0309,-0.0396,-0.0596,-0.14800000000000002,-0.2361,0.0759,-0.0961,0.3297,-0.0149,0.0475,-0.0939,0.04,132236,,172.7,,100.2,108.7,203.2,NFC,166.6,,26.0,,0.7
2000-08-01,-0.0262,0.0854,-0.0101,0.017,-0.0923,-0.0554,-0.0248,0.0086,0.0369,0.0941,0.1116,0.0552,-0.0075,-0.0452,0.0186,0.0149,-0.0305,-0.0027,-0.0039,-0.0991,-0.2209,-0.052000000000000005,-0.0817,0.2873,-0.0017,-0.0133,-0.0949,0.040999999999999995,132230,,172.7,,100.4,109.4,202.9,NFC,167.4,2.0,22.0,,0.7
2000-09-01,-0.0147,-0.0045,-0.0369,-0.0502,-0.081,-0.0686,0.0966,0.0039,0.1174,0.0968,0.1322,0.2112,0.0344,0.0159,0.1097,0.1014,0.0746,0.0931,0.0134,-0.0508,-0.1789,0.1128,0.135,0.36700000000000005,0.0404,0.0232,-0.0027,0.039,132353,,173.6,,101.6,109.8,203.5,NFC,167.8,1.0,21.0,,0.0
2000-10-01,0.0318,-0.01,0.0884,0.0025,-0.0316,-0.0513,0.0203,0.0911,0.1977,0.0164,0.2197,0.3196,-0.026000000000000002,0.0,0.0928,-0.0463,0.066,0.0613,-0.1008,-0.0923,-0.2418,-0.1748,-0.1295,0.1461,0.1035,0.1461,0.0808,0.039,132351,,173.9,,101.2,110.0,204.3,NFC,165.7,3.0,17.0,,1.4
2000-11-01,0.0774,0.0953,0.0673,-0.005,-0.0526,-0.1316,-0.0247,0.0913,0.1871,-0.0162,0.0968,0.1176,0.0101,0.0178,0.0442,0.0382,0.0905,0.1221,0.0966,-0.0008,-0.1857,-0.081,-0.1561,0.0147,0.0718,0.2305,0.1427,0.039,132556,,174.2,,101.2,110.2,204.3,NFC,166.0,,14.0,,1.0
2000-12-01,0.0292,0.1442,0.1131,-0.024,-0.0264,-0.1598,-0.0584,-0.0629,0.12300000000000001,-0.0362,-0.0362,0.1357,-0.0904,-0.1051,-0.055999999999999994,-0.0308,-0.0404,0.1054,-0.0118,-0.0256,-0.1827,-0.1734,-0.3732,-0.2312,-0.0082,0.17300000000000001,0.1762,0.039,132709,,174.6,,100.5,110.6,204.3,NFC,168.1,,23.0,,-5.3
2001-01-01,0.0397,0.1529,0.2378,0.0673,0.0364,-0.1683,0.1157,0.0247,0.2357,0.0774,0.0216,0.2477,0.0047,-0.0769,-0.129,0.0246,0.031,0.0588,0.1074,0.2,-0.1845,-0.1206,-0.332,-0.4348,-0.0313,0.0298,0.1382,0.042,132698,,175.6,,100.5,110.8,204.3,AFC,168.5,5.0,20.0,,6.5
2001-02-01,-0.07,-0.0049,0.155,0.1055,0.1515,0.0387,-0.048,0.0002,0.1764,-0.0015,0.0368,0.2744,0.0926,-0.0016,-0.0238,0.0026,-0.0044,0.1526,-0.0244,0.0677,-0.0904,0.1903,-0.1348,-0.2592,-0.0452,-0.0826,0.1398,0.042,132789,,176.0,,99.9,111.0,204.3,AFC,168.4,,24.0,,-1.6
2001-03-01,0.0008,-0.0324,0.3045,-0.0695,0.0979,0.0318,-0.0087,0.0529,0.2243,-0.0778,-0.008,0.3212,-0.0329,0.0616,0.0094,-0.0645,-0.039,0.1392,-0.0019,0.0784,-0.0026,-0.2611,-0.2266,-0.5063,0.0111,-0.0647,0.2641,0.043,132747,,176.1,,98.3,111.2,204.3,AFC,168.9,2.0,20.0,,-0.5
2001-04-01,-0.0691,-0.1336,0.1468,-0.0256,0.0023,-0.1287,-0.0424,-0.0963,0.0339,-0.0363,-0.1127,0.0597,-0.0554,-0.0019,-0.1284,-0.0919,-0.1483,-0.0929,-0.0331,-0.0584,-0.1262,-0.0976,-0.2064,-0.5829,-0.016,-0.05,0.1745,0.044000000000000004,132463,,176.4,,97.8,111.9,204.0,AFC,169.4,1.0,26.0,,0.0
2001-05-01,0.0206,-0.0492,0.1249,0.0604,-0.0386,-0.048,0.10099999999999999,0.0451,0.1505,0.0438,-0.0724,0.1726,0.07200000000000001,-0.0207,-0.0499,0.1079,-0.0588,-0.0092,0.0767,0.0391,-0.0013,0.1543,-0.2304,-0.484,0.0547,0.0493,0.1688,0.043,132410,,177.3,,98.0,112.3,202.8,AFC,164.5,2.0,26.0,,0.5
2001-06-01,0.0115,-0.039,0.0591,0.0109,0.0445,0.0259,-0.0024,0.0518,0.0418,0.0416,0.0477,0.1342,0.0315,0.0445,0.008,0.0489,0.0553,0.0458,0.0503,0.0935,0.0907,-0.0312,0.009000000000000001,-0.4448,-0.0091,0.0283,0.1543,0.045,132299,,177.7,,97.6,112.3,202.8,AFC,166.8,2.0,21.0,,0.8
2001-07-01,-0.0379,-0.0069,-0.0179,-0.0022,0.0697,0.076,-0.0985,-0.0098,0.0004,0.0,0.0872,0.2021,-0.0084,0.0965,0.0103,-0.0631,0.0888,0.0191,-0.0518,0.0723,0.0997,0.0,0.1182,-0.4839,-0.052000000000000005,-0.0093,0.1109,0.046,132177,,177.4,,96.1,112.8,202.8,AFC,167.8,3.0,29.0,,-0.6
2001-08-01,0.0252,-0.0024,0.0339,0.042,0.0511,0.1024,0.005,-0.0962,0.031,-0.013000000000000001,0.0281,0.0845,-0.0237,-0.0014,-0.0062,0.0052,-0.0122,0.0094,0.0064,0.0023,0.1111,-0.043,-0.0729,-0.479,-0.0097,-0.0697,0.102,0.049,132028,,177.4,,96.0,113.0,200.9,AFC,167.4,3.0,25.0,,-0.2
2001-09-01,-0.002,-0.0156,0.0473,-0.0819,-0.0455,0.0656,-0.053,-0.1421,-0.1097,-0.0735,-0.0855,-0.0839,-0.0485,-0.0789,-0.086,-0.0474,-0.1029,-0.1269,-0.0204,-0.0652,0.0741,-0.1569,-0.1932,-0.6053,-0.0261,-0.0856,0.0316,0.05,131771,,178.1,,95.9,113.2,199.5,AFC,168.9,1.0,21.0,,-0.1
2001-10-01,0.0,0.0231,0.015,-0.1301,-0.1679,-0.0754,-0.1093,-0.1523,-0.2228,-0.0582,-0.1387,-0.1512,-0.1439,-0.2047,-0.1966,-0.145,-0.1813,-0.2173,-0.1132,-0.1257,0.0593,-0.1493,-0.3136,-0.5931,-0.0231,-0.0577,-0.0867,0.053,131454,,177.6,,93.7,113.4,199.2,AFC,169.3,5.0,24.0,,0.7
2001-11-01,-0.0028,-0.0048,-0.0606,0.047,-0.1639,-0.0271,0.0465,-0.1173,-0.1661,-0.0081,-0.1345,-0.1442,-0.0013,-0.1865,-0.2057,0.019,-0.1701,-0.2318,0.0375,-0.0986,0.0023,0.1227,-0.1948,-0.5029,-0.0414,-0.0879,-0.1832,0.055,131142,,177.5,,92.3,114.0,198.3,AFC,169.3,2.0,31.0,,1.8
2001-12-01,0.0346,0.0317,-0.0556,0.1275,0.0269,0.1239,-0.0582,-0.1221,-0.166,0.0517,-0.0176,-0.0662,0.1163,-0.0455,-0.0251,0.0919,-0.0487,-0.1345,0.0944,0.0069,0.1099,0.1279,0.0773,-0.3217,-0.0275,-0.0893,-0.1991,0.057,130982,,177.4,,91.4,113.7,196.7,AFC,168.3,2.0,23.0,,-0.1
2002-01-01,-0.0308,0.0,-0.1197,0.0626,0.2543,0.11900000000000001,0.0583,0.043,-0.2089,0.0195,0.0634,-0.1164,0.0382,0.1574,0.0074,0.0466,0.1646,-0.1159,-0.0165,0.1167,-0.0143,0.0062,0.2742,-0.2239,0.0246,-0.0448,-0.1529,0.057,130852,,177.7,,91.6,113.6,196.4,AFC,167.5,6.0,27.0,,-0.7
2002-02-01,0.0123,0.0151,-0.0417,0.0208,0.223,0.0333,-0.0348,-0.0381,-0.1979,-0.0076,0.064,-0.1218,-0.0055,0.1525,-0.0831,-0.0601,0.0741,-0.1712,0.0308,0.1094,0.0415,-0.0348,0.0953,-0.3707,-0.0233,-0.0268,-0.1335,0.057,130736,,178.0,,91.6,113.7,196.2,AFC,168.6,4.0,28.0,,1.6
2002-03-01,0.0161,-0.0031,-0.027000000000000003,0.0085,0.0939,0.1199,0.047,0.0694,-0.1529,-0.0077,0.0039,-0.055,0.037000000000000005,0.0706,-0.0168,0.0332,0.0163,-0.0847,0.0394,0.0537,0.0845,-0.1117,-0.1373,-0.2434,0.0,0.0007,-0.1431,0.057,130717,,178.5,,92.8,114.3,196.7,AFC,167.4,2.0,17.0,,-0.6
2002-04-01,0.0023,0.031,0.0476,-0.0118,0.0173,0.1358,0.0767,0.08800000000000001,-0.0475,0.0447,0.0287,0.0244,0.0374,0.0699,0.0798,0.0067,-0.0225,0.0147,0.0239,0.09699999999999999,0.1484,0.0287,-0.11800000000000001,-0.1375,0.0239,0.0,-0.1083,0.059000000000000004,130623,,179.3,,94.3,114.7,196.7,AFC,168.0,5.0,27.0,,-0.6
2002-05-01,-0.0312,-0.0133,-0.0055,-0.0034,-0.0068,0.0675,-0.0482,0.073,-0.1766,-0.0112,0.025,-0.0296,0.0137,0.0906,0.0211,-0.0623,-0.0247,-0.1412,-0.0391,0.0226,0.0249,-0.1194,-0.1953,-0.342,-0.057,-0.0345,-0.2027,0.057999999999999996,130634,,179.5,,94.4,114.9,195.1,AFC,167.6,3.0,22.0,,0.3
2002-06-01,-0.0107,-0.0394,-0.0273,-0.0085,-0.0236,0.0469,-0.0145,0.01,-0.1866,-0.0068,0.026000000000000002,-0.0746,0.0153,0.0677,0.005,0.0119,-0.0448,-0.1715,0.0487,0.0318,0.0233,-0.0359,-0.1267,-0.3452,-0.0046,-0.0389,-0.1991,0.057999999999999996,130684,,179.6,,94.1,114.9,195.1,AFC,167.7,1.0,22.0,,0.0
2002-07-01,-0.1044,-0.1416,-0.0946,-0.0528,-0.0641,-0.0062,-0.0363,-0.096,-0.1305,-0.0545,-0.0714,-0.125,-0.0818,-0.055,-0.0694,-0.0637,-0.1116,-0.172,-0.0232,-0.0157,0.0542,-0.1363,-0.2667,-0.4344,-0.0695,-0.1265,-0.2139,0.057999999999999996,130590,,180.0,,94.5,115.1,195.9,AFC,166.1,1.0,27.0,,-0.2
2002-08-01,-0.0493,-0.1577,-0.1604,-0.1209,-0.1744,-0.1615,-0.1554,-0.1978,-0.2692,-0.0837,-0.1395,-0.1877,-0.0291,-0.0949,-0.0745,-0.0642,-0.1134,-0.2292,-0.1102,-0.0885,-0.0679,-0.102,-0.2522,-0.4693,-0.1465,-0.2094,-0.3225,0.057,130587,,180.5,,94.8,115.4,198.8,AFC,166.3,1.0,29.0,,-1.0
2002-09-01,0.0024,-0.1466,-0.1567,0.0112,-0.1579,-0.0764,0.0099,-0.17800000000000002,-0.2206,0.0048,-0.1294,-0.1191,0.0037,-0.1052,-0.0237,-0.0299,-0.15,-0.215,-0.017,-0.1456,-0.0647,-0.0226,-0.2419,-0.3847,0.0361,-0.1772,-0.2793,0.057,130501,,180.8,,95.5,115.4,199.9,AFC,166.7,3.0,26.0,,-0.6
2002-10-01,-0.064,-0.1081,-0.2107,-0.0725,-0.1755,-0.0152,-0.0536,-0.1927,-0.1719,-0.0935,-0.1653,-0.1521,-0.0425,-0.0669,0.0919,-0.0974,-0.1806,-0.1713,-0.11699999999999999,-0.2276,-0.0688,-0.1379,-0.2433,-0.3765,-0.1234,-0.2249,-0.3533,0.057,130628,,181.2,,95.5,115.5,202.4,AFC,167.5,5.0,37.0,,-1.2
2002-11-01,0.0307,-0.033,-0.1842,0.0596,-0.0062,-0.0033,0.0165,-0.0284,-0.1956,0.0753,-0.0205,-0.0808,0.0366,-0.0037,0.1334,0.0377,-0.0914,-0.1561,0.0358,-0.10099999999999999,-0.0703,0.2228,0.0303,-0.3209,-0.0397,-0.1279,-0.3521,0.059000000000000004,130615,,181.5,,94.6,115.8,200.5,AFC,166.9,7.0,25.0,,0.7
2002-12-01,-0.0195,-0.0541,-0.2269,0.0854,0.0667,-0.0405,0.0455,0.0058,-0.107,0.0571,0.0304,-0.076,0.047,0.0392,0.063,0.0721,0.0041,-0.1714,0.142,0.0444,-0.0298,0.2055,0.2708,-0.2742,0.0391,-0.1253,-0.3077,0.06,130472,,181.8,,95.2,115.9,200.6,AFC,165.9,8.0,20.0,,2.9
2003-01-01,-0.0045,0.006,-0.20600000000000002,-0.1044,0.03,-0.1913,-0.0036,0.059000000000000004,-0.1592,-0.0696,0.0576,-0.1568,-0.0395,0.0425,-0.0165,-0.0467,0.0606,-0.2453,-0.0525,0.1208,-0.0653,-0.1534,0.2479,-0.3893,0.0281,0.0259,-0.3054,0.057999999999999996,130580,,182.6,,96.9,116.3,200.6,NFC,166.7,11.0,26.0,,-2.6
2003-02-01,-0.0335,-0.0566,-0.2419,-0.042,-0.0687,-0.2411,-0.028999999999999998,0.0116,-0.1541,-0.0181,-0.0343,-0.1657,-0.0075,-0.0019,-0.0185,-0.0552,-0.0343,-0.2413,-0.0624,0.0146,-0.1498,-0.0315,-0.0116,-0.3873,-0.0299,0.0364,-0.3101,0.059000000000000004,130444,,183.6,,98.5,116.5,201.3,NFC,166.8,8.0,15.0,,-0.1
2003-03-01,-0.0295,-0.0662,-0.2758,0.0022,-0.1401,-0.2458,0.0257,-0.0075,-0.1712,-0.0162,-0.1013,-0.1728,-0.0207,-0.0664,-0.0731,-0.0147,-0.1126,-0.2765,-0.025,-0.1338,-0.2024,0.0083,-0.1733,-0.3045,-0.0479,-0.0504,-0.3431,0.059000000000000004,130232,,183.9,,99.1,117.0,201.2,NFC,166.5,7.0,28.0,,1.1
2003-04-01,-0.0224,-0.083,-0.2937,0.0147,-0.0257,-0.2256,-0.0004,-0.0045,-0.2306,-0.0188,-0.0522,-0.223,0.0338,0.0049,-0.0763,0.0031,-0.0663,-0.2791,0.0071,-0.0793,-0.2156,-0.0137,-0.0369,-0.3332,0.0341,-0.0449,-0.3366,0.06,130177,,183.2,,96.0,117.4,201.1,NFC,167.5,10.0,18.0,,0.8
2003-05-01,0.0392,-0.013999999999999999,-0.2424,0.11699999999999999,0.136,-0.132,-0.0013,0.0239,-0.1928,0.1177,0.079,-0.1218,0.0298,0.0426,-0.0617,0.1003,0.0874,-0.1542,0.0829,0.0633,-0.1159,0.085,0.079,-0.1784,0.0805,0.0638,-0.2398,0.061,130196,,182.9,,95.3,117.8,201.4,NFC,168.2,11.0,27.0,,-1.1
2003-06-01,0.0593,0.0762,-0.1888,0.0654,0.2076,-0.0672,0.1022,0.1002,-0.0972,0.0616,0.1643,-0.0613,0.026000000000000002,0.0923,-0.0518,0.0374,0.1449,-0.1328,0.040999999999999995,0.1354,-0.1224,0.0918,0.1684,-0.0695,0.115,0.2458,-0.1485,0.063,130194,,183.1,,96.2,117.6,201.1,NFC,169.5,11.0,30.0,,0.6
2003-07-01,-0.0094,0.0905,-0.1027,-0.0074,0.1813,-0.0226,-0.0289,0.0689,-0.0903,-0.0181,0.1651,-0.0252,0.0246,0.0826,0.0582,0.0009,0.1424,-0.073,-0.0067,0.1198,-0.1076,-0.0053,0.1784,0.0716,-0.0139,0.188,-0.0977,0.062,130191,,183.7,,96.7,117.9,200.9,NFC,169.7,6.0,28.0,,1.3
2003-08-01,-0.0025,0.0467,-0.0585,0.0298,0.08900000000000001,0.1449,-0.0268,0.0417,0.0482,0.0546,0.0993,0.1219,-0.012,0.0387,0.0768,0.0419,0.0818,0.0321,0.0818,0.1186,0.085,0.039,0.1285,0.2399,-0.0559,0.038,-0.0019,0.061,130149,,184.5,,96.7,118.3,200.4,NFC,168.5,7.0,22.0,,2.2
2003-09-01,0.024,0.0119,-0.0381,0.0579,0.0813,0.1978,0.0585,0.0004,0.0987,-0.0113,0.0238,0.1039,-0.0323,-0.0204,0.0381,0.054000000000000006,0.0991,0.1213,0.0336,0.1106,0.1407,0.0615,0.0971,0.3466,0.0101,-0.0596,-0.0269,0.061,130254,,185.1,,96.2,119.2,200.3,NFC,168.4,14.0,20.0,,1.0
2003-10-01,-0.0049,0.0165,0.0226,-0.0489,0.0361,0.2283,-0.0248,0.0046,0.1321,0.0043,0.0472,0.223,0.0065,-0.0378,0.0912,-0.040999999999999995,0.0531,0.1914,-0.0494,0.0629,0.2282,-0.0123,0.0893,0.5427,0.0477,-0.0009,0.163,0.06,130454,,184.9,,96.3,119.4,198.7,NFC,169.0,11.0,32.0,,0.8
2003-11-01,0.0492,0.0691,0.040999999999999995,0.0891,0.0958,0.2625,0.0133,0.046,0.1285,0.0686,0.0611,0.2154,0.0054,-0.0209,0.0583,0.0632,0.0747,0.2208,0.0888,0.0698,0.29100000000000004,0.0738,0.1258,0.3548,0.0091,0.0679,0.2222,0.057999999999999996,130474,,185.0,,96.8,118.5,198.4,NFC,167.8,10.0,24.0,,-1.3
2003-12-01,0.0033,0.0475,0.0652,0.0099,0.0462,0.1747,0.0111,-0.0008,0.0914,-0.0011,0.0721,0.1485,0.0249,0.037000000000000005,0.0359,0.0209,0.040999999999999995,0.1625,0.0289,0.0649,0.1631,0.0111,0.0724,0.1364,0.0009,0.0582,0.1772,0.057,130588,,185.5,,97.5,118.6,198.5,NFC,167.3,13.0,32.0,100.0,1.4
2004-01-01,0.0159,0.0693,0.087,0.0333,0.1366,0.3553,0.1309,0.1587,0.2388,0.0353,0.1051,0.278,0.0468,0.0786,0.129,0.063,0.1538,0.2962,0.0915,0.2227,0.3398,0.023,0.1107,0.3732,0.0545,0.0651,0.2074,0.057,130769,,186.3,,99.0,118.7,198.5,NFC,168.2,8.0,18.0,100.0,-0.1
2004-02-01,0.0014,0.0206,0.1262,-0.0101,0.033,0.4004,0.0155,0.1612,0.2954,0.0316,0.0668,0.3427,0.0281,0.10300000000000001,0.1695,-0.0063,0.0784,0.3633,-0.0484,0.0686,0.3598,0.0435,0.0794,0.4796,0.0252,0.0821,0.2761,0.055999999999999994,130825,,186.7,,99.4,119.1,197.6,AFC,169.5,9.0,19.0,100.0,-0.2
2004-03-01,0.0615,0.0799,0.2318,0.0249,0.0484,0.4321,0.0577,0.2147,0.3359,0.0289,0.0988,0.4042,0.0103,0.0873,0.2065,0.0011,0.0575,0.3853,0.0556,0.0963,0.4722,-0.0286,0.037000000000000005,0.4254,0.0196,0.1023,0.3665,0.057999999999999996,131142,,187.1,,100.2,119.4,197.1,AFC,168.8,8.0,31.0,100.0,0.3
2004-04-01,-0.0125,0.0497,0.2441,-0.0062,0.0082,0.4026,-0.0161,0.0568,0.315,-0.0087,0.0522,0.4187,-0.0437,-0.0066,0.1161,-0.0123,-0.0174,0.364,-0.0248,-0.0205,0.4255,-0.0222,-0.0088,0.4132,-0.0037,0.0415,0.3166,0.055999999999999994,131411,,187.4,,100.4,119.6,195.8,AFC,168.7,7.0,25.0,100.2,1.4
2004-05-01,0.0206,0.0698,0.2218,-0.0166,0.0016,0.2347,0.0184,0.0598,0.3409,-0.0506,-0.0316,0.2051,0.0333,-0.0016,0.1199,-0.0068,-0.0179,0.2313,-0.0506,-0.0227,0.2497,-0.0375,-0.0857,0.2537,-0.0361,-0.0208,0.1745,0.055999999999999994,131694,,188.2,,101.9,119.9,200.3,AFC,170.7,4.0,29.0,100.2,0.4
2004-06-01,-0.0107,-0.003,0.1411,0.0032,-0.0196,0.1627,0.0033,0.0054,0.2207,0.0107,-0.0488,0.1472,-0.0077,-0.0194,0.0831,0.0209,0.0015,0.2117,0.0248,-0.0512,0.2303,0.02,-0.04,0.1712,0.0043,-0.0356,0.0578,0.055999999999999994,131793,,188.9,,101.7,120.2,207.0,AFC,170.4,7.0,24.0,100.2,-0.6
2004-07-01,0.0039,0.0136,0.1564,0.0079,-0.0056,0.1806,0.0523,0.0752,0.3227,0.0018,-0.0388,0.1704,-0.0052,0.02,0.0515,0.0699,0.0848,0.2952,0.0465,0.0183,0.2962,0.0372,0.0182,0.2212,0.0119,-0.0205,0.0855,0.055,131848,,189.1,,102.1,120.5,207.6,AFC,169.5,6.0,24.0,100.2,0.3
2004-08-01,-0.0553,-0.0618,0.0952,-0.0401,-0.0293,0.1005,0.0285,0.0859,0.3978,-0.0186,-0.0064,0.0892,-0.0549,-0.0671,0.0059,-0.0354,0.0535,0.1991,-0.027999999999999997,0.0425,0.1647,-0.0649,-0.0108,0.099,0.0142,0.0307,0.1662,0.054000000000000006,131937,,189.2,,103.6,121.4,215.7,AFC,169.2,11.0,23.0,100.2,0.1
2004-09-01,0.021,-0.0317,0.092,-0.0043,-0.0366,0.0359,-0.0154,0.0656,0.3003,0.0332,0.0158,0.1382,0.0183,-0.0426,0.0586,0.0068,0.039,0.1455,0.02,0.0375,0.1494,-0.0383,-0.0673,-0.0043,0.038,0.0653,0.1984,0.054000000000000006,132093,,189.8,,104.1,121.5,218.8,AFC,169.1,14.0,21.0,100.2,0.7
2004-10-01,-0.0296,-0.064,0.0649,0.03,-0.0155,0.1219,0.0953,0.1092,0.4604,-0.0135,0.0004,0.11800000000000001,-0.0224,-0.0592,0.0282,0.0089,-0.0202,0.2051,0.0354,0.0265,0.2518,0.0355,-0.0688,0.044000000000000004,-0.0028,0.0499,0.1406,0.055,132447,,190.8,,105.8,121.6,218.7,AFC,170.1,12.0,24.0,100.2,1.0
2004-11-01,0.0069,-0.0023,0.022000000000000002,0.0407,0.0674,0.0719,0.0086,0.0877,0.4535,0.0067,0.0261,0.0532,-0.024,-0.0284,-0.0018,0.0188,0.0349,0.1547,-0.0033,0.0526,0.146,0.0426,0.0383,0.0137,0.0543,0.0913,0.1917,0.054000000000000006,132503,,191.7,,105.5,122.1,218.7,AFC,170.7,11.0,23.0,99.7,-0.5
2004-12-01,0.0248,0.0013,0.0439,0.0453,0.1205,0.1095,0.057999999999999996,0.1688,0.5209,0.0331,0.026000000000000002,0.0893,0.0214,-0.0255,-0.0052,0.0651,0.0948,0.2047,0.0788,0.1134,0.2016,0.0524,0.1362,0.055,0.0333,0.0864,0.2303,0.054000000000000006,132624,,191.7,,104.0,122.8,219.0,AFC,169.2,8.0,19.0,99.7,-0.7
2005-01-01,0.0425,0.0757,0.0713,0.0442,0.1359,0.1211,-0.0348,0.03,0.2981,0.0371,0.0786,0.0912,0.061,0.0577,0.0083,0.0212,0.1082,0.1574,0.0078,0.0837,0.1095,0.0081,0.1061,0.0396,0.0183,0.1093,0.188,0.053,132774,,191.6,,104.6,123.2,216.9,AFC,169.6,7.0,27.0,100.2,-1.6
2005-02-01,0.0043,0.0729,0.0744,-0.046,0.0413,0.0805,0.046,0.0682,0.3371,-0.0244,0.0453,0.032,-0.0361,0.0445,-0.0548,-0.0304,0.0546,0.1293,-0.0349,0.0493,0.1252,-0.0597,-0.0025,-0.0632,0.0252,0.0787,0.188,0.054000000000000006,133032,,192.4,,105.5,123.8,216.9,AFC,170.3,13.0,18.0,100.2,5.2
2005-03-01,0.0017,0.0488,0.0138,-0.0065,-0.0103,0.0474,0.1586,0.1698,0.4647,-0.005,0.0067,-0.002,0.0324,0.0557,-0.0341,0.0132,0.0033,0.14300000000000002,0.0887,0.0589,0.1605,0.005,-0.0474,-0.0309,0.0211,0.0659,0.1897,0.052000000000000005,133156,,193.1,,107.8,124.0,216.8,AFC,169.7,15.0,18.0,100.2,-2.1
2005-04-01,-0.0102,-0.0043,0.0162,-0.0089,-0.0606,0.0445,-0.0073,0.203,0.4777,-0.0419,-0.0699,-0.0354,-0.0086,-0.0135,0.0013,-0.0062,-0.0237,0.15,-0.0412,0.0074,0.1411,-0.0299,-0.0832,-0.0385,0.0103,0.0576,0.2064,0.052000000000000005,133518,,193.7,,108.8,124.1,216.8,AFC,170.4,6.0,14.0,100.2,1.2
2005-05-01,-0.0142,-0.0226,-0.0185,-0.0414,-0.0562,0.0182,-0.0677,0.0723,0.3528,0.0031,-0.0437,0.0192,0.0336,0.0579,0.0016,-0.0334,-0.0267,0.1192,-0.0663,-0.0254,0.1221,-0.0277,-0.052000000000000005,-0.0287,0.0279,0.0604,0.2865,0.051,133690,,193.6,,107.9,123.8,217.9,AFC,171.1,19.0,24.0,100.2,-1.1
2005-06-01,0.0188,-0.006,0.0108,0.037000000000000005,-0.0149,0.0525,0.0353,-0.0418,0.3959,0.0213,-0.0184,0.0299,0.0093,0.0343,0.0189,0.0315,-0.0091,0.1309,-0.0068,-0.1109,0.0875,0.0654,0.005,0.0146,-0.0026,0.0357,0.2777,0.05,133942,,193.7,,109.2,123.9,217.7,AFC,171.1,5.0,34.0,103.5,1.8
2005-07-01,-0.0193,-0.0151,-0.0125,-0.0045,-0.0105,0.0394,0.0618,0.0249,0.4085,0.0123,0.0371,0.0407,-0.0077,0.0353,0.0163,-0.027000000000000003,-0.0298,0.0285,-0.0226,-0.0936,0.0157,-0.0079,0.0277,-0.0295,0.0521,0.0786,0.3284,0.05,134296,,194.9,,110.5,124.4,216.8,AFC,171.0,11.0,41.0,103.5,-0.3
2005-08-01,0.0289,0.027999999999999997,0.0755,0.0531,0.0871,0.1403,0.0744,0.18100000000000002,0.4714,0.0155,0.0498,0.0769,0.0273,0.028999999999999998,0.1048,0.0331,0.037000000000000005,0.1016,0.0515,0.0207,0.0987,0.0544,0.1145,0.0943,0.0233,0.0738,0.3404,0.049,134498,,196.1,,112.1,124.5,216.4,AFC,171.9,12.0,28.0,103.4,0.8
2005-09-01,-0.0162,-0.0073,0.0363,-0.0331,0.0136,0.1073,0.0728,0.2238,0.6031,-0.0193,0.0082,0.0221,-0.0078,0.0115,0.0764,-0.0383,-0.0332,0.0522,-0.0385,-0.0119,0.0358,-0.0128,0.0327,0.1233,-0.0015,0.075,0.2893,0.05,134566,,198.8,,114.4,124.8,213.1,AFC,172.0,8.0,27.0,103.4,1.1
2005-10-01,0.003,0.0153,0.0711,-0.0283,-0.0106,0.0445,0.0536,0.2143,0.5421,0.0037,-0.0003,0.04,-0.0079,0.0113,0.0924,0.0289,0.0223,0.073,0.0011,0.0121,0.0015,-0.0005,0.0404,0.0842,0.0432,0.0659,0.3488,0.05,134655,,199.1,,114.5,124.9,212.9,AFC,172.7,12.0,26.0,103.5,1.0
2005-11-01,0.0056,-0.0077,0.0697,-0.0221,-0.0813,-0.0185,-0.1016,0.0155,0.3737,0.0263,0.0103,0.0603,-0.0318,-0.0469,0.0836,-0.0135,-0.0239,0.039,0.0062,-0.0315,0.0109,-0.0225,-0.0355,0.0165,-0.0666,-0.0277,0.1942,0.05,134993,,198.1,,112.3,125.2,215.0,AFC,172.9,12.0,30.0,103.6,0.7
2005-12-01,0.0116,0.0203,0.0559,0.043,-0.0089,-0.0206,0.0286,-0.0263,0.3356,0.0532,0.085,0.0809,0.0181,-0.0221,0.0801,0.0616,0.0775,0.0356,0.0744,0.0822,0.0068,0.0746,0.0499,0.0379,-0.0029,-0.028999999999999998,0.1524,0.049,135149,,198.1,,112.3,126.0,217.4,AFC,173.1,10.0,22.0,103.6,1.0
2006-01-01,-0.0123,0.0047,0.0004,-0.0226,-0.0031,-0.0832,0.0136,-0.0633,0.4025,-0.0119,0.0681,0.0299,0.0252,0.0105,0.0437,-0.0164,0.0301,-0.0026,0.0118,0.0937,0.0107,-0.0411,0.0072,-0.0127,0.0041,-0.0654,0.1363,0.047,135429,,199.3,,113.7,125.9,217.3,AFC,174.0,19.0,30.0,103.6,1.1
2006-02-01,-0.0021,-0.003,-0.006,0.0206,0.0405,-0.0192,0.1355,0.1839,0.5225,0.0073,0.0483,0.0633,0.016,0.0604,0.1002,0.0077,0.0523,0.0366,0.0578,0.1498,0.1078,0.0229,0.054000000000000006,0.07400000000000001,0.0222,0.0235,0.133,0.048,135737,,199.4,,112.8,126.9,216.6,AFL,173.8,6.0,23.0,103.6,3.3
2006-03-01,0.0168,0.0021,0.009000000000000001,0.0106,0.0081,-0.0024,-0.0826,0.0559,0.2055,0.026000000000000002,0.0212,0.0965,0.0053,0.0471,0.0713,0.0395,0.0303,0.0635,-0.0257,0.0427,-0.0086,0.013000000000000001,-0.0064,0.0826,-0.0003,0.0261,0.1093,0.047,136047,20.04,199.7,,112.7,127.2,227.0,AFL,173.5,15.0,31.0,103.8,-2.7
2006-04-01,0.0042,0.0189,0.0237,0.0087,0.0403,0.0153,0.0381,0.0814,0.2606,-0.0055,0.0278,0.1381,-0.0111,0.0101,0.0686,0.0417,0.0911,0.1147,0.0541,0.0863,0.09,0.0244,0.0614,0.1431,-0.0403,-0.0193,0.0537,0.047,136205,20.17,200.7,,115.1,127.2,222.9,AFL,172.1,14.0,23.0,104.5,0.6
2006-05-01,0.0059,0.0271,0.0446,0.008,0.0274,0.0677,0.0511,0.001,0.4213,0.0442,0.0655,0.1847,-0.0364,-0.0421,-0.0039,0.0129,0.0968,0.1682,0.0287,0.0565,0.2009,-0.0148,0.0223,0.1582,0.0116,-0.0294,0.0371,0.046,136244,20.13,201.3,,117.2,127.3,224.3,AFL,171.3,19.0,31.0,104.5,0.6
2006-06-01,-0.0004,0.0097,0.0249,-0.0141,0.0024,0.0151,-0.0443,0.0429,0.312,-0.0391,-0.0021,0.1147,-0.0149,-0.0613,-0.0278,-0.0171,0.0371,0.1131,-0.0505,0.0296,0.14800000000000002,-0.0701,-0.0616,0.0109,0.0118,-0.0177,0.0521,0.046,136325,20.22,201.8,,117.3,127.6,232.3,AFL,171.8,10.0,26.0,104.5,0.0
2006-07-01,0.0151,0.0206,0.0608,-0.0027,-0.0089,0.017,0.0373,0.042,0.2817,-0.0086,-0.0052,0.0917,-0.0079,-0.0583,-0.027999999999999997,0.0018,-0.0026,0.1459,0.0091,-0.0144,0.1853,-0.0064,-0.0897,0.0125,0.0218,0.0458,0.0218,0.047,136520,20.3,202.9,,118.2,127.9,233.5,AFL,171.7,15.0,30.0,104.5,0.1
2006-08-01,0.0169,0.0318,0.0485,-0.0382,-0.0543,-0.0712,0.0261,0.0172,0.2242,0.0176,-0.0306,0.094,0.0546,0.0307,-0.0022,-0.0666,-0.081,0.0353,-0.0416,-0.0817,0.0804,-0.0281,-0.102,-0.0667,0.0444,0.0798,0.0428,0.047,136694,20.31,203.8,,118.8,128.2,236.9,AFL,171.7,11.0,28.0,104.5,0.2
2006-09-01,0.0385,0.07200000000000001,0.1068,0.0236,-0.0182,-0.0167,-0.0434,0.0182,0.0916,0.0194,0.0285,0.1371,0.0289,0.0765,0.0347,0.0246,-0.0419,0.10300000000000001,0.0311,-0.0028,0.1585,0.0811,0.0441,0.0221,0.0319,0.1012,0.0778,0.045,136843,20.41,202.8,,116.2,128.5,238.9,AFL,173.8,15.0,25.0,104.5,0.9
2006-10-01,-0.0156,0.0396,0.0862,0.0588,0.0424,0.0715,-0.0496,-0.0671,-0.0154,0.0292,0.0676,0.1659,0.0085,0.0943,0.0518,0.0355,-0.0097,0.11,-0.0113,-0.023,0.1442,0.0295,0.0818,0.0528,-0.0209,0.0552,0.0115,0.044000000000000004,136852,20.44,201.9,,113.3,129.2,239.3,AFL,173.7,16.0,24.0,104.5,-0.3
2006-11-01,0.0262,0.0491,0.1084,0.067,0.1564,0.1691,0.0451,-0.0499,0.1454,0.0295,0.0801,0.1696,0.0051,0.043,0.092,0.0244,0.0869,0.1528,0.0648,0.0854,0.2108,0.0478,0.1663,0.1286,0.0512,0.0621,0.1391,0.045,137063,20.48,202.0,,113.8,129.5,239.3,AFL,172.6,10.0,25.0,104.5,1.9
2006-12-01,-0.0066,0.0035,0.0886,0.0099,0.141,0.132,0.0807,0.0734,0.2034,0.002,0.0616,0.1126,0.0015,0.0152,0.0742,0.0174,0.0792,0.1048,0.0408,0.0957,0.1731,0.0174,0.0976,0.0685,0.0223,0.0521,0.1678,0.044000000000000004,137249,20.57,203.1,,115.1,129.6,250.4,AFL,177.5,14.0,25.0,104.5,-0.1
2007-01-01,0.0148,0.0345,0.1184,0.0247,0.1042,0.1868,-0.0299,0.0956,0.1517,0.0365,0.0691,0.16699999999999998,0.012,0.0187,0.0604,0.0034,0.0458,0.127,-0.0017,0.1063,0.1574,-0.0017,0.0642,0.1124,-0.009000000000000001,0.0649,0.1526,0.046,137477,20.59,203.437,,113.7,130.6,250.4,AFL,176.61900000000003,15.0,25.0,104.5,0.3
2007-02-01,0.0253,0.0336,0.1492,0.0233,0.059000000000000004,0.1899,-0.0036,0.0446,0.0106,0.006,0.0447,0.1655,0.0282,0.0421,0.0731,0.0233,0.0448,0.1445,0.0511,0.0921,0.1501,0.0171,0.033,0.1061,0.0066,0.0198,0.135,0.045,137558,20.67,204.226,,114.1,130.95,249.2,AFL,176.007,11.0,14.0,103.5,1.7
2007-03-01,-0.0348,0.0043,0.0909,-0.0312,0.0159,0.1408,-0.0306,-0.0631,0.0679,-0.0452,-0.0045,0.0846,-0.0352,0.0039,0.0299,-0.03,-0.004,0.068,-0.0035,0.0455,0.1763,-0.0434,-0.0286,0.0446,0.0428,0.0403,0.184,0.044000000000000004,137793,20.72,205.28799999999998,,115.9,131.24,249.2,AFL,177.71099999999996,17.0,25.0,103.5,1.3
2007-04-01,0.0322,0.0215,0.1213,-0.0039,-0.0124,0.1266,0.07,0.0334,0.1006,0.0028,-0.0368,0.0937,0.0111,0.003,0.053,0.0221,0.0145,0.0479,0.0416,0.091,0.1623,0.028999999999999998,0.0013,0.0493,0.0416,0.0934,0.285,0.045,137842,20.79,205.90400000000002,,117.5,131.42,249.2,AFL,177.988,12.0,31.0,103.5,-2.1
2007-05-01,0.0285,0.0247,0.1465,0.0207,-0.0149,0.1408,0.0528,0.0919,0.1023,0.0393,-0.0048,0.0886,0.0669,0.0407,0.1659,0.0505,0.0414,0.0868,0.015,0.0535,0.1468,0.047,0.0307,0.1152,0.046,0.1362,0.3287,0.044000000000000004,137993,20.84,206.755,,118.6,131.93,249.2,AFL,177.248,21.0,33.0,103.5,3.6
2007-06-01,0.0153,0.0779,0.1646,0.0355,0.0528,0.1982,0.08199999999999999,0.2187,0.248,0.0259,0.0693,0.1623,0.0189,0.099,0.2058,0.0518,0.1293,0.163,0.0625,0.1233,0.2833,0.0523,0.1337,0.262,0.0062,0.0963,0.3213,0.046,138069,20.95,207.234,,120.0,131.71,248.3,AFL,177.745,21.0,28.0,103.5,1.3
2007-07-01,-0.0245,0.0188,0.1192,-0.0214,0.0344,0.1758,0.0068,0.1469,0.2114,-0.0335,0.0306,0.1331,-0.0359,0.0479,0.1717,-0.0079,0.0962,0.1518,-0.0041,0.0739,0.2664,-0.0035,0.0979,0.2656,-0.0482,0.0018,0.2309,0.047,138038,20.96,207.60299999999998,,121.5,132.23,248.3,AFL,177.638,24.0,37.0,103.5,-1.0
2007-08-01,-0.0251,-0.0343,0.073,-0.0607,-0.0481,0.1483,-0.0064,0.0824,0.17300000000000001,-0.0981,-0.1057,0.0042,-0.0522,-0.0691,0.053,0.0033,0.047,0.2382,-0.0355,0.0205,0.2744,-0.0043,0.0441,0.2967,-0.0499,-0.0901,0.1197,0.046,138015,21.0,207.667,,121.1,132.42,248.0,AFL,176.908,12.0,26.0,103.5,-1.3
2007-09-01,0.0223,-0.0277,0.0563,0.0005,-0.0802,0.1225,0.0135,0.013999999999999999,0.2429,0.0227,-0.1085,0.0074,0.027999999999999997,-0.0607,0.0521,0.0041,-0.0005,0.2133,-0.0028,-0.0422,0.2326,0.0199,0.012,0.2233,0.0232,-0.0747,0.1103,0.047,138095,21.04,208.547,,121.8,132.77,248.4,AFL,175.74599999999995,21.0,23.0,103.7,0.4
2007-10-01,0.0318,0.0284,0.1071,-0.0049,-0.0647,0.055,0.07400000000000001,0.0816,0.4045,0.0086,-0.0698,-0.0127,0.0287,0.0023,0.0732,0.0432,0.0509,0.2224,0.0733,0.0323,0.3381,0.0418,0.057999999999999996,0.2378,0.034,0.0053,0.1726,0.047,138174,21.06,209.19,,123.6,132.95,253.0,AFL,176.87,18.0,27.0,103.6,-1.3
2007-11-01,0.0215,0.0775,0.1021,-0.0109,-0.0151,-0.022000000000000002,0.011000000000000001,0.1005,0.3587,-0.0404,-0.0103,-0.0798,0.0144,0.0727,0.083,-0.0258,0.0204,0.1625,0.0377,0.1107,0.3041,0.0526,0.1185,0.2435,0.0454,0.1061,0.1661,0.047,138284,21.12,210.834,,127.5,133.38,255.6,AFL,177.109,27.0,29.0,103.6,0.8
2007-12-01,0.0305,0.0862,0.1432,-0.0433,-0.0583,-0.0736,-0.0356,0.0471,0.2124,-0.0583,-0.0887,-0.1352,0.0228,0.0672,0.106,-0.0087,0.0074,0.1325,-0.0421,0.067,0.2002,-0.079,0.01,0.1256,0.0365,0.1205,0.1824,0.05,138392,21.18,211.445,,127.3,134.03,255.6,AFL,176.418,18.0,26.0,103.6,1.7
2008-01-01,-0.0286,0.0226,0.0944,-0.0539,-0.1047,-0.1447,0.09699999999999999,0.0696,0.3711,-0.0571,-0.14800000000000002,-0.2132,-0.0326,0.0037,0.0573,-0.0151,-0.049,0.1116,-0.0048,-0.0107,0.1966,0.0118,-0.0191,0.1408,-0.0297,0.0514,0.1576,0.05,138403,21.19,212.174,,129.2,134.2,255.7,AFL,176.333,20.0,22.0,103.6,-1.2
2008-02-01,-0.0466,-0.0456,0.0176,-0.0124,-0.1062,-0.1746,-0.1179,-0.0668,0.2138,-0.0028,-0.1145,-0.22,-0.0634,-0.0733,-0.0369,-0.0435,-0.0663,0.0389,-0.0225,-0.0681,0.1127,-0.1152,-0.1755,-0.0076,-0.0631,-0.0577,0.0775,0.049,138324,21.26,212.687,,129.5,134.75,255.8,NFC,176.105,20.0,25.0,103.6,0.0
2008-03-01,-0.0088,-0.0821,0.045,-0.0427,-0.1055,-0.1844,0.0791,0.0442,0.3512,-0.1148,-0.1676,-0.2769,-0.0216,-0.1135,-0.0233,-0.0361,-0.0921,0.0324,0.0056,-0.0217,0.12300000000000001,-0.0594,-0.1579,-0.0242,-0.0479,-0.1344,-0.0162,0.051,138275,21.36,213.44799999999998,,133.5,135.92,255.8,NFC,176.982,16.0,23.0,103.6,0.7
2008-04-01,0.043,-0.0144,0.055999999999999994,-0.0016,-0.0561,-0.1825,-0.0302,-0.0769,0.2247,0.0035,-0.1142,-0.2764,-0.0413,-0.1215,-0.07400000000000001,0.0467,-0.0351,0.0572,-0.0112,-0.0281,0.066,0.0334,-0.14,-0.0201,0.0173,-0.0925,-0.0392,0.05,138035,21.37,213.942,,137.3,135.94,255.8,NFC,177.018,19.0,30.0,102.7,0.6
2008-05-01,-0.0107,0.0228,0.0157,0.035,-0.0107,-0.171,0.0938,0.1446,0.2724,0.0303,-0.0848,-0.2827,0.0019,-0.0602,-0.1303,0.0157,0.0246,0.0222,0.040999999999999995,0.0351,0.0933,0.0545,0.025,-0.0131,0.0484,0.0154,-0.037000000000000005,0.054000000000000006,137858,21.47,215.208,,141.2,136.46,254.8,NFC,176.852,22.0,30.0,102.7,0.8
2008-06-01,0.0241,0.0568,0.0245,0.0,0.0333,-0.1995,0.0602,0.1246,0.2468,-0.0693,-0.0378,-0.3493,0.0217,-0.0187,-0.1279,0.0105,0.0742,-0.018000000000000002,0.0507,0.0815,0.0812,0.0459,0.1398,-0.019,0.0312,0.0997,-0.0131,0.055999999999999994,137687,21.52,217.463,,145.5,136.38,254.8,NFC,178.139,22.0,23.0,102.7,1.6
2008-07-01,-0.0748,-0.0626,-0.0284,-0.1316,-0.1012,-0.2896,0.0303,0.1947,0.2758,-0.1931,-0.2263,-0.4568,-0.0577,-0.0355,-0.1477,-0.1337,-0.1109,-0.1426,-0.0724,0.0146,0.0071,-0.1044,-0.0122,-0.1184,-0.0252,0.0539,0.0108,0.057999999999999996,137491,21.59,219.016,,147.5,136.51,254.8,NFC,177.521,21.0,21.0,102.7,1.1
2008-08-01,0.0429,-0.0119,0.0393,0.0222,-0.1123,-0.22699999999999998,-0.1556,-0.0777,0.0842,0.0858,-0.1846,-0.34600000000000003,0.0623,0.0226,-0.0447,0.0328,-0.0959,-0.1173,-0.018000000000000002,-0.0429,0.0254,-0.0071,-0.0699,-0.1208,-0.0489,-0.0439,0.0119,0.061,137213,21.7,218.69,,143.0,136.77,263.7,NFC,177.227,21.0,24.0,102.7,-0.4
2008-09-01,0.0349,-0.0014,0.0521,0.0888,-0.0335,-0.1588,-0.0316,-0.1575,0.0359,0.0148,-0.1109,-0.3511,0.0259,0.0268,-0.0467,0.0335,-0.0753,-0.0915,-0.0287,-0.1153,-0.0013,0.0351,-0.0795,-0.1077,0.0063,-0.067,-0.0049,0.061,136753,21.72,218.877,,137.8,137.05,275.6,NFC,178.753,21.0,22.0,102.7,-0.4
2008-10-01,-0.0323,0.0444,-0.0133,-0.0738,0.0307,-0.2171,-0.1304,-0.2889,-0.1612,-0.0956,-0.0035,-0.4181,-0.0851,-0.003,-0.1521,-0.1524,-0.0952,-0.2618,-0.1647,-0.2033,-0.2228,-0.1543,-0.1307,-0.2757,-0.1361,-0.1732,-0.1686,0.065,136272,21.76,216.995,,129.6,137.63,277.4,NFC,179.08599999999996,20.0,20.0,102.7,1.0
2008-11-01,-0.1072,-0.1059,-0.1375,-0.2142,-0.2076,-0.3781,-0.193,-0.3203,-0.3304,-0.22,-0.2842,-0.527,-0.114,-0.1684,-0.2594,-0.1722,-0.2749,-0.3728,-0.2073,-0.3569,-0.4063,-0.1519,-0.2576,-0.4164,-0.1161,-0.2316,-0.2971,0.068,135545,21.88,213.153,,120.0,138.02,277.4,NFC,180.761,21.0,19.0,102.8,-0.3
2008-12-01,-0.0403,-0.1708,-0.1968,-0.1187,-0.3586,-0.42700000000000005,-0.0464,-0.3308,-0.33799999999999997,-0.2143,-0.4458,-0.6054,-0.0701,-0.2462,-0.3266,-0.0921,-0.363,-0.4255,-0.1232,-0.4194,-0.4566,-0.1031,-0.3567,-0.4317,0.0102,-0.2286,-0.3149,0.073,134839,21.94,211.398,,114.5,138.07,276.4,NFC,181.661,17.0,22.0,102.8,-1.2
2009-01-01,0.0148,-0.1304,-0.1609,0.0821,-0.2506,-0.3446,-0.001,-0.2313,-0.3971,0.0296,-0.3691,-0.5691,0.071,-0.1176,-0.2546,0.0325,-0.22399999999999998,-0.3977,0.0057,-0.301,-0.4508,0.0354,-0.2124,-0.4184,-0.0141,-0.1197,-0.3039,0.078,134055,21.97,211.933,,113.0,137.74,276.2,NFC,183.583,24.0,16.0,102.8,2.1
2009-02-01,-0.0848,-0.1086,-0.1945,-0.1272,-0.1676,-0.4208,-0.0469,-0.0921,-0.3486,-0.2817,-0.419,-0.6897,-0.0211,-0.0251,-0.2209,-0.1369,-0.1909,-0.4565,-0.09,-0.1975,-0.4887,-0.0581,-0.1252,-0.3808,-0.0235,-0.0275,-0.2745,0.083,133312,21.99,212.705,,113.0,137.83,273.4,AFL,184.345,25.0,14.0,102.8,-1.9
2009-03-01,-0.0808,-0.1462,-0.253,-0.0774,-0.1286,-0.4418,-0.1252,-0.16699999999999998,-0.4719,-0.1878,-0.3993,-0.7152,-0.09,-0.046,-0.2753,-0.168,-0.2586,-0.5308,-0.0883,-0.1656,-0.5365,-0.0452,-0.0688,-0.3715,-0.1264,-0.1589,-0.3343,0.087,132512,22.06,212.495,,113.6,139.11,270.6,AFL,183.515,28.0,29.0,108.7,0.5
2009-04-01,0.0422,-0.1232,-0.2536,0.1499,-0.07400000000000001,-0.3571,0.0326,-0.139,-0.4377,0.171,-0.3168,-0.6677,0.011000000000000001,-0.0994,-0.2358,0.0811,-0.2236,-0.5154,0.1505,-0.0454,-0.4606,0.1076,-0.0039,-0.3264,0.0076,-0.1404,-0.3407,0.09,131817,22.09,212.709,,114.8,139.06,268.7,AFL,183.538,15.0,23.0,110.3,-0.1
2009-05-01,0.0515,0.0073,-0.2067,0.1693,0.2406,-0.2737,0.1075,0.0004,-0.4306,0.2547,0.1933,-0.5953,0.0092,-0.0715,-0.2302,0.1928,0.0729,-0.4309,0.1757,0.2332,-0.3909,0.1211,0.1856,-0.2838,0.0369,-0.0873,-0.3479,0.094,131475,22.1,213.02200000000002,,116.8,138.88,266.8,AFL,183.071,18.0,19.0,110.3,1.3
2009-06-01,0.0575,0.1589,-0.1808,0.0056,0.3521,-0.2696,0.1462,0.3108,-0.3844,0.1536,0.6949,-0.4984,0.0779,0.0997,-0.1879,0.0546,0.36,-0.406,0.0747,0.4537,-0.3769,0.0335,0.2834,-0.2923,0.0314,0.0775,-0.3478,0.095,131008,22.13,214.79,,120.0,138.86,266.3,AFL,182.834,18.0,26.0,110.3,-2.0
2009-07-01,-0.0107,0.1,-0.1241,-0.0123,0.1613,-0.1693,-0.0778,0.1706,-0.449,-0.0339,0.3984,-0.3994,0.0169,0.1062,-0.1236,-0.0527,0.1917,-0.3504,-0.0558,0.193,-0.3658,0.0246,0.1872,-0.1904,0.0345,0.1063,-0.3079,0.095,130668,22.18,214.726,,119.3,138.71,258.5,AFL,184.692,18.0,36.0,110.3,1.1
2009-08-01,0.0667,0.11599999999999999,-0.10400000000000001,0.1002,0.0927,-0.1059,0.0599,0.1203,-0.3084,0.1069,0.2337,-0.3877,0.059000000000000004,0.1607,-0.1263,0.1117,0.1107,-0.3009,0.1361,0.1529,-0.2662,0.0884,0.1525,-0.1125,0.0419,0.1117,-0.2418,0.096,130485,22.23,215.445,,121.1,138.86,259.5,AFL,183.325,32.0,28.0,110.3,1.6
2009-09-01,0.0032,0.0587,-0.1315,0.0172,0.1054,-0.1647,-0.0091,-0.0315,-0.2924,0.1011,0.1776,-0.3356,0.0214,0.0999,-0.1301,0.0318,0.0866,-0.302,-0.001,0.0717,-0.2453,-0.0005,0.1146,-0.1431,0.0017,0.0797,-0.2452,0.098,130244,22.26,215.861,,121.3,139.29,257.0,AFL,183.086,11.0,25.0,111.1,-0.6
2009-10-01,0.0275,0.0996,-0.0777,0.053,0.1785,-0.0503,0.0564,0.1095,-0.1404,0.0185,0.2414,-0.2518,0.0024,0.0843,-0.0468,0.0469,0.2008,-0.1379,0.0416,0.1821,-0.0589,0.0416,0.1331,0.0554,0.0082,0.0523,-0.1191,0.1,130045,22.31,216.50900000000001,,122.3,139.4,257.0,AFL,183.583,33.0,21.0,111.1,0.3
2009-11-01,0.0173,0.0487,0.0509,-0.0212,0.0485,0.1831,0.0323,0.0806,0.0996,-0.0471,0.0687,-0.0859,-0.0213,0.0021,0.0529,-0.0276,0.0504,0.0128,-0.0448,-0.0061,0.134,-0.0067,0.0341,0.2361,-0.028999999999999998,-0.0193,-0.0322,0.099,130057,22.36,217.234,100.2,124.1,139.34,258.7,AFL,184.168,25.0,24.0,111.1,-0.4
2009-12-01,0.0453,0.0927,0.1446,0.0764,0.1095,0.4449,0.0349,0.1286,0.1934,0.0424,0.0117,0.2128,0.0954,0.0748,0.2403,0.0968,0.1166,0.2234,0.1216,0.1159,0.4506,0.0625,0.0993,0.4643,0.0516,0.0295,0.0074,0.099,129788,22.36,217.347,100.3,124.4,139.33,258.2,AFL,183.917,18.0,19.0,111.1,2.0
2010-01-01,-0.0204,0.0417,0.1048,0.0357,0.0912,0.38299999999999995,0.0059,0.0746,0.2017,-0.0163,-0.0229,0.1588,0.0231,0.0969,0.1849,0.0079,0.075,0.1943,0.0167,0.0892,0.4664,0.0557,0.1141,0.4929,0.0434,0.0654,0.0661,0.098,129790,22.41,217.488,101.2,125.9,139.5,257.6,AFL,182.172,20.0,21.0,111.1,-1.1
2010-02-01,-0.0034,0.0205,0.2031,-0.0311,0.0802,0.5352,-0.0478,-0.0088,0.2005,-0.0172,0.0078,0.5856,-0.0044,0.1157,0.205,-0.0142,0.0897,0.364,-0.0929,0.0343,0.4616,-0.0899,0.0208,0.4425,-0.055,0.0368,0.0318,0.098,129698,22.45,217.28099999999998,101.0,125.8,139.18,258.6,NFC,181.725,21.0,23.0,111.3,1.8
2010-03-01,0.0292,0.0048,0.3471,0.0587,0.0623,0.7616,0.0227,-0.0205,0.4033,0.0322,-0.002,1.015,0.0022,0.0208,0.3271,0.0459,0.0391,0.7146,0.0397,-0.0412,0.6668,0.0351,-0.0055,0.5638,-0.0108,-0.0247,0.1682,0.099,129879,22.45,217.35299999999998,101.1,126.3,139.38,264.9,NFC,182.212,19.0,17.0,111.3,-0.2
2010-04-01,0.0343,0.0609,0.3368,0.0763,0.10400000000000001,0.6489,0.03,0.0029,0.3998,0.0916,0.1074,0.8785,0.0287,0.0264,0.3503,0.0881,0.1218,0.7256,0.0818,0.0203,0.5672,0.0624,0.0009,0.5,0.0192,-0.0473,0.1816,0.099,130110,22.49,217.403,101.4,127.7,140.12,269.3,NFC,181.399,12.0,16.0,112.5,1.0
2010-05-01,-0.0143,0.0493,0.2533,0.06,0.2078,0.4947,0.0358,0.091,0.3092,0.0137,0.1423,0.5177,-0.044000000000000004,-0.0144,0.2792,0.0343,0.177,0.4963,-0.0053,0.1188,0.3261,0.013000000000000001,0.114,0.3553,0.0255,0.0338,0.1686,0.096,130650,22.53,217.29,101.6,126.7,140.35,273.1,NFC,180.841,19.0,21.0,112.5,-1.7
2010-06-01,-0.0506,-0.0321,0.1251,-0.0812,0.0483,0.3658,-0.133,-0.075,-0.0097,-0.1092,-0.0143,0.1719,-0.0687,-0.0841,0.1053,-0.1006,0.0121,0.276,-0.1068,-0.0388,0.1021,-0.0818,-0.0119,0.204,-0.0641,-0.0219,0.0604,0.094,130511,22.53,217.199,101.4,125.2,140.48,276.5,NFC,182.416,19.0,20.0,112.5,0.4
2010-07-01,-0.0278,-0.0902,0.1057,-0.0905,-0.1142,0.2576,-0.0445,-0.1418,0.0261,-0.0503,-0.1424,0.152,-0.0212,-0.1285,0.0639,-0.0652,-0.1304,0.2592,-0.069,-0.1728,0.0867,-0.0525,-0.1187,0.1135,-0.0136,-0.0534,0.0111,0.094,130427,22.59,217.605,101.6,125.2,140.65,279.1,NFC,183.974,12.0,23.0,112.5,-1.3
2010-08-01,0.0678,-0.0145,0.1068,0.0903,-0.0889,0.2463,0.1003,-0.0884,0.0653,0.0819,-0.0847,0.126,0.0259,-0.0648,0.0307,0.1208,-0.0577,0.2695,0.1475,-0.0458,0.0975,0.0867,-0.0546,0.1118,0.0911,0.0072,0.0588,0.095,130422,22.62,217.923,101.8,125.7,140.55,285.0,NFC,182.985,12.0,18.0,112.5,2.4
2010-09-01,-0.018000000000000002,0.0194,0.0834,-0.0398,-0.0479,0.1764,-0.051,-0.0023,0.0202,-0.0798,-0.0544,-0.0589,-0.0177,-0.0136,-0.0087,-0.0684,-0.0239,0.1462,-0.0332,0.0329,0.0622,-0.0546,-0.0265,0.0517,0.0088,0.0857,0.0663,0.095,130357,22.67,218.275,102.1,125.7,140.54,287.7,NFC,181.718,13.0,23.0,112.5,-0.1
2010-10-01,0.0426,0.0932,0.0993,0.09699999999999999,0.1484,0.2255,0.0874,0.1354,0.0501,0.0554,0.0508,-0.0249,0.0825,0.0909,0.0704,0.1024,0.1511,0.207,0.049,0.1637,0.0697,0.1054,0.1357,0.11599999999999999,0.0116,0.1134,0.0698,0.094,130625,22.74,219.035,102.5,127.1,139.94,287.7,NFC,181.503,12.0,21.0,112.5,1.0
2010-11-01,0.0348,0.0594,0.1181,0.0521,0.1082,0.3173,0.0571,0.0908,0.0753,0.0069,-0.0221,0.0304,0.0205,0.0852,0.1161,0.0244,0.0521,0.2715,0.0606,0.0756,0.1878,0.0557,0.1032,0.1861,0.0137,0.0344,0.1168,0.098,130750,22.73,219.59,102.8,129.2,140.11,287.7,NFC,182.741,5.0,20.0,112.5,-0.7
2010-12-01,-0.0118,0.0661,0.057,0.0371,0.19699999999999998,0.2691,0.0654,0.2246,0.107,0.0055,0.0685,-0.0061,-0.0233,0.079,-0.0049,0.0248,0.1573,0.188,0.0229,0.138,0.0833,-0.0069,0.1588,0.1086,-0.0232,0.0016,0.0374,0.09300000000000001,130822,22.76,220.472,103.1,131.0,140.44,288.1,NFC,182.363,6.0,26.0,112.5,-1.7
2011-01-01,0.0312,0.0545,0.1127,0.0292,0.12300000000000001,0.2612,0.081,0.2173,0.1896,0.1022,0.1159,0.1136,0.0346,0.0313,0.0064,0.0586,0.1113,0.2478,0.085,0.1771,0.156,0.0444,0.0949,0.0968,0.0119,0.0019,0.0061,0.091,130841,22.85,221.187,103.7,133.0,140.3,288.7,NFC,182.305,13.0,17.0,112.5,1.1
2011-02-01,-0.0146,0.0042,0.1002,-0.0077,0.0592,0.2917,0.0659,0.2275,0.3316,0.0204,0.1309,0.1563,0.0044,0.015,0.0153,0.0405,0.1288,0.3171,-0.0005,0.1092,0.2738,0.0315,0.0699,0.2431,0.0133,0.0016,0.0788,0.09,131053,22.87,221.898,104.3,135.3,140.45,288.2,NFC,183.814,15.0,22.0,112.5,1.7
2011-03-01,0.028999999999999998,0.0456,0.0999,0.0548,0.0772,0.2869,0.0757,0.2394,0.4007,0.0242,0.152,0.1473,0.0302,0.0706,0.0436,0.02,0.1235,0.2845,0.0193,0.1054,0.2488,0.0164,0.0951,0.2206,0.0034,0.0289,0.0944,0.09,131288,22.87,223.046,105.0,139.3,140.36,287.7,NFC,184.449,18.0,27.0,112.5,-0.9
2011-04-01,0.004,0.018000000000000002,0.0677,-0.0046,0.0419,0.1902,0.0184,0.1676,0.3849,-0.0237,0.0204,0.0261,0.013999999999999999,0.0493,0.0288,0.0175,0.0799,0.2012,0.0177,0.0368,0.1748,-0.0162,0.0315,0.1304,0.0028,0.0197,0.0768,0.091,131602,22.92,224.093,105.5,142.9,140.57,287.6,NFC,184.963,12.0,25.0,114.7,-0.3
2011-05-01,0.0547,0.0897,0.1424,0.0361,0.0879,0.1635,0.0025,0.0982,0.3404,-0.0036,-0.0036,0.0086,0.0677,0.1154,0.149,0.0293,0.0683,0.1955,0.0191,0.0572,0.2036,0.026000000000000002,0.026000000000000002,0.1449,0.0352,0.0417,0.087,0.09,131703,22.99,224.80599999999998,105.8,143.1,140.65,287.6,NFC,182.49,10.0,18.0,121.6,-0.1
2011-06-01,0.0212,0.0814,0.2289,-0.0103,0.0208,0.2532,-0.0462,-0.0263,0.4744,-0.0401,-0.0663,0.0868,0.0144,0.0983,0.2514,-0.0382,0.0073,0.2784,-0.0353,0.0005,0.2999,-0.0175,-0.0083,0.2252,0.0187,0.0575,0.1832,0.091,131939,23.01,224.80599999999998,105.9,142.2,140.71,286.3,NFC,184.006,6.0,30.0,118.2,1.7
2011-07-01,-0.0341,0.0404,0.2209,0.0,0.0255,0.3779,-0.0225,-0.0654,0.5083,-0.0292,-0.0715,0.111,-0.0128,0.0692,0.2622,-0.0067,-0.0166,0.3584,-0.0048,-0.0216,0.3896,-0.025,-0.0172,0.2607,-0.0106,0.0433,0.1868,0.09,131999,23.1,225.395,106.1,142.4,140.62,292.2,NFC,184.341,14.0,39.0,118.2,0.1
2011-08-01,-0.0016,-0.0152,0.1416,-0.0047,-0.015,0.2578,0.0347,-0.0353,0.4184,-0.0189,-0.0858,0.0074,-0.0304,-0.028999999999999998,0.1929,-0.0553,-0.0975,0.1449,-0.017,-0.0563,0.1903,0.0159,-0.0268,0.1785,0.0,0.0078,0.0877,0.09,132125,23.07,226.106,106.3,141.9,140.81,286.4,NFC,182.911,16.0,23.0,118.2,0.0
2011-09-01,-0.0071,-0.0425,0.1543,-0.0636,-0.068,0.2267,-0.1163,-0.1062,0.3208,-0.1104,-0.1527,-0.0262,-0.0308,-0.0722,0.1769,-0.0771,-0.134,0.1342,-0.0878,-0.1077,0.1231,-0.0631,-0.07200000000000001,0.1679,0.0137,0.003,0.0931,0.09,132358,23.11,226.597,106.7,141.7,140.93,286.4,NFC,184.305,9.0,33.0,121.6,1.5
2011-10-01,-0.046,-0.0542,0.0563,-0.0783,-0.141,0.0307,-0.1587,-0.2307,0.0219,-0.1234,-0.235,-0.1912,-0.0569,-0.1137,0.0254,-0.1063,-0.2208,-0.0805,-0.1779,-0.2628,-0.1198,-0.0441,-0.0902,0.0099,-0.01,0.0036,0.0697,0.08800000000000001,132562,23.21,226.75,106.3,141.2,141.09,286.6,NFC,185.525,5.0,30.0,121.6,-0.1
2011-11-01,0.0356,-0.019,0.0571,0.0994,-0.0511,0.077,0.158,-0.1391,0.1195,0.0956,-0.1457,-0.1199,0.0457,-0.0441,0.0507,0.1172,-0.0785,0.0028,0.1402,-0.1449,-0.0537,0.085,-0.0283,0.038,0.0223,0.026000000000000002,0.0788,0.086,132694,23.18,227.169,106.6,142.2,141.69,287.5,NFC,186.462,11.0,28.0,121.7,0.5
2011-12-01,0.0468,0.0343,0.1198,0.0168,0.0304,0.0559,0.0552,0.0281,0.1089,-0.0078,-0.0471,-0.1316,0.0264,0.0123,0.1042,0.0401,0.0385,0.0178,0.0375,-0.0275,-0.0402,0.0059,0.0433,0.0514,0.0236,0.0359,0.1305,0.085,132896,23.21,227.22299999999998,106.5,142.2,141.74,287.4,NFC,185.648,19.0,23.0,121.7,-2.4
2012-01-01,0.0228,0.1089,0.1108,0.0253,0.1462,0.052000000000000005,-0.0011,0.2206,0.0247,0.0424,0.1331,-0.1787,0.0385,0.1146,0.1083,0.0211,0.1866,-0.0183,-0.0029,0.1795,-0.11800000000000001,0.0125,0.1051,0.0193,0.028999999999999998,0.0768,0.1497,0.083,133250,23.24,227.842,106.9,142.2,141.58,287.4,NFC,186.245,15.0,43.0,121.7,3.3
2012-02-01,-0.0162,0.0534,0.109,0.0436,0.08800000000000001,0.1064,0.0103,0.0649,-0.0287,0.0678,0.1044,-0.1406,0.0231,0.0905,0.1289,0.0607,0.1265,0.0008,0.0946,0.1323,-0.034,0.0549,0.0744,0.0424,-0.0392,0.0119,0.09,0.083,133512,23.27,228.329,107.2,142.2,142.11,287.3,NFC,184.612,12.0,26.0,121.8,0.6
2012-03-01,0.0339,0.0404,0.1143,0.0461,0.1194,0.0973,0.0544,0.0641,-0.048,0.0437,0.1617,-0.1243,0.0084,0.0713,0.105,0.0216,0.1065,0.0024,-0.0077,0.083,-0.0597,0.0663,0.1389,0.0936,0.004,-0.0074,0.0906,0.08199999999999999,133752,23.36,228.80700000000002,107.4,144.2,142.35,287.3,NFC,186.468,11.0,22.0,121.8,1.0
2012-04-01,0.025,0.0425,0.1375,0.0395,0.1349,0.1458,-0.0484,0.0137,-0.1104,0.0628,0.1845,-0.0467,0.0387,0.0715,0.1318,0.0013,0.0851,-0.0135,-0.0073,0.0783,-0.0827,0.0361,0.1654,0.1516,0.0037,-0.0318,0.0916,0.08199999999999999,133834,23.39,229.187,107.7,144.1,142.62,287.3,NFC,187.609,9.0,20.0,124.2,0.3
2012-05-01,0.0029,0.0628,0.0816,0.0155,0.1043,0.1231,-0.0027,0.0007,-0.1149,-0.0191,0.0882,-0.0614,-0.0045,0.0426,0.0552,-0.011000000000000001,0.0118,-0.0521,-0.0068,-0.0216,-0.106,-0.0116,0.092,0.1095,0.0191,0.027000000000000003,0.0747,0.08199999999999999,133934,23.39,228.713,107.6,142.0,142.75,287.3,NFC,186.007,14.0,26.0,124.2,0.6
2012-06-01,-0.0211,0.0063,0.0369,-0.0733,-0.0217,0.0516,-0.1265,-0.171,-0.1894,-0.1095,-0.0716,-0.1293,-0.0438,-0.0113,-0.0053,-0.0799,-0.0888,-0.0931,-0.0938,-0.1065,-0.1602,-0.0789,-0.0567,0.0402,-0.0031,0.0198,0.0517,0.08199999999999999,134007,23.46,228.524,107.3,138.7,142.77,287.3,NFC,187.441,4.0,24.0,124.2,-0.7
2012-07-01,0.035,0.0161,0.111,0.034,-0.0269,0.0874,0.0645,-0.0727,-0.1173,0.0706,-0.0648,-0.0398,0.0654,0.0141,0.0735,0.0524,-0.0423,-0.0392,0.0596,-0.0463,-0.1059,0.0495,-0.0444,0.1197,0.0427,0.0594,0.1084,0.08199999999999999,134159,23.51,228.59,107.2,137.7,142.93,287.3,NFC,186.479,9.0,39.0,124.2,-1.6
2012-08-01,0.0335,0.0471,0.1501,0.0005,-0.0413,0.09300000000000001,0.0533,-0.0206,-0.1014,0.0007,-0.046,-0.0206,0.0123,0.0313,0.1208,0.0064,-0.0255,0.0236,-0.0054,-0.045,-0.0953,0.0222,-0.0117,0.1266,0.024,0.0644,0.135,0.081,134331,23.49,229.918,107.5,139.4,143.3,284.2,NFC,188.335,12.0,24.0,124.2,-0.7
2012-09-01,-0.0078,0.0613,0.1492,0.0372,0.0729,0.2107,0.0222,0.1461,0.0394,0.0279,0.1012,0.1316,0.0049,0.0838,0.162,0.0069,0.0665,0.1168,0.0191,0.07400000000000001,0.0108,0.0343,0.1097,0.2438,-0.045,0.0197,0.0692,0.078,134518,23.57,231.015,108.2,140.8,143.34,284.2,NFC,187.439,11.0,31.0,124.2,1.9
2012-10-01,0.0093,0.0349,0.2157,0.0319,0.0708,0.3554,0.0347,0.1141,0.2784,0.0377,0.0673,0.3396,0.0371,0.0551,0.2779,0.0132,0.0268,0.2662,0.0378,0.052000000000000005,0.2759,0.0161,0.0743,0.3221,0.0039,-0.0183,0.0842,0.078,134677,23.56,231.638,108.3,141.2,143.45,290.2,NFC,187.321,9.0,39.0,124.2,0.8
2012-11-01,-0.0106,-0.0092,0.1615,-0.0141,0.0552,0.2155,-0.0308,0.025,0.0699,0.013999999999999999,0.0815,0.2399,-0.0062,0.0357,0.2144,-0.0035,0.0167,0.1293,-0.0251,0.0311,0.0909,-0.0624,-0.0146,0.1425,0.017,-0.025,0.0786,0.077,134833,23.63,231.24900000000002,108.4,140.2,143.53,298.9,NFC,186.758,26.0,33.0,124.2,1.1
2012-12-01,0.0155,0.0141,0.1267,0.0342,0.0521,0.2362,-0.0008,0.002,0.013000000000000001,-0.0069,0.0449,0.24100000000000002,0.0088,0.0397,0.1935,0.02,0.0298,0.1074,0.0194,0.0314,0.0719,0.0114,-0.0364,0.1487,-0.0459,-0.0259,0.0054,0.079,135072,23.73,231.22099999999998,108.4,139.4,144.28,304.0,NFC,185.555,18.0,21.0,124.2,1.3
2013-01-01,-0.0169,-0.0123,0.0829,0.0105,0.0303,0.2183,0.0189,-0.0134,0.0333,0.0626,0.0701,0.2651,0.0084,0.0109,0.159,0.0375,0.0545,0.1253,0.0435,0.037000000000000005,0.1218,0.0092,-0.043,0.145,0.0003,-0.0294,-0.0227,0.08,135263,23.76,231.679,108.7,140.1,144.64,306.3,NFC,185.196,18.0,35.0,123.4,-1.1
2013-02-01,0.0486,0.0468,0.1542,0.0443,0.0912,0.2191,0.0659,0.0851,0.0901,0.0399,0.0974,0.23199999999999998,0.0592,0.0775,0.1999,0.0416,0.1022,0.1049,0.0213,0.0864,0.0467,0.001,0.0217,0.0865,0.0379,-0.0094,0.0558,0.077,135541,23.77,232.937,108.9,141.3,144.79,308.9,AFC,185.678,18.0,15.0,123.4,1.3
2013-03-01,0.021,0.0525,0.1398,-0.0006,0.0546,0.1646,-0.0049,0.0807,0.0289,-0.0006,0.1044,0.1797,0.0063,0.0749,0.1975,0.0094,0.0908,0.0917,-0.0252,0.0388,0.0282,-0.0054,0.0048,0.0134,0.0161,0.0549,0.0685,0.075,135680,23.81,232.282,108.9,141.2,145.05,303.4,AFC,187.978,24.0,27.0,123.4,-0.5
2013-04-01,0.0483,0.1223,0.1658,0.0506,0.0964,0.177,0.0249,0.0872,0.1081,0.0424,0.0833,0.157,0.0604,0.1303,0.2225,0.0243,0.077,0.1168,0.0238,0.0193,0.0604,0.0275,0.023,0.005,0.0485,0.1058,0.1162,0.076,135871,23.87,231.797,108.7,140.2,145.37,304.1,AFC,187.354,18.0,23.0,123.9,-0.1
2013-05-01,0.0292,0.1016,0.1963,0.0289,0.0802,0.1925,-0.0216,-0.0021,0.0871,0.0258,0.0687,0.21,0.0207,0.0891,0.2535,-0.012,0.0216,0.1156,0.0049,0.0028,0.0728,0.0152,0.0374,0.0322,0.0581,0.1272,0.1588,0.075,136093,23.89,231.893,108.6,139.4,145.38,310.3,AFC,186.845,16.0,44.0,123.9,0.9
2013-06-01,-0.0181,0.0594,0.1999,0.0321,0.1156,0.3281,0.0412,0.0442,0.2959,0.067,0.1409,0.4498,0.0309,0.1158,0.3514,0.0609,0.0737,0.2863,0.0272,0.0567,0.2161,0.0306,0.0749,0.1548,-0.08900000000000001,0.0107,0.059000000000000004,0.075,136274,23.97,232.445,109.0,138.8,145.33,314.8,AFC,186.603,19.0,28.0,123.9,-0.7
2013-07-01,-0.006,0.0045,0.1525,0.0087,0.0711,0.2956,-0.0249,-0.0066,0.1871,-0.0166,0.0764,0.3317,-0.013000000000000001,0.0385,0.252,-0.0165,0.0309,0.2022,-0.0406,-0.0097,0.1011,-0.0278,0.0172,0.0698,-0.0019,-0.0379,0.0137,0.073,136386,23.98,232.9,109.2,138.9,145.89,320.5,AFC,186.364,13.0,32.0,123.9,2.1
2013-08-01,0.0423,0.0174,0.1623,0.0546,0.0979,0.3657,0.0546,0.0707,0.1885,0.0556,0.1077,0.4049,0.0752,0.094,0.3297,0.0565,0.1024,0.262,0.0511,0.0358,0.1636,0.0363,0.0384,0.0846,0.046,-0.0488,0.0355,0.07200000000000001,136628,24.03,233.456,109.3,139.4,146.28,321.0,AFC,187.404,22.0,28.0,123.9,0.6
2013-09-01,-0.0459,-0.0115,0.1177,-0.0256,0.0366,0.2831,-0.0084,0.0197,0.153,-0.0488,-0.0126,0.3001,-0.0316,0.0277,0.2814,-0.0211,0.0172,0.2268,0.0069,0.0153,0.1496,-0.0128,-0.0054,0.0351,-0.0483,-0.0064,0.032,0.07200000000000001,136815,24.06,233.544,109.3,139.8,146.34,325.3,AFC,187.006,13.0,19.0,123.9,-0.2
2013-10-01,0.0023,-0.0033,0.1099,0.0389,0.0677,0.2918,0.0035,0.0494,0.1182,0.0137,0.0179,0.2701,0.0183,0.0603,0.2582,0.0434,0.0791,0.2633,0.0239,0.0836,0.1342,0.0171,0.0406,0.0362,0.0011,-0.0035,0.0291,0.07200000000000001,137040,24.09,233.669,109.5,138.9,145.96,326.3,AFC,184.145,20.0,18.0,.,-0.7
2013-11-01,0.0649,0.0183,0.1946,0.0513,0.0643,0.3775,0.0445,0.0394,0.2051,0.0316,-0.0053,0.2921,0.0446,0.0302,0.3226,0.0504,0.0729,0.3318,0.0431,0.0753,0.2135,0.0536,0.0579,0.1644,0.0355,-0.0135,0.0478,0.069,137304,24.16,234.1,109.7,137.7,146.51,326.3,AFC,184.80900000000003,21.0,22.0,.,1.3
2013-12-01,0.0158,0.0842,0.1949,0.0284,0.1233,0.3699,0.002,0.0502,0.2085,0.0457,0.0935,0.3605,0.0444,0.111,0.3694,0.0339,0.1332,0.3499,0.0151,0.0841,0.2084,0.0275,0.1012,0.183,-0.0191,0.0168,0.0772,0.067,137373,24.17,234.71900000000002,109.8,137.8,146.87,326.3,AFC,186.989,26.0,17.0,.,0.1
2014-01-01,-0.0042,0.0772,0.2105,0.018000000000000002,0.1007,0.3801,0.0168,0.0641,0.20600000000000002,0.0144,0.0943,0.2988,0.0013,0.0924,0.3596,0.0318,0.1205,0.3425,0.0328,0.0935,0.196,0.0259,0.1107,0.2026,-0.0042,0.0115,0.0724,0.066,137548,24.21,235.28799999999998,110.1,138.3,146.85,326.3,AFC,187.071,17.0,35.0,125.4,1.2
2014-02-01,-0.0499,-0.039,0.0967,-0.0591,-0.0149,0.2435,-0.0532,-0.0354,0.0712,-0.0357,0.0228,0.2044,0.0143,0.0607,0.3019,-0.0398,0.0242,0.2375,-0.0429,0.0034,0.1208,-0.0247,0.0281,0.1717,0.0332,0.0093,0.0676,0.067,137714,24.32,235.547,110.3,139.8,146.87,326.3,NFC,187.772,18.0,27.0,125.4,-1.1
2014-03-01,0.0319,-0.0237,0.1084,0.0542,0.0098,0.3117,0.0459,0.0068,0.1259,0.0219,-0.0005,0.2314,0.0456,0.0619,0.3529,0.0319,0.0222,0.265,0.0621,0.0499,0.2212,0.0334,0.034,0.2174,0.0283,0.057999999999999996,0.0805,0.067,137968,24.31,236.028,110.7,140.5,147.09,326.2,NFC,187.545,26.0,24.0,125.4,0.4
2014-04-01,0.0238,0.0037,0.0826,-0.0189,-0.0268,0.2249,0.0226,0.0126,0.1233,0.0419,0.0266,0.2308,0.0,0.0606,0.2758,0.0204,0.011000000000000001,0.2602,0.0171,0.034,0.2133,0.0145,0.0225,0.20199999999999999,0.0295,0.0939,0.0609,0.062,138293,24.34,236.468,110.8,139.7,147.07,327.4,NFC,189.072,17.0,31.0,127.7,1.1
2014-05-01,0.0265,0.0845,0.0797,-0.0153,0.0185,0.1724,0.0507,0.1238,0.2063,-0.0196,0.0437,0.1762,-0.0085,0.0367,0.2393,0.0082,0.0615,0.2859,0.0025,0.083,0.2105,0.0005,0.0489,0.1847,0.0417,0.1029,0.0445,0.063,138511,24.4,236.918,111.0,140.1,147.42,327.8,NFC,190.15,20.0,17.0,127.5,-0.3
2014-06-01,0.0183,0.0702,0.1198,0.0294,-0.0054,0.1694,0.0191,0.095,0.1807,0.0159,0.0377,0.12,0.0272,0.0184,0.2348,0.0208,0.0501,0.2372,0.0323,0.0527,0.2165,0.0395,0.0552,0.195,-0.0137,0.0578,0.1308,0.061,138837,24.44,237.231,110.9,140.5,147.53,327.7,NFC,189.474,24.0,73.0,127.5,3.0
2014-07-01,-0.006,0.0391,0.1198,0.0169,0.0308,0.1788,0.0519,0.1264,0.2736,0.0215,0.0174,0.1633,0.0223,0.0411,0.27899999999999997,0.0007,0.0299,0.2589,0.011000000000000001,0.0463,0.2819,0.0161,0.0568,0.2489,0.0373,0.0658,0.1752,0.062,139069,24.48,237.498,111.3,140.1,147.67,327.7,NFC,189.92,22.0,27.0,127.7,-1.0
2014-08-01,-0.036000000000000004,-0.0242,0.0356,-0.0181,0.0278,0.0976,-0.0398,0.0294,0.1597,-0.0193,0.0178,0.0808,-0.0049,0.0449,0.1837,-0.0447,-0.0242,0.1383,-0.0231,0.0195,0.1914,0.0107,0.0675,0.2179,-0.0699,-0.0484,0.045,0.061,139257,24.55,237.46,111.3,139.0,147.83,327.6,NFC,190.252,20.0,16.0,127.7,0.5
2014-09-01,0.0487,0.0049,0.1383,0.0479,0.0464,0.1804,0.0232,0.0335,0.1967,0.0483,0.0502,0.1912,0.053,0.0711,0.287,0.0472,0.0011,0.2177,0.0406,0.0277,0.2313,0.0378,0.0657,0.2804,0.0511,0.0141,0.1541,0.059000000000000004,139566,24.56,237.477,111.1,137.9,147.78,327.5,NFC,190.462,26.0,25.0,128.5,-0.4
2014-10-01,-0.0024,0.0085,0.133,-0.0336,-0.0055,0.098,-0.081,-0.0971,0.0959,-0.0132,0.0145,0.1595,0.0017,0.0496,0.266,-0.0214,-0.0211,0.1421,-0.0202,-0.004,0.1783,-0.0149,0.0333,0.2401,-0.022000000000000002,-0.0439,0.1275,0.057,139818,24.58,237.43,111.3,136.0,148.33,326.5,NFC,191.21,33.0,31.0,129.3,1.4
2014-11-01,0.0348,0.0826,0.10099999999999999,0.0258,0.039,0.0714,-0.0345,-0.0922,0.013000000000000001,0.0337,0.0694,0.1619,0.051,0.1086,0.2738,0.0436,0.0694,0.1346,-0.0218,-0.0027,0.105,0.0206,0.0434,0.2012,0.0769,0.107,0.1726,0.057999999999999996,140109,24.65,236.983,111.1,133.5,148.4,326.5,NFC,189.242,43.0,25.0,129.3,-1.4
2014-12-01,0.0523,0.0863,0.1406,0.0489,0.0399,0.0928,-0.0925,-0.1948,-0.0825,0.0155,0.0359,0.1283,0.0295,0.0839,0.2556,0.026000000000000002,0.0478,0.126,0.0122,-0.0299,0.1018,0.0443,0.05,0.2209,0.0086,0.0622,0.2056,0.055999999999999994,140377,24.65,236.252,110.8,130.1,149.09,326.4,NFC,188.856,41.0,17.0,129.3,1.9
2015-01-01,-0.0094,0.0788,0.1347,0.013000000000000001,0.09,0.0874,-0.0083,-0.1311,-0.1051,0.0243,0.0753,0.1393,-0.0094,0.0719,0.2423,0.0023,0.0732,0.0939,-0.0088,-0.0186,0.0575,-0.0184,0.0463,0.1682,0.0383,0.1278,0.2571,0.057,140568,24.73,234.747,110.1,126.0,148.97,321.9,NFC,191.029,50.0,25.0,129.6,-0.2
2015-02-01,-0.0105,0.0315,0.1818,-0.0325,0.027999999999999997,0.1181,-0.0286,-0.1257,-0.0819,-0.07200000000000001,-0.0347,0.0965,0.01,0.0301,0.2371,-0.0378,-0.0105,0.0962,-0.0173,-0.013999999999999999,0.0857,-0.0377,-0.0136,0.1526,0.0134,0.0613,0.233,0.055,140839,24.78,235.342,109.6,125.5,147.95,321.8,AFC,189.289,64.0,18.0,128.7,0.5
2015-03-01,0.0403,0.0198,0.1914,0.0834,0.0617,0.149,0.0311,-0.0067,-0.0948,0.0559,0.0037,0.133,0.0442,0.0448,0.2354,0.0532,0.0157,0.1188,0.079,0.051,0.10300000000000001,0.0799,0.0201,0.2045,-0.0644,-0.0155,0.1219,0.054000000000000006,140910,24.84,235.976,109.8,125.3,148.88,321.7,AFC,188.025,62.0,19.0,128.7,1.7
2015-04-01,-0.0266,0.0021,0.1328,-0.011000000000000001,0.0365,0.1582,-0.0131,-0.0114,-0.1264,-0.0127,-0.0326,0.0737,0.0008,0.0556,0.2364,-0.0344,-0.0215,0.0588,-0.0511,0.0062,0.0291,-0.0407,-0.0031,0.1389,-0.0199,-0.0707,0.068,0.054000000000000006,141194,24.89,236.222,109.6,125.1,149.02,322.4,AFC,187.608,44.0,34.0,137.6,-0.9
2015-05-01,-0.0035,0.0091,0.0997,0.0068,0.0787,0.1841,0.0633,0.0821,-0.1159,0.0087,0.0516,0.1047,-0.0045,0.0403,0.2414,0.0045,0.0216,0.0549,0.0378,0.0626,0.0653,0.0328,0.0699,0.1756,-0.0041,-0.0867,0.0211,0.055999999999999994,141525,24.96,237.00099999999998,110.0,126.5,149.37,322.3,AFC,186.976,41.0,24.0,137.6,0.7
2015-06-01,0.006999999999999999,-0.0232,0.0874,0.009000000000000001,0.0046,0.1606,-0.0504,-0.0034,-0.1762,0.0194,0.0152,0.1085,0.0439,0.04,0.2616,0.0018,-0.0283,0.0353,0.0,-0.0151,0.0319,0.0182,0.0088,0.1515,0.0113,-0.0128,0.0469,0.053,141699,24.98,237.657,110.3,126.6,151.72,322.3,AFC,187.081,52.0,22.0,137.6,0.3
2015-07-01,-0.0198,-0.0164,0.0723,0.01,0.0259,0.1527,-0.0417,-0.0324,-0.2495,0.0012,0.0295,0.0864,-0.0028,0.0363,0.2307,-0.0248,-0.0187,0.0089,-0.0367,-0.0002,-0.0167,-0.0424,0.006999999999999999,0.0852,-0.0697,-0.063,-0.0611,0.052000000000000005,142001,25.0,238.03400000000002,110.5,125.4,151.87,322.2,AFC,186.557,54.0,20.0,137.8,0.8
2015-08-01,0.0497,0.036000000000000004,0.1676,0.038,0.0577,0.2186,-0.0886,-0.1706,-0.2877,0.0182,0.0392,0.128,0.0201,0.0619,0.2616,-0.0088,-0.0317,0.0468,-0.0606,-0.095,-0.0544,0.0189,-0.0065,0.0941,0.0612,-0.0016,0.0713,0.051,142126,25.1,238.033,110.3,123.2,151.81,322.2,AFC,186.629,93.0,23.0,137.2,0.3
2015-09-01,-0.0781,-0.0515,0.0263,-0.0839,-0.0397,0.0652,-0.06,-0.179,-0.3456,-0.0904,-0.0728,-0.0213,-0.1047,-0.0893,0.0727,-0.0722,-0.1032,-0.0726,-0.0804,-0.1678,-0.1643,-0.0747,-0.0972,-0.0245,-0.0465,-0.0587,-0.0282,0.05,142281,25.11,237.498,109.9,121.9,152.22,322.1,AFC,187.449,68.0,20.0,137.4,-0.8
2015-10-01,0.0183,-0.0146,0.0477,0.0131,-0.0367,0.1166,-0.0394,-0.177,-0.316,-0.0122,-0.0852,-0.0203,-0.0328,-0.1167,0.0357,-0.0078,-0.0875,-0.0596,-0.0507,-0.1799,-0.1903,0.003,-0.0543,-0.0068,0.0331,0.0453,0.0265,0.05,142587,25.19,237.733,109.6,121.5,152.34,322.0,AFC,189.321,87.0,21.0,137.4,-0.3
2015-11-01,0.057,-0.0078,0.0701,0.0937,0.015,0.1904,0.091,-0.0149,-0.22699999999999998,0.0658,-0.0424,0.01,0.0807,-0.0642,0.065,0.0895,0.003,-0.0183,0.1315,-0.0122,-0.0634,0.1071,0.0275,0.0774,0.0076,-0.0075,-0.0395,0.051,142824,25.24,238.017,109.7,120.8,152.96,321.8,AFC,188.899,76.0,27.0,137.4,0.9
2015-12-01,-0.0078,0.0679,0.009000000000000001,-0.0005,0.1074,0.1344,0.0068,0.0552,-0.1425,0.0211,0.075,0.0157,-0.0038,0.0414,0.0306,0.0088,0.0906,-0.0347,0.009000000000000001,0.0838,-0.0663,0.0094,0.1209,0.0413,-0.0183,0.0219,-0.0651,0.05,143097,25.27,237.761,109.6,119.3,152.67,321.7,AFC,189.053,74.0,18.0,137.4,1.6
2016-01-01,0.0063,0.0553,0.0249,-0.0547,0.0334,0.0586,-0.1163,-0.0294,-0.2359,-0.0531,0.0305,-0.0611,-0.0099,0.066,0.03,-0.0484,0.046,-0.0835,-0.0664,0.0659,-0.1206,-0.0471,0.0648,0.0108,0.0026,-0.0083,-0.0973,0.049,143170,25.36,237.827,110.0,117.8,153.05,321.7,AFC,189.48,72.0,24.0,137.9,-2.0
2016-02-01,0.0165,0.0148,0.0528,-0.0404,-0.0933,0.05,-0.0485,-0.1535,-0.2516,-0.0737,-0.1044,-0.0629,-0.0671,-0.0799,-0.0487,-0.0484,-0.0864,-0.0936,-0.0976,-0.1499,-0.1925,-0.0235,-0.0608,0.0257,0.0507,0.0341,-0.0642,0.049,143433,25.38,237.514,109.7,117.2,153.22,321.6,AFC,188.763,93.0,18.0,137.9,2.8
2016-03-01,0.0111,0.0341,0.0232,0.0191,-0.0755,-0.0122,-0.0045,-0.163,-0.2775,-0.0176,-0.1383,-0.1281,0.0088,-0.0683,-0.081,0.0553,-0.0444,-0.0918,0.0973,-0.0756,-0.1788,0.0061,-0.0639,-0.0444,0.0294,0.0843,0.0296,0.05,143662,25.45,237.99,109.7,117.7,153.53,321.6,AFC,189.048,84.0,30.0,137.9,-1.0
2016-04-01,0.0318,0.0604,0.0846,0.0467,0.0237,0.0455,0.0674,0.011000000000000001,-0.2186,0.0541,-0.0407,-0.069,0.0135,-0.0462,-0.0694,0.0539,0.0583,-0.0088,0.0518,0.0414,-0.0898,0.0661,0.0473,0.062,0.0619,0.1485,0.1156,0.05,143849,25.53,238.835,109.8,118.5,153.8,321.5,AFC,188.399,67.0,30.0,137.9,0.8
2016-05-01,-0.0074,0.0355,0.0803,0.0104,0.0779,0.0493,0.1079,0.1771,-0.1858,0.042,0.0791,-0.0383,0.0359,0.0591,-0.0316,0.0203,0.1347,0.0068,0.0629,0.2267,-0.0678,-0.0415,0.027999999999999997,-0.0145,-0.0196,0.0717,0.0981,0.048,143891,25.58,239.44,110.1,119.9,154.2,321.4,AFC,189.236,58.0,32.0,137.9,1.2
2016-06-01,0.0048,0.0291,0.0779,-0.0069,0.0503,0.0327,-0.0172,0.1622,-0.1574,0.0107,0.1102,-0.0465,0.0173,0.068,-0.0563,-0.0114,0.0631,-0.0064,-0.0093,0.1076,-0.0765,0.0431,0.0658,0.0096,0.0142,0.0559,0.1013,0.049,144158,25.63,240.144,110.6,120.7,154.2,321.4,AFC,188.24400000000003,51.0,19.0,137.9,0.9
2016-07-01,0.0484,0.0456,0.153,-0.0093,-0.0059,0.0131,0.0293,0.1207,-0.0949,-0.0344,0.017,-0.0804,0.0104,0.0647,-0.0438,0.0072,0.016,0.0262,-0.0109,0.0416,-0.0518,-0.0145,-0.0148,0.039,0.0737,0.0676,0.271,0.048,144512,25.7,240.111,110.5,120.8,154.24,321.4,AFC,188.395,66.0,27.0,137.9,0.2
2016-08-01,-0.0107,0.0421,0.0867,0.0445,0.0277,0.0195,-0.0201,-0.0088,-0.027000000000000003,0.0395,0.0146,-0.0611,0.0473,0.0765,-0.0183,0.0339,0.0295,0.0704,0.0507,0.0296,0.0606,0.0703,0.1002,0.0914,-0.0146,0.0731,0.1802,0.049,144647,25.72,240.595,110.3,120.5,154.62,326.9,AFC,189.917,74.0,25.0,137.9,0.2
2016-09-01,-0.0091,0.0277,0.168,-0.0119,0.0226,0.0997,0.0214,0.0302,0.0573,0.0401,0.0441,0.0737,-0.0333,0.0229,0.06,0.0131,0.055,0.1689,0.0004,0.0397,0.1537,0.0114,0.0668,0.193,-0.0556,-0.0008,0.16899999999999998,0.05,144916,25.77,241.06799999999998,110.7,120.6,154.81,326.9,AFC,189.021,67.0,38.0,137.9,1.8
2016-10-01,-0.0192,-0.0386,0.1249,-0.0114,0.0203,0.0731,0.0368,0.0377,0.1412,-0.038,0.0402,0.0457,-0.0133,-0.0011,0.0813,-0.0083,0.0387,0.1682,-0.0191,0.0311,0.1921,0.0143,0.0979,0.2063,-0.0018,-0.0711,0.1295,0.049,145061,25.88,241.641,110.9,121.2,154.91,326.9,AFC,188.516,82.0,36.0,137.9,-0.5
2016-11-01,-0.006,-0.034,0.0579,-0.0179,-0.0407,-0.0364,-0.0226,0.035,0.0223,0.0296,0.0303,0.0102,-0.0612,-0.1046,-0.0606,-0.0162,-0.0116,0.0549,-0.0195,-0.0378,0.0331,-0.0027,0.023,0.0867,0.0057,-0.0519,0.1274,0.047,145212,25.91,241.993,111.1,121.1,155.51,327.3,AFC,188.081,80.0,18.0,137.9,1.0
2016-12-01,-0.0456,-0.0696,0.0176,0.0444,0.013999999999999999,0.0069,0.0966,0.1113,0.1135,0.1424,0.1315,0.1301,0.0212,-0.054000000000000006,-0.0371,0.092,0.0654,0.1419,0.0696,0.0287,0.0951,-0.0017,0.0098,0.0748,-0.0594,-0.0558,0.0801,0.047,145442,25.94,242.71200000000002,111.4,121.6,155.61,338.3,AFC,188.833,74.0,26.0,137.9,-3.4
2017-01-01,0.027000000000000003,-0.0258,0.0385,0.0033,0.0291,0.0686,0.004,0.0761,0.2651,0.0433,0.2271,0.2452,0.006999999999999999,-0.0345,-0.0206,0.0024,0.077,0.2028,-0.0056,0.0429,0.1664,0.0259,0.0214,0.1572,0.0462,-0.0104,0.1271,0.047,145627,26.0,243.717,111.9,122.3,155.98,340.9,AFC,188.098,106.0,53.0,137.9,2.7
2017-02-01,0.0114,-0.0087,0.0334,0.0356,0.0852,0.1532,-0.0371,0.0602,0.2804,-0.0051,0.1858,0.3375,0.0175,0.0463,0.0682,0.0128,0.1086,0.2801,0.0423,0.1086,0.3473,0.0384,0.0636,0.2306,0.0087,-0.0075,0.0821,0.046,145815,26.08,244.028,111.9,122.7,156.07,340.9,AFC,186.781,78.0,30.0,137.9,-0.5
2017-03-01,0.0533,0.0941,0.0765,0.0274,0.0675,0.1626,-0.0171,-0.0497,0.2643,0.0647,0.1052,0.4495,0.0698,0.096,0.1327,0.0465,0.0624,0.2694,0.0152,0.0523,0.2466,0.0421,0.1102,0.2747,0.0431,0.1007,0.0965,0.044000000000000004,145944,26.11,243.72099999999998,112.1,122.5,156.5,340.9,AFC,184.866,93.0,25.0,137.9,0.5
2017-04-01,-0.0085,0.0562,0.0344,0.0076,0.07200000000000001,0.1191,-0.0282,-0.0801,0.1511,-0.0496,0.0068,0.3069,-0.0133,0.07400000000000001,0.1028,-0.0202,0.0384,0.1802,-0.0057,0.0522,0.1785,0.0131,0.0964,0.2114,0.0055,0.0579,0.0382,0.044000000000000004,146141,26.17,244.058,112.5,122.8,156.6,340.9,AFC,187.727,68.0,20.0,140.0,1.5
2017-05-01,0.011000000000000001,0.0558,0.0536,0.0261,0.0623,0.1365,-0.0313,-0.0746,0.0065,-0.005,0.0068,0.2479,0.016,0.0725,0.0817,0.0214,0.0473,0.1814,0.017,0.0266,0.1275,0.0229,0.0799,0.2928,0.0099,0.0593,0.0696,0.044000000000000004,146296,26.21,243.926,112.6,122.7,156.56,340.0,AFC,186.041,87.0,22.0,141.6,0.3
2017-06-01,0.0262,0.0287,0.0761,0.0113,0.0456,0.1573,-0.0347,-0.0912,-0.0113,-0.0114,-0.0652,0.2206,0.0077,0.0102,0.0714,0.0184,0.0191,0.217,-0.0051,0.0061,0.1323,0.0379,0.0756,0.2863,0.0363,0.0523,0.0928,0.043,146512,26.27,244.179,112.6,122.4,156.51,350.3,AFC,186.337,79.0,28.0,141.7,-0.1
2017-07-01,-0.0305,0.0059,-0.0049,-0.0153,0.0218,0.1502,-0.0049,-0.0694,-0.0442,0.0612,0.0438,0.3413,0.0433,0.0681,0.1063,0.0106,0.0512,0.2211,0.0168,0.0288,0.16399999999999998,-0.03,0.0298,0.2661,-0.0309,0.0142,-0.0136,0.043,146727,26.36,244.328,112.7,122.2,157.14,350.8,AFC,186.624,96.0,28.0,141.7,-0.1
2017-08-01,0.0073,0.0022,0.0132,0.0195,0.0152,0.1226,0.0232,-0.0171,-0.0019,0.0181,0.0681,0.3137,0.0084,0.0602,0.0652,-0.0007,0.0284,0.1802,0.0172,0.0291,0.1269,0.0455,0.0526,0.2368,0.0242,0.0286,0.0252,0.044000000000000004,146911,26.38,245.304,113.1,122.9,157.89,351.1,AFC,186.852,69.0,25.0,141.7,0.8
2017-09-01,-0.0101,-0.0333,0.0122,-0.019,-0.0152,0.1146,-0.0539,-0.0367,-0.0755,-0.021,0.0577,0.2365,0.0153,0.0682,0.1189,0.0035,0.0134,0.16899999999999998,0.0071,0.0417,0.1345,0.0266,0.0411,0.2554,0.0328,0.0251,0.1212,0.042,146929,26.51,246.445,113.5,123.9,157.72,351.1,AFC,186.495,70.0,35.0,145.0,0.2
2017-10-01,-0.0153,-0.0182,0.0162,0.0033,0.0034,0.1312,0.0742,0.0399,-0.0421,0.0437,0.0403,0.3415,0.0069,0.0309,0.1418,0.0344,0.0373,0.2194,0.0266,0.0517,0.1873,0.0046,0.0783,0.2434,-0.0369,0.0188,0.0818,0.040999999999999995,147196,26.48,246.57,113.9,124.1,157.87,348.9,AFC,186.657,58.0,31.0,145.0,1.7
2017-11-01,-0.0137,-0.0386,0.0083,0.0233,0.0072,0.1787,0.0084,0.0249,-0.0117,0.0349,0.0574,0.3483,-0.0088,0.0133,0.2055,0.011000000000000001,0.0494,0.2531,0.0453,0.0807,0.2657,0.0675,0.10099999999999999,0.331,0.0413,0.0358,0.1201,0.042,147421,26.55,247.333,114.3,125.3,157.64,349.0,AFC,189.402,75.0,31.0,145.0,-0.1
2017-12-01,0.0505,0.0202,0.1099,0.0462,0.0741,0.1806,0.0186,0.1034,-0.08199999999999999,0.0318,0.1144,0.2179,0.0268,0.0248,0.2121,0.0367,0.0841,0.1895,0.0062,0.0798,0.1908,0.0032,0.0758,0.3375,0.0286,0.0316,0.225,0.040999999999999995,147551,26.64,247.847,114.3,125.5,157.99,347.6,AFC,187.64,94.0,27.0,145.0,-0.5
2018-01-01,0.0182,0.055,0.1005,0.0265,0.0989,0.2079,0.0435,0.0719,-0.0459,0.0192,0.0883,0.1898,-0.0053,0.0124,0.1974,0.0207,0.0697,0.2112,0.0198,0.0726,0.2212,0.012,0.0837,0.3193,-0.0725,-0.0066,0.086,0.040999999999999995,147672,26.71,248.81599999999997,114.8,126.5,158.74,347.6,AFC,188.142,105.0,51.0,145.0,1.5
2018-02-01,0.0114,0.0819,0.1005,0.081,0.1609,0.2609,0.0321,0.09699999999999999,0.0226,0.0566,0.1112,0.2635,0.0575,0.0801,0.2445,0.0435,0.1041,0.248,0.0273,0.0541,0.2035,0.0621,0.0783,0.3494,-0.0321,-0.0766,0.0421,0.040999999999999995,148078,26.75,249.475,115.1,126.8,158.99,347.3,NFC,187.218,99.0,29.0,145.0,0.0
2018-03-01,-0.075,-0.0474,-0.0336,-0.0276,0.079,0.1934,-0.1105,-0.042,-0.0745,-0.027000000000000003,0.0479,0.1547,-0.043,0.0067,0.1133,-0.0321,0.0309,0.1543,-0.0466,-0.0012,0.1303,0.0019,0.0769,0.2973,-0.0357,-0.1344,-0.0366,0.04,148254,26.84,249.41299999999998,115.4,126.5,159.52,347.3,NFC,187.094,86.0,31.0,145.0,1.0
2018-04-01,-0.0152,-0.0787,-0.0401,-0.0336,0.0158,0.1446,0.0072,-0.0753,-0.0409,-0.0454,-0.0185,0.1599,-0.0349,-0.0233,0.0889,-0.034,-0.0244,0.138,-0.0478,-0.0674,0.0824,-0.0464,0.0148,0.2211,0.0297,-0.0389,-0.0134,0.04,148391,26.91,249.957,115.5,127.1,160.21,351.3,NFC,188.364,78.0,33.0,146.2,0.2
2018-05-01,-0.0421,-0.1274,-0.0905,0.0266,-0.0353,0.1451,0.0937,-0.0201,0.0829,-0.0065,-0.0772,0.1581,0.0136,-0.0638,0.0863,-0.0265,-0.0898,0.0847,-0.0009,-0.0929,0.0634,0.0032,-0.0415,0.1977,0.0186,0.0114,-0.005,0.038,148669,26.98,250.64,116.0,128.2,160.53,357.0,NFC,188.045,65.0,33.0,146.2,0.6
2018-06-01,-0.0092,-0.0653,-0.1218,0.0277,0.0196,0.1637,0.0387,0.1441,0.1651,0.0044,-0.0474,0.1766,0.0071,-0.0149,0.0857,0.0383,-0.0236,0.1059,0.0337,-0.0166,0.1048,0.0765,0.0299,0.2422,-0.0136,0.0346,-0.0529,0.04,148888,27.04,251.176,116.3,128.2,161.78,362.0,NFC,186.379,69.0,35.0,146.2,-0.5
2018-07-01,0.0301,-0.0223,-0.0669,0.0216,0.0778,0.2073,-0.0114,0.12300000000000001,0.1575,-0.0414,-0.0435,0.0629,0.0031,0.0239,0.0439,-0.0508,-0.0405,0.0387,-0.0164,0.0159,0.0688,-0.0213,0.0569,0.2533,0.0222,0.0271,-0.001,0.038,149024,27.11,251.482,116.5,128.1,161.87,362.3,NFC,186.493,69.0,42.0,146.2,0.5
2018-08-01,0.0411,0.0627,-0.0356,0.0264,0.0776,0.2155,0.0138,0.040999999999999995,0.1469,0.0667,0.027000000000000003,0.1136,0.0708,0.0818,0.1085,0.0782,0.0627,0.1208,0.0338,0.0511,0.0862,0.0372,0.0927,0.2433,0.0096,0.018000000000000002,-0.0152,0.038,149268,27.22,251.905,116.5,127.6,161.73,362.5,NFC,185.514,78.0,17.0,146.2,-0.8
2018-09-01,0.0056,0.0785,-0.0202,0.0489,0.0999,0.2997,-0.0218,-0.0197,0.1857,0.005,0.0276,0.1431,0.043,0.1204,0.1387,0.0023,0.0259,0.1195,-0.0082,0.0085,0.0697,0.0535,0.0693,0.2759,0.0198,0.0525,-0.0276,0.037000000000000005,149348,27.31,252.261,116.7,127.7,161.87,363.4,NFC,185.224,79.0,23.0,146.2,1.5
2018-10-01,0.0056,0.0528,0.0006,0.0092,0.0866,0.3074,0.0166,0.0081,0.1221,-0.0187,0.052000000000000005,0.0748,0.0303,0.1507,0.1652,0.0332,0.1166,0.1182,-0.0145,0.0104,0.0268,0.0074,0.1008,0.2795,-0.0194,0.0096,-0.01,0.038,149549,27.36,252.77700000000002,117.5,128.3,162.77,363.4,NFC,184.692,74.0,31.0,146.2,0.1
2018-11-01,0.0207,0.0322,0.0355,-0.1027,-0.0501,0.1464,-0.1147,-0.1197,-0.0149,-0.0501,-0.0633,-0.0135,-0.0682,0.0014,0.0954,-0.1158,-0.0843,-0.022000000000000002,-0.0803,-0.1012,-0.0966,-0.0846,-0.0284,0.0972,0.0244,0.0244,-0.0261,0.037000000000000005,149683,27.44,252.662,117.4,126.2,162.93,361.8,NFC,184.545,67.0,20.0,146.2,0.6
2018-12-01,0.0241,0.0512,0.0095,0.0417,-0.0567,0.1415,0.0048,-0.0957,-0.0283,0.0383,-0.0322,-0.0073,0.0765,0.0335,0.1484,0.0533,-0.0378,-0.0063,0.0405,-0.057,-0.0659,0.0035,-0.0746,0.0976,0.0305,0.0351,-0.0243,0.039,149865,27.54,252.653,117.3,124.4,163.66,361.8,NFC,184.126,85.0,22.0,146.2,-0.1
2019-01-01,-0.1102,-0.0698,-0.1178,-0.11699999999999999,-0.1746,-0.0181,-0.1653,-0.2576,-0.2228,-0.1422,-0.1539,-0.1645,-0.1109,-0.1082,0.0264,-0.1414,-0.2004,-0.1641,-0.1069,-0.1454,-0.1819,-0.1282,-0.1992,-0.0545,-0.0487,0.0042,0.0008,0.04,150134,27.58,252.55,117.0,124.6,163.86,361.5,NFC,184.632,83.0,33.0,146.2,-0.1
2019-02-01,0.0659,-0.0287,-0.0703,0.1082,0.0194,0.0066,0.1423,-0.0421,-0.1398,0.1069,-0.013999999999999999,-0.1247,0.0657,0.02,0.0344,0.1343,0.0258,-0.0914,0.0711,-0.0047,-0.147,0.0922,-0.0445,-0.0277,0.0345,0.0141,0.0696,0.038,150135,27.69,253.18099999999998,117.2,125.9,164.32,361.5,AFC,183.43,85.0,19.0,146.2,0.2
2019-03-01,0.0177,-0.0347,0.0229,0.0302,0.0082,0.0665,0.0175,-0.0299,-0.016,0.0296,-0.0223,-0.0738,0.0159,-0.0375,0.098,0.0685,0.0406,0.003,0.0399,-0.0052,-0.0696,0.0771,0.0256,0.0452,0.0458,0.0292,0.1601,0.038,150282,27.76,254.095,117.7,126.6,164.54,361.8,AFC,182.898,75.0,24.0,146.2,0.8
2019-04-01,0.0316,0.11900000000000001,0.0715,0.0329,0.1793,0.1399,0.0146,0.1793,-0.0088,-0.031,0.1044,-0.0598,0.001,0.0837,0.1388,-0.0155,0.1932,0.0223,0.0079,0.1227,-0.0152,0.0462,0.2308,0.1467,0.02,0.1036,0.1492,0.036000000000000004,150492,27.81,254.94299999999998,118.2,126.8,164.41,360.8,AFC,183.312,88.0,23.0,147.2,-0.4
2019-05-01,0.0277,0.079,0.1496,0.0479,0.1152,0.1636,-0.0065,0.0257,-0.0995,0.0822,0.0797,0.0241,-0.0317,-0.0154,0.0879,0.0334,0.0871,0.0851,0.0293,0.079,0.0146,0.064,0.1989,0.2162,0.0064,0.0735,0.1354,0.036000000000000004,150577,27.87,255.167,118.4,127.0,164.4,360.8,AFC,182.107,87.0,35.0,148.3,-0.1
2019-06-01,-0.0362,0.0218,0.1183,-0.0798,-0.004,0.0419,-0.1052,-0.098,-0.2243,-0.0742,-0.0292,-0.055999999999999994,-0.0226,-0.0527,0.0558,-0.0808,-0.0648,-0.0393,-0.0805,-0.046,-0.0974,-0.0943,0.0081,0.0232,-0.0017,0.0247,0.149,0.037000000000000005,150759,27.96,255.40200000000002,118.2,125.6,164.71,360.8,AFC,182.115,96.0,24.0,148.3,1.1
2019-07-01,0.0481,0.0382,0.1378,0.0907,0.0518,0.1124,0.0901,-0.0309,-0.1447,0.0751,0.0772,0.0588,0.0688,0.0115,0.1249,0.0851,0.0308,0.0982,0.114,0.0544,0.0222,0.1088,0.0684,0.1591,0.021,0.0258,0.1477,0.037000000000000005,150953,28.05,256.087,118.5,125.6,165.53,360.8,AFC,183.13,95.0,45.0,148.3,0.4
2019-08-01,0.0211,0.0315,0.1159,0.002,0.0057,0.0859,-0.0386,-0.0623,-0.1889,0.0111,0.0064,0.0036,-0.0238,0.0198,0.0255,-0.0047,-0.0073,0.0137,-0.0112,0.0129,-0.0223,0.0135,0.0177,0.1327,-0.0037,0.0155,0.1326,0.037000000000000005,151160,28.16,256.29400000000004,118.6,124.9,166.2,363.4,AFC,184.129,87.0,31.0,148.3,0.6
2019-09-01,0.0144,0.0857,0.1257,-0.016,0.0754,0.0187,-0.0881,-0.0443,-0.2438,-0.0542,0.0281,-0.0555,-0.0118,0.031,-0.0284,-0.034,0.0432,-0.023,-0.0347,0.0633,-0.0484,-0.0252,0.0954,0.0481,0.0523,0.0705,0.1687,0.035,151368,28.16,256.593,118.3,125.0,166.36,362.8,AFC,183.76,86.0,37.0,148.3,-0.4
2019-10-01,0.0164,0.0528,0.1378,0.0166,0.0022,0.026000000000000002,0.0504,-0.0791,-0.2186,0.0536,0.0075,0.0141,0.0033,-0.0321,-0.0538,0.0382,-0.0018,-0.0183,0.0363,-0.0109,0.0007,0.0256,0.0133,0.067,0.0313,0.0813,0.2292,0.036000000000000004,151553,28.24,257.22900000000004,118.7,124.5,166.83,363.0,AFC,183.061,103.0,31.0,148.3,-0.4
2019-11-01,-0.0029,0.027999999999999997,0.1114,0.0041,0.0043,0.1481,-0.0194,-0.0606,-0.1345,0.0281,0.0244,0.0975,0.0541,0.0451,0.0703,0.0148,0.0178,0.1267,0.0034,0.0038,0.0918,0.0378,0.0376,0.2097,-0.0036,0.0814,0.1956,0.035,151814,28.34,257.824,118.6,124.7,167.6,363.0,AFC,182.375,122.0,38.0,148.3,1.1
2019-12-01,0.01,0.0235,0.096,0.0088,0.0297,0.1119,0.0144,0.0449,-0.1261,0.0443,0.1311,0.1038,0.0465,0.1068,0.0405,0.0376,0.0932,0.1099,0.0248,0.0656,0.0753,0.0506,0.1183,0.2665,-0.024,0.003,0.1325,0.035,151998,28.37,258.444,118.9,125.0,168.08,362.9,AFC,178.97400000000005,119.0,43.0,148.3,0.5
2020-01-01,0.0197,0.0269,0.256,0.0299,0.0432,0.2969,0.0228,0.0175,0.0709,0.0228,0.0981,0.3161,0.0249,0.1306,0.1995,0.0002,0.0531,0.2929,0.0315,0.0607,0.2421,0.0488,0.1435,0.5236,0.0316,0.0033,0.228,0.036000000000000004,152212,28.43,258.82,119.2,125.2,169.22,359.9,AFC,179.65599999999995,137.0,45.0,148.3,1.0
2020-02-01,0.0049,0.0349,0.1841,-0.0015,0.0375,0.1685,-0.11699999999999999,-0.0838,-0.1722,-0.0233,0.0432,0.1613,-0.0229,0.048,0.0997,-0.0061,0.0315,0.133,-0.0644,-0.0109,0.085,0.0318,0.1369,0.4393,0.0674,0.0747,0.267,0.035,152463,28.52,259.05,118.6,124.3,169.76,359.7,AFC,181.381,118.0,59.0,148.6,0.6
2020-03-01,-0.0836,-0.0609,0.0662,-0.0781,-0.0519,0.0456,-0.1328,-0.2168,-0.2945,-0.11699999999999999,-0.1179,-0.0041,-0.07200000000000001,-0.0707,0.0046,-0.0932,-0.0985,-0.0385,-0.08,-0.1121,-0.0402,-0.0574,0.02,0.2596,-0.0954,-0.004,0.0959,0.044000000000000004,151090,28.69,257.953,118.1,121.3,169.9,359.1,AFC,181.669,213.0,42.0,148.6,17.0
2020-04-01,-0.0881,-0.1602,-0.0575,-0.1879,-0.2524,-0.1779,-0.3924,-0.5347,-0.5775,-0.2598,-0.3616,-0.2392,-0.0758,-0.162,-0.0725,-0.2376,-0.3129,-0.2554,-0.1847,-0.2982,-0.2237,-0.1375,-0.1612,0.0384,-0.1485,-0.1778,-0.0851,0.147,130303,30.03,255.90200000000002,116.6,118.2,169.9,358.9,AFC,180.95,753.0,51.0,148.6,-7.4
2020-05-01,0.0934,-0.0863,0.0028,0.1979,-0.1032,-0.0603,0.3236,-0.3026,-0.4372,0.1283,-0.2625,-0.2068,0.1515,-0.0124,0.10300000000000001,0.1188,-0.2265,-0.1939,0.1749,-0.1188,-0.1139,0.1522,-0.0633,0.1245,0.0633,-0.1809,-0.0333,0.133,133028,29.7,255.768,117.2,119.0,170.17,358.9,AFC,179.553,260.0,43.0,148.6,8.6
2020-06-01,0.0228,0.0198,0.0641,0.1002,0.0702,0.1235,0.0398,-0.1638,-0.34600000000000003,0.0562,-0.1179,-0.0951,0.0382,0.1049,0.1717,0.0717,-0.0859,-0.0602,0.0881,0.0423,0.0486,0.0907,0.0839,0.3543,0.0544,-0.0453,0.021,0.111,137809,29.32,257.214,117.5,120.6,172.08,358.9,AFC,178.426,133.0,43.0,148.6,0.0
2020-07-01,-0.0086,0.1087,0.0065,0.0286,0.3555,0.0595,-0.0181,0.3514,-0.4109,-0.0111,0.1785,-0.1676,-0.0178,0.1743,0.0768,0.0263,0.2306,-0.1111,0.0169,0.3001,-0.0428,0.0723,0.3476,0.3098,-0.0535,0.0613,-0.0535,0.102,139570,29.35,258.723,118.0,122.1,174.74,358.9,AFC,179.37400000000005,145.0,47.0,148.6,-0.9
2020-08-01,0.0677,0.0827,0.0525,0.0747,0.2161,0.1363,-0.0521,-0.0322,-0.4191,0.0383,0.0845,-0.1452,0.0562,0.0771,0.165,0.0352,0.1386,-0.0754,0.0755,0.1901,0.0412,0.0705,0.252,0.3834,0.0763,0.0742,0.0225,0.084,141063,29.45,259.681,118.4,123.1,174.26,358.9,AFC,179.16400000000004,128.0,22.0,148.6,2.2
2020-09-01,0.0453,0.1065,0.0845,0.0931,0.2082,0.2623,-0.0147,-0.0829,-0.3724,0.0332,0.0609,-0.0663,0.0182,0.0563,0.2004,0.0799,0.1473,0.0336,0.0382,0.1356,0.1198,0.1137,0.2784,0.5806,-0.0285,-0.0102,-0.0559,0.079,141735,29.46,260.209,118.9,123.3,174.75,358.9,AFC,177.63099999999997,97.0,27.0,150.4,-0.7
2020-10-01,-0.0168,0.0974,0.0491,-0.012,0.1606,0.2269,-0.1654,-0.2205,-0.5013,-0.0305,0.04,-0.1408,-0.0199,0.054000000000000006,0.1726,-0.0005,0.1173,-0.005,0.0151,0.1335,0.0969,-0.0509,0.1316,0.4627,0.008,0.054000000000000006,-0.0773,0.069,142373,29.5,260.325,119.3,123.2,175.46,358.4,AFC,178.135,52.0,20.0,150.7,
