Date,CS_Mnth,CD_Mnth,Enrgy_Mnth,Fncl_Mnth,HlthC_Mnth,Indstrl_Mnth,Mtrls_Mnth,Tech_Mnth,Util_Mnth,Unempl,Jobs_Non-Farm (000s),Hrly_Wages,CPI_urban,PPI_Commodity,Imp_Exp _Indx,haircut_price,cardboard_pice,Cnstrct_InPlace ($mms),Houses_Sold (000s),House_starts (000s),"SB (AFC_0,NFC_1)",Cosmetics_ index,bodies,unidentified_ bodies,underwear,beer_ %change
12/1/1998,,,,,,,,,,0.044,127596,,164.4,,91,102.7,166.5,706989,949,1738,0,160.8,2,17,,0.8
1/1/1999,0.058,0.0333,-0.0013,-0.0127,0.0579,0.0599,0.0556,0.0077,-0.0077,0.043,127702,,164.7,,91.3,103,165,708818,875,1708,0,162.1,3,24,,-1.1
2/1/1999,-0.0143,0.055,-0.0631,0.0337,0.0429,-0.0038,-0.0299,0.1684,-0.012,0.044,128120,,164.7,,91.2,103.3,164.5,726308,848,1618,0,162.1,1,17,,0.6
3/1/1999,-0.0208,-0.0136,-0.0064,0.0078,-0.0057,-0.0013,0,-0.1188,-0.0411,0.042,128227,,164.8,,91.5,103.7,164.6,737226,863,1652,0,163.6,1,16,,-0.6
4/1/1999,0.0112,0.0563,0.1363,0.0311,0.0287,0.0204,0.0235,0.1152,-0.0577,0.043,128597,,165.9,,92.4,103.9,171.3,728788,918,1517,0,163,4,19,,3.4
5/1/1999,-0.0363,0.0228,0.1472,0.0691,0.048,0.1446,0.2496,-0.0133,0.0956,0.042,128808,,166,,93.1,104.4,174.8,727358,888,1562,0,163.5,1,23,,-0.8
6/1/1999,-0.0176,-0.0457,-0.0243,-0.0623,-0.0469,-0.0159,-0.085,-0.0004,0.0053,0.043,129089,,166,,92.9,104.3,177.2,739167,923,1506,0,165.8,3,26,,-1.5
7/1/1999,0.0148,0.0535,0.0204,0.0489,0.0447,0.0517,0.0496,0.0993,0.0434,0.043,129414,,166.7,,93.8,104.6,174.9,745815,900,1606,0,164.8,2,11,,1.1
8/1/1999,-0.039,-0.0645,0.0094,-0.0585,-0.0246,-0.0227,-0.0233,-0.0208,-0.0005,0.042,129569,,167.1,,94.8,104.9,183.1,741524,893,1618,0,165.7,,35,,0.1
9/1/1999,0.0127,-0.0367,0.0176,-0.0444,-0.0504,0.0049,-0.0386,0.0479,-0.0558,0.042,129772,,167.8,,95.8,105,190.5,751402,826,1575,0,168,1,28,,1.6
10/1/1999,-0.0869,-0.0158,-0.0481,-0.0671,-0.011,-0.0178,-0.0261,-0.0157,0.0183,0.041,130177,,168.1,,96,105.5,191.6,759906,872,1569,0,168.9,2,20,,0.3
11/1/1999,0.0986,0.087,-0.0159,0.1616,0.0572,-0.0181,0.0209,0.0381,0.0137,0.041,130466,,168.4,,96.7,106.1,191.9,781199,863,1611,0,168.2,4,28,,-0.2
12/1/1999,-0.0131,0.0088,-0.0046,-0.0515,0.0061,-0.0162,-0.0154,0.0909,-0.0365,0.04,130772,,168.8,,97.4,106.3,191.9,789431,873,1631,0,167.8,1,24,,1.6
1/1/2000,-0.0651,0.0783,0.0139,-0.0194,0.0889,0.0697,0.1099,0.1962,0.0011,0.04,131005,,169.3,,97.8,106.7,191.9,784940,873,1612,1,166.3,1,25,,-0.4
2/1/2000,-0.0034,-0.1149,0,-0.0224,-0.0252,-0.079,-0.1254,-0.0919,-0.0464,0.041,131124,,170,,99.7,107.2,191.5,793737,856,1706,1,165.7,2,25,,1.4
3/1/2000,-0.1139,-0.0632,-0.0475,-0.1105,-0.0646,-0.0535,-0.0898,0.1086,-0.0883,0.04,131596,,171,,99.9,107.5,192.3,809459,900,1548,1,166.5,2,21,,1.6
4/1/2000,0.0589,0.1538,0.1339,0.2015,0.094,0.1404,0.1038,0.0681,0.059,0.038,131888,,170.9,,98.5,107.5,197.5,804766,841,1544,1,167,2,30,,-1.3
5/1/2000,0.0405,-0.0295,-0.0106,-0.0567,-0.0167,0.0144,-0.058,-0.0669,0.0598,0.04,132105,,171.2,,98.8,108.2,201.3,805005,857,1525,1,166.8,1,23,,2.5
6/1/2000,0.0743,-0.0619,0.1017,0.0769,-0.0277,-0.0063,-0.0382,-0.0997,0.0033,0.04,132061,,172.2,,100.2,108.5,203.3,795411,793,1522,1,167.5,3,23,,1.2
7/1/2000,0.0375,-0.0486,-0.0612,-0.0565,-0.0106,-0.0386,-0.0596,0.0759,-0.0149,0.04,132236,,172.7,,100.2,108.7,203.2,783795,887,1419,1,166.6,,26,,0.7
8/1/2000,-0.0262,0.017,-0.0248,0.0941,-0.0075,0.0149,-0.0039,-0.052,-0.0017,0.041,132230,,172.7,,100.4,109.4,202.9,805341,848,1502,1,167.4,2,22,,0.7
9/1/2000,-0.0147,-0.0502,0.0966,0.0968,0.0344,0.1014,0.0134,0.1128,0.0404,0.039,132353,,173.6,,101.6,109.8,203.5,814330,912,1458,1,167.8,1,21,,0
10/1/2000,0.0318,0.0025,0.0203,0.0164,-0.026,-0.0463,-0.1008,-0.1748,0.1035,0.039,132351,,173.9,,101.2,110,204.3,816100,933,1519,1,165.7,3,17,,1.4
11/1/2000,0.0774,-0.005,-0.0247,-0.0162,0.0101,0.0382,0.0966,-0.081,0.0718,0.039,132556,,174.2,,101.2,110.2,204.3,820054,880,1522,1,166,,14,,1
12/1/2000,0.0292,-0.024,-0.0584,-0.0362,-0.0904,-0.0308,-0.0118,-0.1734,-0.0082,0.039,132709,,174.6,,100.5,110.6,204.3,811516,983,1491,1,168.1,,23,,-5.3
1/1/2001,0.0397,0.0673,0.1157,0.0774,0.0047,0.0246,0.1074,-0.1206,-0.0313,0.042,132698,,175.6,,100.5,110.8,204.3,814479,936,1575,0,168.5,5,20,,6.5
2/1/2001,-0.07,0.1055,-0.048,-0.0015,0.0926,0.0026,-0.0244,0.1903,-0.0452,0.042,132789,,176,,99.9,111,204.3,813647,963,1565,0,168.4,,24,,-1.6
3/1/2001,0.0008,-0.0695,-0.0087,-0.0778,-0.0329,-0.0645,-0.0019,-0.2611,0.0111,0.043,132747,,176.1,,98.3,111.2,204.3,828057,939,1554,0,168.9,2,20,,-0.5
4/1/2001,-0.0691,-0.0256,-0.0424,-0.0363,-0.0554,-0.0919,-0.0331,-0.0976,-0.016,0.044,132463,,176.4,,97.8,111.9,204,842392,909,1609,0,169.4,1,26,,0
5/1/2001,0.0206,0.0604,0.101,0.0438,0.072,0.1079,0.0767,0.1543,0.0547,0.043,132410,,177.3,,98,112.3,202.8,848146,885,1552,0,164.5,2,26,,0.5
6/1/2001,0.0115,0.0109,-0.0024,0.0416,0.0315,0.0489,0.0503,-0.0312,-0.0091,0.045,132299,,177.7,,97.6,112.3,202.8,855730,882,1565,0,166.8,2,21,,0.8
7/1/2001,-0.0379,-0.0022,-0.0985,0,-0.0084,-0.0631,-0.0518,0,-0.052,0.046,132177,,177.4,,96.1,112.8,202.8,850471,880,1627,0,167.8,3,29,,-0.6
8/1/2001,0.0252,0.042,0.005,-0.013,-0.0237,0.0052,0.0064,-0.043,-0.0097,0.049,132028,,177.4,,96,113,200.9,847465,866,1521,0,167.4,3,25,,-0.2
9/1/2001,-0.002,-0.0819,-0.053,-0.0735,-0.0485,-0.0474,-0.0204,-0.1569,-0.0261,0.05,131771,,178.1,,95.9,113.2,199.5,837412,853,1515,0,168.9,1,21,,-0.1
10/1/2001,0,-0.1301,-0.1093,-0.0582,-0.1439,-0.145,-0.1132,-0.1493,-0.0231,0.053,131454,,177.6,,93.7,113.4,199.2,845941,871,1505,0,169.3,5,24,,0.7
11/1/2001,-0.0028,0.047,0.0465,-0.0081,-0.0013,0.019,0.0375,0.1227,-0.0414,0.055,131142,,177.5,,92.3,114,198.3,843911,924,1554,0,169.3,2,31,,1.8
12/1/2001,0.0346,0.1275,-0.0582,0.0517,0.1163,0.0919,0.0944,0.1279,-0.0275,0.057,130982,,177.4,,91.4,113.7,196.7,849689,979,1547,0,168.3,2,23,,-0.1
1/1/2002,-0.0308,0.0626,0.0583,0.0195,0.0382,0.0466,-0.0165,0.0062,0.0246,0.057,130852,,177.7,,91.6,113.6,196.4,858654,880,1643,0,167.5,6,27,,-0.7
2/1/2002,0.0123,0.0208,-0.0348,-0.0076,-0.0055,-0.0601,0.0308,-0.0348,-0.0233,0.057,130736,,178,,91.6,113.7,196.2,862338,948,1807,0,168.6,4,28,,1.6
3/1/2002,0.0161,0.0085,0.047,-0.0077,0.037,0.0332,0.0394,-0.1117,0,0.057,130717,,178.5,,92.8,114.3,196.7,844551,923,1589,0,167.4,2,17,,-0.6
4/1/2002,0.0023,-0.0118,0.0767,0.0447,0.0374,0.0067,0.0239,0.0287,0.0239,0.059,130623,,179.3,,94.3,114.7,196.7,858240,936,1554,0,168,5,27,,-0.6
5/1/2002,-0.0312,-0.0034,-0.0482,-0.0112,0.0137,-0.0623,-0.0391,-0.1194,-0.057,0.058,130634,,179.5,,94.4,114.9,195.1,850935,978,1723,0,167.6,3,22,,0.3
6/1/2002,-0.0107,-0.0085,-0.0145,-0.0068,0.0153,0.0119,0.0487,-0.0359,-0.0046,0.058,130684,,179.6,,94.1,114.9,195.1,846777,957,1670,0,167.7,1,22,,0
7/1/2002,-0.1044,-0.0528,-0.0363,-0.0545,-0.0818,-0.0637,-0.0232,-0.1363,-0.0695,0.058,130590,,180,,94.5,115.1,195.9,847129,956,1615,0,166.1,1,27,,-0.2
8/1/2002,-0.0493,-0.1209,-0.1554,-0.0837,-0.0291,-0.0642,-0.1102,-0.102,-0.1465,0.057,130587,,180.5,,94.8,115.4,198.8,839008,1014,1600,0,166.3,1,29,,-1
9/1/2002,0.0024,0.0112,0.0099,0.0048,0.0037,-0.0299,-0.017,-0.0226,0.0361,0.057,130501,,180.8,,95.5,115.4,199.9,832134,1044,1732,0,166.7,3,26,,-0.6
10/1/2002,-0.064,-0.0725,-0.0536,-0.0935,-0.0425,-0.0974,-0.117,-0.1379,-0.1234,0.057,130628,,181.2,,95.5,115.5,202.4,839690,1006,1624,0,167.5,5,37,,-1.2
11/1/2002,0.0307,0.0596,0.0165,0.0753,0.0366,0.0377,0.0358,0.2228,-0.0397,0.059,130615,,181.5,,94.6,115.8,200.5,844697,1024,1711,0,166.9,7,25,,0.7
12/1/2002,-0.0195,0.0854,0.0455,0.0571,0.047,0.0721,0.142,0.2055,0.0391,0.06,130472,,181.8,,95.2,115.9,200.6,855921,1048,1738,0,165.9,8,20,,2.9
1/1/2003,-0.0045,-0.1044,-0.0036,-0.0696,-0.0395,-0.0467,-0.0525,-0.1534,0.0281,0.058,130580,,182.6,,96.9,116.3,200.6,863855,999,1815,1,166.7,11,26,,-2.6
2/1/2003,-0.0335,-0.042,-0.029,-0.0181,-0.0075,-0.0552,-0.0624,-0.0315,-0.0299,0.059,130444,,183.6,,98.5,116.5,201.3,859225,936,1583,1,166.8,8,15,,-0.1
3/1/2003,-0.0295,0.0022,0.0257,-0.0162,-0.0207,-0.0147,-0.025,0.0083,-0.0479,0.059,130232,,183.9,,99.1,117,201.2,851132,999,1662,1,166.5,7,28,,1.1
4/1/2003,-0.0224,0.0147,-0.0004,-0.0188,0.0338,0.0031,0.0071,-0.0137,0.0341,0.06,130177,,183.2,,96,117.4,201.1,859459,1012,1616,1,167.5,10,18,,0.8
5/1/2003,0.0392,0.117,-0.0013,0.1177,0.0298,0.1003,0.0829,0.085,0.0805,0.061,130196,,182.9,,95.3,117.8,201.4,866814,1078,1717,1,168.2,11,27,,-1.1
6/1/2003,0.0593,0.0654,0.1022,0.0616,0.026,0.0374,0.041,0.0918,0.115,0.063,130194,,183.1,,96.2,117.6,201.1,880865,1193,1822,1,169.5,11,30,,0.6
7/1/2003,-0.0094,-0.0074,-0.0289,-0.0181,0.0246,0.0009,-0.0067,-0.0053,-0.0139,0.062,130191,,183.7,,96.7,117.9,200.9,891264,1168,1850,1,169.7,6,28,,1.3
8/1/2003,-0.0025,0.0298,-0.0268,0.0546,-0.012,0.0419,0.0818,0.039,-0.0559,0.061,130149,,184.5,,96.7,118.3,200.4,901839,1206,1796,1,168.5,7,22,,2.2
9/1/2003,0.024,0.0579,0.0585,-0.0113,-0.0323,0.054,0.0336,0.0615,0.0101,0.061,130254,,185.1,,96.2,119.2,200.3,911589,1131,1888,1,168.4,14,20,,1
10/1/2003,-0.0049,-0.0489,-0.0248,0.0043,0.0065,-0.041,-0.0494,-0.0123,0.0477,0.06,130454,,184.9,,96.3,119.4,198.7,925732,1144,1925,1,169,11,32,,0.8
11/1/2003,0.0492,0.0891,0.0133,0.0686,0.0054,0.0632,0.0888,0.0738,0.0091,0.058,130474,,185,,96.8,118.5,198.4,925985,1093,2026,1,167.8,10,24,,-1.3
12/1/2003,0.0033,0.0099,0.0111,-0.0011,0.0249,0.0209,0.0289,0.0111,0.0009,0.057,130588,,185.5,,97.5,118.6,198.5,948491,1129,1958,1,167.3,13,32,100,1.4
1/1/2004,0.0159,0.0333,0.1309,0.0353,0.0468,0.063,0.0915,0.023,0.0545,0.057,130769,,186.3,,99,118.7,198.5,938525,1165,1881,1,168.2,8,18,100,-0.1
2/1/2004,0.0014,-0.0101,0.0155,0.0316,0.0281,-0.0063,-0.0484,0.0435,0.0252,0.056,130825,,186.7,,99.4,119.1,197.6,937813,1159,1815,0,169.5,9,19,100,-0.2
3/1/2004,0.0615,0.0249,0.0577,0.0289,0.0103,0.0011,0.0556,-0.0286,0.0196,0.058,131142,,187.1,,100.2,119.4,197.1,961159,1276,1964,0,168.8,8,31,100,0.3
4/1/2004,-0.0125,-0.0062,-0.0161,-0.0087,-0.0437,-0.0123,-0.0248,-0.0222,-0.0037,0.056,131411,,187.4,,100.4,119.6,195.8,967602,1186,1982,0,168.7,7,25,100.2,1.4
5/1/2004,0.0206,-0.0166,0.0184,-0.0506,0.0333,-0.0068,-0.0506,-0.0375,-0.0361,0.056,131694,,188.2,,101.9,119.9,200.3,974381,1241,1956,0,170.7,4,29,100.2,0.4
6/1/2004,-0.0107,0.0032,0.0033,0.0107,-0.0077,0.0209,0.0248,0.02,0.0043,0.056,131793,,188.9,,101.7,120.2,207,983087,1180,1785,0,170.4,7,24,100.2,-0.6
7/1/2004,0.0039,0.0079,0.0523,0.0018,-0.0052,0.0699,0.0465,0.0372,0.0119,0.055,131848,,189.1,,102.1,120.5,207.6,1006184,1088,1982,0,169.5,6,24,100.2,0.3
8/1/2004,-0.0553,-0.0401,0.0285,-0.0186,-0.0549,-0.0354,-0.028,-0.0649,0.0142,0.054,131937,,189.2,,103.6,121.4,215.7,1013616,1175,1994,0,169.2,11,23,100.2,0.1
9/1/2004,0.021,-0.0043,-0.0154,0.0332,0.0183,0.0068,0.02,-0.0383,0.038,0.054,132093,,189.8,,104.1,121.5,218.8,1012080,1214,1858,0,169.1,14,21,100.2,0.7
10/1/2004,-0.0296,0.03,0.0953,-0.0135,-0.0224,0.0089,0.0354,0.0355,-0.0028,0.055,132447,,190.8,,105.8,121.6,218.7,1015719,1305,2038,0,170.1,12,24,100.2,1
11/1/2004,0.0069,0.0407,0.0086,0.0067,-0.024,0.0188,-0.0033,0.0426,0.0543,0.054,132503,,191.7,,105.5,122.1,218.7,1022994,1179,1762,0,170.7,11,23,99.7,-0.5
12/1/2004,0.0248,0.0453,0.058,0.0331,0.0214,0.0651,0.0788,0.0524,0.0333,0.054,132624,,191.7,,104,122.8,219,1037480,1242,2002,0,169.2,8,19,99.7,-0.7
1/1/2005,0.0425,0.0442,-0.0348,0.0371,0.061,0.0212,0.0078,0.0081,0.0183,0.053,132774,,191.6,,104.6,123.2,216.9,1046082,1203,2118,0,169.6,7,27,100.2,-1.6
2/1/2005,0.0043,-0.046,0.046,-0.0244,-0.0361,-0.0304,-0.0349,-0.0597,0.0252,0.054,133032,,192.4,,105.5,123.8,216.9,1066848,1319,2176,0,170.3,13,18,100.2,5.2
3/1/2005,0.0017,-0.0065,0.1586,-0.005,0.0324,0.0132,0.0887,0.005,0.0211,0.052,133156,,193.1,,107.8,124,216.8,1071745,1328,1838,0,169.7,15,18,100.2,-2.1
4/1/2005,-0.0102,-0.0089,-0.0073,-0.0419,-0.0086,-0.0062,-0.0412,-0.0299,0.0103,0.052,133518,,193.7,,108.8,124.1,216.8,1081012,1260,2028,0,170.4,6,14,100.2,1.2
5/1/2005,-0.0142,-0.0414,-0.0677,0.0031,0.0336,-0.0334,-0.0663,-0.0277,0.0279,0.051,133690,,193.6,,107.9,123.8,217.9,1093341,1286,1994,0,171.1,19,24,100.2,-1.1
6/1/2005,0.0188,0.037,0.0353,0.0213,0.0093,0.0315,-0.0068,0.0654,-0.0026,0.05,133942,,193.7,,109.2,123.9,217.7,1105896,1274,2037,0,171.1,5,34,103.5,1.8
7/1/2005,-0.0193,-0.0045,0.0618,0.0123,-0.0077,-0.027,-0.0226,-0.0079,0.0521,0.05,134296,,194.9,,110.5,124.4,216.8,1119101,1389,2029,0,171,11,41,103.5,-0.3
8/1/2005,0.0289,0.0531,0.0744,0.0155,0.0273,0.0331,0.0515,0.0544,0.0233,0.049,134498,,196.1,,112.1,124.5,216.4,1129163,1255,2063,0,171.9,12,28,103.4,0.8
9/1/2005,-0.0162,-0.0331,0.0728,-0.0193,-0.0078,-0.0383,-0.0385,-0.0128,-0.0015,0.05,134566,,198.8,,114.4,124.8,213.1,1148438,1244,2109,0,172,8,27,103.4,1.1
10/1/2005,0.003,-0.0283,0.0536,0.0037,-0.0079,0.0289,0.0011,-0.0005,0.0432,0.05,134655,,199.1,,114.5,124.9,212.9,1160831,1336,2034,0,172.7,12,26,103.5,1
11/1/2005,0.0056,-0.0221,-0.1016,0.0263,-0.0318,-0.0135,0.0062,-0.0225,-0.0666,0.05,134993,,198.1,,112.3,125.2,215,1172090,1214,2126,0,172.9,12,30,103.6,0.7
12/1/2005,0.0116,0.043,0.0286,0.0532,0.0181,0.0616,0.0744,0.0746,-0.0029,0.049,135149,,198.1,,112.3,126,217.4,1184677,1239,1967,0,173.1,10,22,103.6,1
1/1/2006,-0.0123,-0.0226,0.0136,-0.0119,0.0252,-0.0164,0.0118,-0.0411,0.0041,0.047,135429,,199.3,,113.7,125.9,217.3,1195642,1174,2251,0,174,19,30,103.6,1.1
2/1/2006,-0.0021,0.0206,0.1355,0.0073,0.016,0.0077,0.0578,0.0229,0.0222,0.048,135737,,199.4,,112.8,126.9,216.6,1205639,1061,2109,1,173.8,6,23,103.6,3.3
3/1/2006,0.0168,0.0106,-0.0826,0.026,0.0053,0.0395,-0.0257,0.013,-0.0003,0.047,136047,20.04,199.7,,112.7,127.2,227,1205169,1116,1930,1,173.5,15,31,103.8,-2.7
4/1/2006,0.0042,0.0087,0.0381,-0.0055,-0.0111,0.0417,0.0541,0.0244,-0.0403,0.047,136205,20.17,200.7,,115.1,127.2,222.9,1193296,1123,1801,1,172.1,14,23,104.5,0.6
5/1/2006,0.0059,0.008,0.0511,0.0442,-0.0364,0.0129,0.0287,-0.0148,0.0116,0.046,136244,20.13,201.3,,117.2,127.3,224.3,1180581,1086,1924,1,171.3,19,31,104.5,0.6
6/1/2006,-0.0004,-0.0141,-0.0443,-0.0391,-0.0149,-0.0171,-0.0505,-0.0701,0.0118,0.046,136325,20.22,201.8,,117.3,127.6,232.3,1172128,1074,1761,1,171.8,10,26,104.5,0
7/1/2006,0.0151,-0.0027,0.0373,-0.0086,-0.0079,0.0018,0.0091,-0.0064,0.0218,0.047,136520,20.3,202.9,,118.2,127.9,233.5,1157926,965,1704,1,171.7,15,30,104.5,0.1
8/1/2006,0.0169,-0.0382,0.0261,0.0176,0.0546,-0.0666,-0.0416,-0.0281,0.0444,0.047,136694,20.31,203.8,,118.8,128.2,236.9,1145907,1035,1613,1,171.7,11,28,104.5,0.2
9/1/2006,0.0385,0.0236,-0.0434,0.0194,0.0289,0.0246,0.0311,0.0811,0.0319,0.045,136843,20.41,202.8,,116.2,128.5,238.9,1135753,1016,1688,1,173.8,15,25,104.5,0.9
10/1/2006,-0.0156,0.0588,-0.0496,0.0292,0.0085,0.0355,-0.0113,0.0295,-0.0209,0.044,136852,20.44,201.9,,113.3,129.2,239.3,1122914,941,1475,1,173.7,16,24,104.5,-0.3
11/1/2006,0.0262,0.067,0.0451,0.0295,0.0051,0.0244,0.0648,0.0478,0.0512,0.045,137063,20.48,202,,113.8,129.5,239.3,1121749,1003,1546,1,172.6,10,25,104.5,1.9
12/1/2006,-0.0066,0.0099,0.0807,0.002,0.0015,0.0174,0.0408,0.0174,0.0223,0.044,137249,20.57,203.1,,115.1,129.6,250.4,1135406,998,1617,1,177.5,14,25,104.5,-0.1
1/1/2007,0.0148,0.0247,-0.0299,0.0365,0.012,0.0034,-0.0017,-0.0017,-0.009,0.046,137477,20.59,203.437,,113.7,130.6,250.4,1137917,891,1397,1,176.619,15,25,104.5,0.3
2/1/2007,0.0253,0.0233,-0.0036,0.006,0.0282,0.0233,0.0511,0.0171,0.0066,0.045,137558,20.67,204.226,,114.1,130.95,249.2,1139032,828,1457,1,176.007,11,14,103.5,1.7
3/1/2007,-0.0348,-0.0312,-0.0306,-0.0452,-0.0352,-0.03,-0.0035,-0.0434,0.0428,0.044,137793,20.72,205.288,,115.9,131.24,249.2,1146624,833,1461,1,177.711,17,25,103.5,1.3
4/1/2007,0.0322,-0.0039,0.07,0.0028,0.0111,0.0221,0.0416,0.029,0.0416,0.045,137842,20.79,205.904,,117.5,131.42,249.2,1150590,887,1473,1,177.988,12,31,103.5,-2.1
5/1/2007,0.0285,0.0207,0.0528,0.0393,0.0669,0.0505,0.015,0.047,0.046,0.044,137993,20.84,206.755,,118.6,131.93,249.2,1161581,842,1400,1,177.248,21,33,103.5,3.6
6/1/2007,0.0153,0.0355,0.082,0.0259,0.0189,0.0518,0.0625,0.0523,0.0062,0.046,138069,20.95,207.234,,120,131.71,248.3,1163511,793,1413,1,177.745,21,28,103.5,1.3
7/1/2007,-0.0245,-0.0214,0.0068,-0.0335,-0.0359,-0.0079,-0.0041,-0.0035,-0.0482,0.047,138038,20.96,207.603,,121.5,132.23,248.3,1155448,778,1334,1,177.638,24,37,103.5,-1
8/1/2007,-0.0251,-0.0607,-0.0064,-0.0981,-0.0522,0.0033,-0.0355,-0.0043,-0.0499,0.046,138015,21,207.667,,121.1,132.42,248,1159077,699,1307,1,176.908,12,26,103.5,-1.3
9/1/2007,0.0223,0.0005,0.0135,0.0227,0.028,0.0041,-0.0028,0.0199,0.0232,0.047,138095,21.04,208.547,,121.8,132.77,248.4,1158580,686,1141,1,175.746,21,23,103.7,0.4
10/1/2007,0.0318,-0.0049,0.074,0.0086,0.0287,0.0432,0.0733,0.0418,0.034,0.047,138174,21.06,209.19,,123.6,132.95,253,1152491,727,1242,1,176.87,18,27,103.6,-1.3
11/1/2007,0.0215,-0.0109,0.011,-0.0404,0.0144,-0.0258,0.0377,0.0526,0.0454,0.047,138284,21.12,210.834,,127.5,133.38,255.6,1132908,641,1183,1,177.109,27,29,103.6,0.8
12/1/2007,0.0305,-0.0433,-0.0356,-0.0583,0.0228,-0.0087,-0.0421,-0.079,0.0365,0.05,138392,21.18,211.445,,127.3,134.03,255.6,1115141,619,1002,1,176.418,18,26,103.6,1.7
1/1/2008,-0.0286,-0.0539,0.097,-0.0571,-0.0326,-0.0151,-0.0048,0.0118,-0.0297,0.05,138403,21.19,212.174,,129.2,134.2,255.7,1111347,627,1062,1,176.333,20,22,103.6,-1.2
2/1/2008,-0.0466,-0.0124,-0.1179,-0.0028,-0.0634,-0.0435,-0.0225,-0.1152,-0.0631,0.049,138324,21.26,212.687,,129.5,134.75,255.8,1096648,593,1083,1,176.105,20,25,103.6,0
3/1/2008,-0.0088,-0.0427,0.0791,-0.1148,-0.0216,-0.0361,0.0056,-0.0594,-0.0479,0.051,138275,21.36,213.448,,133.5,135.92,255.8,1103446,535,980,1,176.982,16,23,103.6,0.7
4/1/2008,0.043,-0.0016,-0.0302,0.0035,-0.0413,0.0467,-0.0112,0.0334,0.0173,0.05,138035,21.37,213.942,,137.3,135.94,255.8,1101252,536,998,1,177.018,19,30,102.7,0.6
5/1/2008,-0.0107,0.035,0.0938,0.0303,0.0019,0.0157,0.041,0.0545,0.0484,0.054,137858,21.47,215.208,,141.2,136.46,254.8,1101547,504,961,1,176.852,22,30,102.7,0.8
6/1/2008,0.0241,0,0.0602,-0.0693,0.0217,0.0105,0.0507,0.0459,0.0312,0.056,137687,21.52,217.463,,145.5,136.38,254.8,1090098,487,1019,1,178.139,22,23,102.7,1.6
7/1/2008,-0.0748,-0.1316,0.0303,-0.1931,-0.0577,-0.1337,-0.0724,-0.1044,-0.0252,0.058,137491,21.59,219.016,,147.5,136.51,254.8,1086952,477,910,1,177.521,21,21,102.7,1.1
8/1/2008,0.0429,0.0222,-0.1556,0.0858,0.0623,0.0328,-0.018,-0.0071,-0.0489,0.061,137213,21.7,218.69,,143,136.77,263.7,1070075,435,828,1,177.227,21,24,102.7,-0.4
9/1/2008,0.0349,0.0888,-0.0316,0.0148,0.0259,0.0335,-0.0287,0.0351,0.0063,0.061,136753,21.72,218.877,,137.8,137.05,275.6,1059579,433,809,1,178.753,21,22,102.7,-0.4
10/1/2008,-0.0323,-0.0738,-0.1304,-0.0956,-0.0851,-0.1524,-0.1647,-0.1543,-0.1361,0.065,136272,21.76,216.995,,129.6,137.63,277.4,1055959,393,756,1,179.086,20,20,102.7,1
11/1/2008,-0.1072,-0.2142,-0.193,-0.22,-0.114,-0.1722,-0.2073,-0.1519,-0.1161,0.068,135545,21.88,213.153,,120,138.02,277.4,1035033,389,647,1,180.761,21,19,102.8,-0.3
12/1/2008,-0.0403,-0.1187,-0.0464,-0.2143,-0.0701,-0.0921,-0.1232,-0.1031,0.0102,0.073,134839,21.94,211.398,,114.5,138.07,276.4,999139,377,553,1,181.661,17,22,102.8,-1.2
1/1/2009,0.0148,0.0821,-0.001,0.0296,0.071,0.0325,0.0057,0.0354,-0.0141,0.078,134055,21.97,211.933,,113,137.74,276.2,975099,336,475,1,183.583,24,16,102.8,2.1
2/1/2009,-0.0848,-0.1272,-0.0469,-0.2817,-0.0211,-0.1369,-0.09,-0.0581,-0.0235,0.083,133312,21.99,212.705,,113,137.83,273.4,971708,372,572,1,184.345,25,14,102.8,-1.9
3/1/2009,-0.0808,-0.0774,-0.1252,-0.1878,-0.09,-0.168,-0.0883,-0.0452,-0.1264,0.087,132512,22.06,212.495,,113.6,139.11,270.6,963793,339,491,1,183.515,28,29,108.7,0.5
4/1/2009,0.0422,0.1499,0.0326,0.171,0.011,0.0811,0.1505,0.1076,0.0076,0.09,131817,22.09,212.709,,114.8,139.06,268.7,932482,337,468,1,183.538,15,23,110.3,-0.1
5/1/2009,0.0515,0.1693,0.1075,0.2547,0.0092,0.1928,0.1757,0.1211,0.0369,0.094,131475,22.1,213.022,,116.8,138.88,266.8,920020,376,529,1,183.071,18,19,110.3,1.3
6/1/2009,0.0575,0.0056,0.1462,0.1536,0.0779,0.0546,0.0747,0.0335,0.0314,0.095,131008,22.13,214.79,,120,138.86,266.3,912530,393,566,1,182.834,18,26,110.3,-2
7/1/2009,-0.0107,-0.0123,-0.0778,-0.0339,0.0169,-0.0527,-0.0558,0.0246,0.0345,0.095,130668,22.18,214.726,,119.3,138.71,258.5,911438,411,571,1,184.692,18,36,110.3,1.1
8/1/2009,0.0667,0.1002,0.0599,0.1069,0.059,0.1117,0.1361,0.0884,0.0419,0.096,130485,22.23,215.445,,121.1,138.86,259.5,900112,418,580,1,183.325,32,28,110.3,1.6
9/1/2009,0.0032,0.0172,-0.0091,0.1011,0.0214,0.0318,-0.001,-0.0005,0.0017,0.098,130244,22.26,215.861,,121.3,139.29,257,887241,386,562,1,183.086,11,25,111.1,-0.6
10/1/2009,0.0275,0.053,0.0564,0.0185,0.0024,0.0469,0.0416,0.0416,0.0082,0.1,130045,22.31,216.509,,122.3,139.4,257,871391,396,525,1,183.583,33,21,111.1,0.3
11/1/2009,0.0173,-0.0212,0.0323,-0.0471,-0.0213,-0.0276,-0.0448,-0.0067,-0.029,0.099,130057,22.36,217.234,100.2,124.1,139.34,258.7,858493,375,571,1,184.168,25,24,111.1,-0.4
12/1/2009,0.0453,0.0764,0.0349,0.0424,0.0954,0.0968,0.1216,0.0625,0.0516,0.099,129788,22.36,217.347,100.3,124.4,139.33,258.2,842609,352,566,1,183.917,18,19,111.1,2
1/1/2010,-0.0204,0.0357,0.0059,-0.0163,0.0231,0.0079,0.0167,0.0557,0.0434,0.098,129790,22.41,217.488,101.2,125.9,139.5,257.6,822114,345,600,1,182.172,20,21,111.1,-1.1
2/1/2010,-0.0034,-0.0311,-0.0478,-0.0172,-0.0044,-0.0142,-0.0929,-0.0899,-0.055,0.098,129698,22.45,217.281,101,125.8,139.18,258.6,814885,336,598,1,181.725,21,23,111.3,1.8
3/1/2010,0.0292,0.0587,0.0227,0.0322,0.0022,0.0459,0.0397,0.0351,-0.0108,0.099,129879,22.45,217.353,101.1,126.3,139.38,264.9,821849,381,619,1,182.212,19,17,111.3,-0.2
4/1/2010,0.0343,0.0763,0.03,0.0916,0.0287,0.0881,0.0818,0.0624,0.0192,0.099,130110,22.49,217.403,101.4,127.7,140.12,269.3,829664,422,672,1,181.399,12,16,112.5,1
5/1/2010,-0.0143,0.06,0.0358,0.0137,-0.044,0.0343,-0.0053,0.013,0.0255,0.096,130650,22.53,217.29,101.6,126.7,140.35,273.1,823447,280,571,1,180.841,19,21,112.5,-1.7
6/1/2010,-0.0506,-0.0812,-0.133,-0.1092,-0.0687,-0.1006,-0.1068,-0.0818,-0.0641,0.094,130511,22.53,217.199,101.4,125.2,140.48,276.5,821943,305,522,1,182.416,19,20,112.5,0.4
7/1/2010,-0.0278,-0.0905,-0.0445,-0.0503,-0.0212,-0.0652,-0.069,-0.0525,-0.0136,0.094,130427,22.59,217.605,101.6,125.2,140.65,279.1,799694,283,537,1,183.974,12,23,112.5,-1.3
8/1/2010,0.0678,0.0903,0.1003,0.0819,0.0259,0.1208,0.1475,0.0867,0.0911,0.095,130422,22.62,217.923,101.8,125.7,140.55,285,802030,282,595,1,182.985,12,18,112.5,2.4
9/1/2010,-0.018,-0.0398,-0.051,-0.0798,-0.0177,-0.0684,-0.0332,-0.0546,0.0088,0.095,130357,22.67,218.275,102.1,125.7,140.54,287.7,807728,317,576,1,181.718,13,23,112.5,-0.1
10/1/2010,0.0426,0.097,0.0874,0.0554,0.0825,0.1024,0.049,0.1054,0.0116,0.094,130625,22.74,219.035,102.5,127.1,139.94,287.7,801372,291,534,1,181.503,12,21,112.5,1
11/1/2010,0.0348,0.0521,0.0571,0.0069,0.0205,0.0244,0.0606,0.0557,0.0137,0.098,130750,22.73,219.59,102.8,129.2,140.11,287.7,804151,287,530,1,182.741,5,20,112.5,-0.7
12/1/2010,-0.0118,0.0371,0.0654,0.0055,-0.0233,0.0248,0.0229,-0.0069,-0.0232,0.093,130822,22.76,220.472,103.1,131,140.44,288.1,789395,326,523,1,182.363,6,26,112.5,-1.7
1/1/2011,0.0312,0.0292,0.081,0.1022,0.0346,0.0586,0.085,0.0444,0.0119,0.091,130841,22.85,221.187,103.7,133,140.3,288.7,759964,307,618,1,182.305,13,17,112.5,1.1
2/1/2011,-0.0146,-0.0077,0.0659,0.0204,0.0044,0.0405,-0.0005,0.0315,0.0133,0.09,131053,22.87,221.898,104.3,135.3,140.45,288.2,758376,270,509,1,183.814,15,22,112.5,1.7
3/1/2011,0.029,0.0548,0.0757,0.0242,0.0302,0.02,0.0193,0.0164,0.0034,0.09,131288,22.87,223.046,105,139.3,140.36,287.7,769157,300,593,1,184.449,18,27,112.5,-0.9
4/1/2011,0.004,-0.0046,0.0184,-0.0237,0.014,0.0175,0.0177,-0.0162,0.0028,0.091,131602,22.92,224.093,105.5,142.9,140.57,287.6,769437,310,539,1,184.963,12,25,114.7,-0.3
5/1/2011,0.0547,0.0361,0.0025,-0.0036,0.0677,0.0293,0.0191,0.026,0.0352,0.09,131703,22.99,224.806,105.8,143.1,140.65,287.6,775251,305,551,1,182.49,10,18,121.6,-0.1
6/1/2011,0.0212,-0.0103,-0.0462,-0.0401,0.0144,-0.0382,-0.0353,-0.0175,0.0187,0.091,131939,23.01,224.806,105.9,142.2,140.71,286.3,794839,301,595,1,184.006,6,30,118.2,1.7
7/1/2011,-0.0341,0,-0.0225,-0.0292,-0.0128,-0.0067,-0.0048,-0.025,-0.0106,0.09,131999,23.1,225.395,106.1,142.4,140.62,292.2,792381,296,607,1,184.341,14,39,118.2,0.1
8/1/2011,-0.0016,-0.0047,0.0347,-0.0189,-0.0304,-0.0553,-0.017,0.0159,0,0.09,132125,23.07,226.106,106.3,141.9,140.81,286.4,811953,299,579,1,182.911,16,23,118.2,0
9/1/2011,-0.0071,-0.0636,-0.1163,-0.1104,-0.0308,-0.0771,-0.0878,-0.0631,0.0137,0.09,132358,23.11,226.597,106.7,141.7,140.93,286.4,813660,304,637,1,184.305,9,33,121.6,1.5
10/1/2011,-0.046,-0.0783,-0.1587,-0.1234,-0.0569,-0.1063,-0.1779,-0.0441,-0.01,0.088,132562,23.21,226.75,106.3,141.2,141.09,286.6,808378,316,603,1,185.525,5,30,121.6,-0.1
11/1/2011,0.0356,0.0994,0.158,0.0956,0.0457,0.1172,0.1402,0.085,0.0223,0.086,132694,23.18,227.169,106.6,142.2,141.69,287.5,812050,328,702,1,186.462,11,28,121.7,0.5
12/1/2011,0.0468,0.0168,0.0552,-0.0078,0.0264,0.0401,0.0375,0.0059,0.0236,0.085,132896,23.21,227.223,106.5,142.2,141.74,287.4,821367,341,678,1,185.648,19,23,121.7,-2.4
1/1/2012,0.0228,0.0253,-0.0011,0.0424,0.0385,0.0211,-0.0029,0.0125,0.029,0.083,133250,23.24,227.842,106.9,142.2,141.58,287.4,830610,335,714,1,186.245,15,43,121.7,3.3
2/1/2012,-0.0162,0.0436,0.0103,0.0678,0.0231,0.0607,0.0946,0.0549,-0.0392,0.083,133512,23.27,228.329,107.2,142.2,142.11,287.3,824368,366,696,1,184.612,12,26,121.8,0.6
3/1/2012,0.0339,0.0461,0.0544,0.0437,0.0084,0.0216,-0.0077,0.0663,0.004,0.082,133752,23.36,228.807,107.4,144.2,142.35,287.3,829288,354,687,1,186.468,11,22,121.8,1
4/1/2012,0.025,0.0395,-0.0484,0.0628,0.0387,0.0013,-0.0073,0.0361,0.0037,0.082,133834,23.39,229.187,107.7,144.1,142.62,287.3,841740,354,746,1,187.609,9,20,124.2,0.3
5/1/2012,0.0029,0.0155,-0.0027,-0.0191,-0.0045,-0.011,-0.0068,-0.0116,0.0191,0.082,133934,23.39,228.713,107.6,142,142.75,287.3,850928,370,699,1,186.007,14,26,124.2,0.6
6/1/2012,-0.0211,-0.0733,-0.1265,-0.1095,-0.0438,-0.0799,-0.0938,-0.0789,-0.0031,0.082,134007,23.46,228.524,107.3,138.7,142.77,287.3,858009,360,741,1,187.441,4,24,124.2,-0.7
7/1/2012,0.035,0.034,0.0645,0.0706,0.0654,0.0524,0.0596,0.0495,0.0427,0.082,134159,23.51,228.59,107.2,137.7,142.93,287.3,858934,369,731,1,186.479,9,39,124.2,-1.6
8/1/2012,0.0335,0.0005,0.0533,0.0007,0.0123,0.0064,-0.0054,0.0222,0.024,0.081,134331,23.49,229.918,107.5,139.4,143.3,284.2,862726,375,734,1,188.335,12,24,124.2,-0.7
9/1/2012,-0.0078,0.0372,0.0222,0.0279,0.0049,0.0069,0.0191,0.0343,-0.045,0.078,134518,23.57,231.015,108.2,140.8,143.34,284.2,866588,385,833,1,187.439,11,31,124.2,1.9
10/1/2012,0.0093,0.0319,0.0347,0.0377,0.0371,0.0132,0.0378,0.0161,0.0039,0.078,134677,23.56,231.638,108.3,141.2,143.45,290.2,875366,358,907,1,187.321,9,39,124.2,0.8
11/1/2012,-0.0106,-0.0141,-0.0308,0.014,-0.0062,-0.0035,-0.0251,-0.0624,0.017,0.077,134833,23.63,231.249,108.4,140.2,143.53,298.9,872052,392,825,1,186.758,26,33,124.2,1.1
12/1/2012,0.0155,0.0342,-0.0008,-0.0069,0.0088,0.02,0.0194,0.0114,-0.0459,0.079,135072,23.73,231.221,108.4,139.4,144.28,304,871809,399,970,1,185.555,18,21,124.2,1.3
1/1/2013,-0.0169,0.0105,0.0189,0.0626,0.0084,0.0375,0.0435,0.0092,0.0003,0.08,135263,23.76,231.679,108.7,140.1,144.64,306.3,862722,446,881,1,185.196,18,35,123.4,-1.1
2/1/2013,0.0486,0.0443,0.0659,0.0399,0.0592,0.0416,0.0213,0.001,0.0379,0.077,135541,23.77,232.937,108.9,141.3,144.79,308.9,873583,447,951,0,185.678,18,15,123.4,1.3
3/1/2013,0.021,-0.0006,-0.0049,-0.0006,0.0063,0.0094,-0.0252,-0.0054,0.0161,0.075,135680,23.81,232.282,108.9,141.2,145.05,303.4,864510,444,999,0,187.978,24,27,123.4,-0.5
4/1/2013,0.0483,0.0506,0.0249,0.0424,0.0604,0.0243,0.0238,0.0275,0.0485,0.076,135871,23.87,231.797,108.7,140.2,145.37,304.1,879728,441,828,0,187.354,18,23,123.9,-0.1
5/1/2013,0.0292,0.0289,-0.0216,0.0258,0.0207,-0.012,0.0049,0.0152,0.0581,0.075,136093,23.89,231.893,108.6,139.4,145.38,310.3,888752,428,919,0,186.845,16,44,123.9,0.9
6/1/2013,-0.0181,0.0321,0.0412,0.067,0.0309,0.0609,0.0272,0.0306,-0.089,0.075,136274,23.97,232.445,109,138.8,145.33,314.8,899295,470,830,0,186.603,19,28,123.9,-0.7
7/1/2013,-0.006,0.0087,-0.0249,-0.0166,-0.013,-0.0165,-0.0406,-0.0278,-0.0019,0.073,136386,23.98,232.9,109.2,138.9,145.89,320.5,917756,375,870,0,186.364,13,32,123.9,2.1
8/1/2013,0.0423,0.0546,0.0546,0.0556,0.0752,0.0565,0.0511,0.0363,0.046,0.072,136628,24.03,233.456,109.3,139.4,146.28,321,929061,381,912,0,187.404,22,28,123.9,0.6
9/1/2013,-0.0459,-0.0256,-0.0084,-0.0488,-0.0316,-0.0211,0.0069,-0.0128,-0.0483,0.072,136815,24.06,233.544,109.3,139.8,146.34,325.3,938121,403,840,0,187.006,13,19,123.9,-0.2
10/1/2013,0.0023,0.0389,0.0035,0.0137,0.0183,0.0434,0.0239,0.0171,0.0011,0.072,137040,24.09,233.669,109.5,138.9,145.96,326.3,951214,444,911,0,184.145,20,18,,-0.7
11/1/2013,0.0649,0.0513,0.0445,0.0316,0.0446,0.0504,0.0431,0.0536,0.0355,0.069,137304,24.16,234.1,109.7,137.7,146.51,326.3,964122,446,1088,0,184.809,21,22,,1.3
12/1/2013,0.0158,0.0284,0.002,0.0457,0.0444,0.0339,0.0151,0.0275,-0.0191,0.067,137373,24.17,234.719,109.8,137.8,146.87,326.3,979211,433,989,0,186.989,26,17,,0.1
1/1/2014,-0.0042,0.018,0.0168,0.0144,0.0013,0.0318,0.0328,0.0259,-0.0042,0.066,137548,24.21,235.288,110.1,138.3,146.85,326.3,986260,443,878,0,187.071,17,35,125.4,1.2
2/1/2014,-0.0499,-0.0591,-0.0532,-0.0357,0.0143,-0.0398,-0.0429,-0.0247,0.0332,0.067,137714,24.32,235.547,110.3,139.8,146.87,326.3,988686,420,934,1,187.772,18,27,125.4,-1.1
3/1/2014,0.0319,0.0542,0.0459,0.0219,0.0456,0.0319,0.0621,0.0334,0.0283,0.067,137968,24.31,236.028,110.7,140.5,147.09,326.2,992669,405,961,1,187.545,26,24,125.4,0.4
4/1/2014,0.0238,-0.0189,0.0226,0.0419,0,0.0204,0.0171,0.0145,0.0295,0.062,138293,24.34,236.468,110.8,139.7,147.07,327.4,1005874,403,1034,1,189.072,17,31,127.7,1.1
5/1/2014,0.0265,-0.0153,0.0507,-0.0196,-0.0085,0.0082,0.0025,0.0005,0.0417,0.063,138511,24.4,236.918,111,140.1,147.42,327.8,1008219,451,996,1,190.15,20,17,127.5,-0.3
6/1/2014,0.0183,0.0294,0.0191,0.0159,0.0272,0.0208,0.0323,0.0395,-0.0137,0.061,138837,24.44,237.231,110.9,140.5,147.53,327.7,1007404,418,897,1,189.474,24,73,127.5,3
7/1/2014,-0.006,0.0169,0.0519,0.0215,0.0223,0.0007,0.011,0.0161,0.0373,0.062,139069,24.48,237.498,111.3,140.1,147.67,327.7,1012845,402,1073,1,189.92,22,27,127.7,-1
8/1/2014,-0.036,-0.0181,-0.0398,-0.0193,-0.0049,-0.0447,-0.0231,0.0107,-0.0699,0.061,139257,24.55,237.46,111.3,139,147.83,327.6,1015367,456,972,1,190.252,20,16,127.7,0.5
9/1/2014,0.0487,0.0479,0.0232,0.0483,0.053,0.0472,0.0406,0.0378,0.0511,0.059,139566,24.56,237.477,111.1,137.9,147.78,327.5,1019841,470,1004,1,190.462,26,25,128.5,-0.4
10/1/2014,-0.0024,-0.0336,-0.081,-0.0132,0.0017,-0.0214,-0.0202,-0.0149,-0.022,0.057,139818,24.58,237.43,111.3,136,148.33,326.5,1045556,476,1067,1,191.21,33,31,129.3,1.4
11/1/2014,0.0348,0.0258,-0.0345,0.0337,0.051,0.0436,-0.0218,0.0206,0.0769,0.058,140109,24.65,236.983,111.1,133.5,148.4,326.5,1045279,442,994,1,189.242,43,25,129.3,-1.4
12/1/2014,0.0523,0.0489,-0.0925,0.0155,0.0295,0.026,0.0122,0.0443,0.0086,0.056,140377,24.65,236.252,110.8,130.1,149.09,326.4,1056957,497,1049,1,188.856,41,17,129.3,1.9
1/1/2015,-0.0094,0.013,-0.0083,0.0243,-0.0094,0.0023,-0.0088,-0.0184,0.0383,0.057,140568,24.73,234.747,110.1,126,148.97,321.9,1069804,515,1079,1,191.029,50,25,129.6,-0.2
2/1/2015,-0.0105,-0.0325,-0.0286,-0.072,0.01,-0.0378,-0.0173,-0.0377,0.0134,0.055,140839,24.78,235.342,109.6,125.5,147.95,321.8,1082913,540,876,0,189.289,64,18,128.7,0.5
3/1/2015,0.0403,0.0834,0.0311,0.0559,0.0442,0.0532,0.079,0.0799,-0.0644,0.054,140910,24.84,235.976,109.8,125.3,148.88,321.7,1096842,480,953,0,188.025,62,19,128.7,1.7
4/1/2015,-0.0266,-0.011,-0.0131,-0.0127,0.0008,-0.0344,-0.0511,-0.0407,-0.0199,0.054,141194,24.89,236.222,109.6,125.1,149.02,322.4,1124063,502,1181,0,187.608,44,34,137.6,-0.9
5/1/2015,-0.0035,0.0068,0.0633,0.0087,-0.0045,0.0045,0.0378,0.0328,-0.0041,0.056,141525,24.96,237.001,110,126.5,149.37,322.3,1146611,502,1070,0,186.976,41,24,137.6,0.7
6/1/2015,0.007,0.009,-0.0504,0.0194,0.0439,0.0018,0,0.0182,0.0113,0.053,141699,24.98,237.657,110.3,126.6,151.72,322.3,1165374,480,1193,0,187.081,52,22,137.6,0.3
7/1/2015,-0.0198,0.01,-0.0417,0.0012,-0.0028,-0.0248,-0.0367,-0.0424,-0.0697,0.052,142001,25,238.034,110.5,125.4,151.87,322.2,1160162,506,1136,0,186.557,54,20,137.8,0.8
8/1/2015,0.0497,0.038,-0.0886,0.0182,0.0201,-0.0088,-0.0606,0.0189,0.0612,0.051,142126,25.1,238.033,110.3,123.2,151.81,322.2,1171227,518,1124,0,186.629,93,23,137.2,0.3
9/1/2015,-0.0781,-0.0839,-0.06,-0.0904,-0.1047,-0.0722,-0.0804,-0.0747,-0.0465,0.05,142281,25.11,237.498,109.9,121.9,152.22,322.1,1167658,456,1209,0,187.449,68,20,137.4,-0.8
10/1/2015,0.0183,0.0131,-0.0394,-0.0122,-0.0328,-0.0078,-0.0507,0.003,0.0331,0.05,142587,25.19,237.733,109.6,121.5,152.34,322,1158638,482,1047,0,189.321,87,21,137.4,-0.3
11/1/2015,0.057,0.0937,0.091,0.0658,0.0807,0.0895,0.1315,0.1071,0.0076,0.051,142824,25.24,238.017,109.7,120.8,152.96,321.8,1156239,504,1161,0,188.899,76,27,137.4,0.9
12/1/2015,-0.0078,-0.0005,0.0068,0.0211,-0.0038,0.0088,0.009,0.0094,-0.0183,0.05,143097,25.27,237.761,109.6,119.3,152.67,321.7,1163964,546,1133,0,189.053,74,18,137.4,1.6
1/1/2016,0.0063,-0.0547,-0.1163,-0.0531,-0.0099,-0.0484,-0.0664,-0.0471,0.0026,0.049,143170,25.36,237.827,110,117.8,153.05,321.7,1177837,509,1095,0,189.48,72,24,137.9,-2
2/1/2016,0.0165,-0.0404,-0.0485,-0.0737,-0.0671,-0.0484,-0.0976,-0.0235,0.0507,0.049,143433,25.38,237.514,109.7,117.2,153.22,321.6,1182838,515,1193,0,188.763,93,18,137.9,2.8
3/1/2016,0.0111,0.0191,-0.0045,-0.0176,0.0088,0.0553,0.0973,0.0061,0.0294,0.05,143662,25.45,237.99,109.7,117.7,153.53,321.6,1205835,526,1096,0,189.048,84,30,137.9,-1
4/1/2016,0.0318,0.0467,0.0674,0.0541,0.0135,0.0539,0.0518,0.0661,0.0619,0.05,143849,25.53,238.835,109.8,118.5,153.8,321.5,1201301,571,1151,0,188.399,67,30,137.9,0.8
5/1/2016,-0.0074,0.0104,0.1079,0.042,0.0359,0.0203,0.0629,-0.0415,-0.0196,0.048,143891,25.58,239.44,110.1,119.9,154.2,321.4,1205015,560,1113,0,189.236,58,32,137.9,1.2
6/1/2016,0.0048,-0.0069,-0.0172,0.0107,0.0173,-0.0114,-0.0093,0.0431,0.0142,0.049,144158,25.63,240.144,110.6,120.7,154.2,321.4,1226699,558,1188,0,188.244,51,19,137.9,0.9
7/1/2016,0.0484,-0.0093,0.0293,-0.0344,0.0104,0.0072,-0.0109,-0.0145,0.0737,0.048,144512,25.7,240.111,110.5,120.8,154.24,321.4,1224739,639,1235,0,188.395,66,27,137.9,0.2
8/1/2016,-0.0107,0.0445,-0.0201,0.0395,0.0473,0.0339,0.0507,0.0703,-0.0146,0.049,144647,25.72,240.595,110.3,120.5,154.62,326.9,1226469,584,1144,0,189.917,74,25,137.9,0.2
9/1/2016,-0.0091,-0.0119,0.0214,0.0401,-0.0333,0.0131,0.0004,0.0114,-0.0556,0.05,144916,25.77,241.068,110.7,120.6,154.81,326.9,1234396,567,1050,0,189.021,67,38,137.9,1.8
10/1/2016,-0.0192,-0.0114,0.0368,-0.038,-0.0133,-0.0083,-0.0191,0.0143,-0.0018,0.049,145061,25.88,241.641,110.9,121.2,154.91,326.9,1249011,577,1308,0,188.516,82,36,137.9,-0.5
11/1/2016,-0.006,-0.0179,-0.0226,0.0296,-0.0612,-0.0162,-0.0195,-0.0027,0.0057,0.047,145212,25.91,241.993,111.1,121.1,155.51,327.3,1270727,571,1137,0,188.081,80,18,137.9,1
12/1/2016,-0.0456,0.0444,0.0966,0.1424,0.0212,0.092,0.0696,-0.0017,-0.0594,0.047,145442,25.94,242.712,111.4,121.6,155.61,338.3,1279177,561,1260,0,188.833,74,26,137.9,-3.4
1/1/2017,0.027,0.0033,0.004,0.0433,0.007,0.0024,-0.0056,0.0259,0.0462,0.047,145627,26,243.717,111.9,122.3,155.98,340.9,1262209,585,1197,0,188.098,106,53,137.9,2.7
2/1/2017,0.0114,0.0356,-0.0371,-0.0051,0.0175,0.0128,0.0423,0.0384,0.0087,0.046,145815,26.08,244.028,111.9,122.7,156.07,340.9,1288089,597,1274,0,186.781,78,30,137.9,-0.5
3/1/2017,0.0533,0.0274,-0.0171,0.0647,0.0698,0.0465,0.0152,0.0421,0.0431,0.044,145944,26.11,243.721,112.1,122.5,156.5,340.9,1281815,631,1170,0,184.866,93,25,137.9,0.5
4/1/2017,-0.0085,0.0076,-0.0282,-0.0496,-0.0133,-0.0202,-0.0057,0.0131,0.0055,0.044,146141,26.17,244.058,112.5,122.8,156.6,340.9,1275303,589,1146,0,187.727,68,20,140,1.5
5/1/2017,0.011,0.0261,-0.0313,-0.005,0.016,0.0214,0.017,0.0229,0.0099,0.044,146296,26.21,243.926,112.6,122.7,156.56,340,1285076,613,1116,0,186.041,87,22,141.6,0.3
6/1/2017,0.0262,0.0113,-0.0347,-0.0114,0.0077,0.0184,-0.0051,0.0379,0.0363,0.043,146512,26.27,244.179,112.6,122.4,156.51,350.3,1274918,620,1227,0,186.337,79,28,141.7,-0.1
7/1/2017,-0.0305,-0.0153,-0.0049,0.0612,0.0433,0.0106,0.0168,-0.03,-0.0309,0.043,146727,26.36,244.328,112.7,122.2,157.14,350.8,1276001,565,1197,0,186.624,96,28,141.7,-0.1
8/1/2017,0.0073,0.0195,0.0232,0.0181,0.0084,-0.0007,0.0172,0.0455,0.0242,0.044,146911,26.38,245.304,113.1,122.9,157.89,351.1,1267435,560,1147,0,186.852,69,25,141.7,0.8
9/1/2017,-0.0101,-0.019,-0.0539,-0.021,0.0153,0.0035,0.0071,0.0266,0.0328,0.042,146929,26.51,246.445,113.5,123.9,157.72,351.1,1273595,638,1163,0,186.495,70,35,145,0.2
10/1/2017,-0.0153,0.0033,0.0742,0.0437,0.0069,0.0344,0.0266,0.0046,-0.0369,0.041,147196,26.48,246.57,113.9,124.1,157.87,348.9,1277708,627,1244,0,186.657,58,31,145,1.7
11/1/2017,-0.0137,0.0233,0.0084,0.0349,-0.0088,0.011,0.0453,0.0675,0.0413,0.042,147421,26.55,247.333,114.3,125.3,157.64,349,1300051,712,1290,0,189.402,75,31,145,-0.1
12/1/2017,0.0505,0.0462,0.0186,0.0318,0.0268,0.0367,0.0062,0.0032,0.0286,0.041,147551,26.64,247.847,114.3,125.5,157.99,347.6,1313781,657,1184,0,187.64,94,27,145,-0.5
1/1/2018,0.0182,0.0265,0.0435,0.0192,-0.0053,0.0207,0.0198,0.012,-0.0725,0.041,147672,26.71,248.816,114.8,126.5,158.74,347.6,1348653,622,1300,0,188.142,105,51,145,1.5
2/1/2018,0.0114,0.081,0.0321,0.0566,0.0575,0.0435,0.0273,0.0621,-0.0321,0.041,148078,26.75,249.475,115.1,126.8,158.99,347.3,1373812,637,1283,1,187.218,99,29,145,0
3/1/2018,-0.075,-0.0276,-0.1105,-0.027,-0.043,-0.0321,-0.0466,0.0019,-0.0357,0.04,148254,26.84,249.413,115.4,126.5,159.52,347.3,1358387,662,1318,1,187.094,86,31,145,1
4/1/2018,-0.0152,-0.0336,0.0072,-0.0454,-0.0349,-0.034,-0.0478,-0.0464,0.0297,0.04,148391,26.91,249.957,115.5,127.1,160.21,351.3,1362805,637,1263,1,188.364,78,33,146.2,0.2
5/1/2018,-0.0421,0.0266,0.0937,-0.0065,0.0136,-0.0265,-0.0009,0.0032,0.0186,0.038,148669,26.98,250.64,116,128.2,160.53,357,1362246,657,1323,1,188.045,65,33,146.2,0.6
6/1/2018,-0.0092,0.0277,0.0387,0.0044,0.0071,0.0383,0.0337,0.0765,-0.0136,0.04,148888,27.04,251.176,116.3,128.2,161.78,362,1341076,613,1178,1,186.379,69,35,146.2,-0.5
7/1/2018,0.0301,0.0216,-0.0114,-0.0414,0.0031,-0.0508,-0.0164,-0.0213,0.0222,0.038,149024,27.11,251.482,116.5,128.1,161.87,362.3,1333714,617,1184,1,186.493,69,42,146.2,0.5
8/1/2018,0.0411,0.0264,0.0138,0.0667,0.0708,0.0782,0.0338,0.0372,0.0096,0.038,149268,27.22,251.905,116.5,127.6,161.73,362.5,1332656,598,1274,1,185.514,78,17,146.2,-0.8
9/1/2018,0.0056,0.0489,-0.0218,0.005,0.043,0.0023,-0.0082,0.0535,0.0198,0.037,149348,27.31,252.261,116.7,127.7,161.87,363.4,1316355,596,1234,1,185.224,79,23,146.2,1.5
10/1/2018,0.0056,0.0092,0.0166,-0.0187,0.0303,0.0332,-0.0145,0.0074,-0.0194,0.038,149549,27.36,252.777,117.5,128.3,162.77,363.4,1301777,552,1205,1,184.692,74,31,146.2,0.1
11/1/2018,0.0207,-0.1027,-0.1147,-0.0501,-0.0682,-0.1158,-0.0803,-0.0846,0.0244,0.037,149683,27.44,252.662,117.4,126.2,162.93,361.8,1287767,614,1195,1,184.545,67,20,146.2,0.6
12/1/2018,0.0241,0.0417,0.0048,0.0383,0.0765,0.0533,0.0405,0.0035,0.0305,0.039,149865,27.54,252.653,117.3,124.4,163.66,361.8,1289604,564,1107,1,184.126,85,22,146.2,-0.1
1/1/2019,-0.1102,-0.117,-0.1653,-0.1422,-0.1109,-0.1414,-0.1069,-0.1282,-0.0487,0.04,150134,27.58,252.55,117,124.6,163.86,361.5,1314616,637,1260,1,184.632,83,33,146.2,-0.1
2/1/2019,0.0659,0.1082,0.1423,0.1069,0.0657,0.1343,0.0711,0.0922,0.0345,0.038,150135,27.69,253.181,117.2,125.9,164.32,361.5,1324229,665,1124,0,183.43,85,19,146.2,0.2
3/1/2019,0.0177,0.0302,0.0175,0.0296,0.0159,0.0685,0.0399,0.0771,0.0458,0.038,150282,27.76,254.095,117.7,126.6,164.54,361.8,1337504,700,1191,0,182.898,75,24,146.2,0.8
4/1/2019,0.0316,0.0329,0.0146,-0.031,0.001,-0.0155,0.0079,0.0462,0.02,0.036,150492,27.81,254.943,118.2,126.8,164.41,360.8,1356014,664,1262,0,183.312,88,23,147.2,-0.4
5/1/2019,0.0277,0.0479,-0.0065,0.0822,-0.0317,0.0334,0.0293,0.064,0.0064,0.036,150577,27.87,255.167,118.4,127,164.4,360.8,1352895,600,1260,0,182.107,87,35,148.3,-0.1
6/1/2019,-0.0362,-0.0798,-0.1052,-0.0742,-0.0226,-0.0808,-0.0805,-0.0943,-0.0017,0.037,150759,27.96,255.402,118.2,125.6,164.71,360.8,1354080,726,1223,0,182.115,96,24,148.3,1.1
7/1/2019,0.0481,0.0907,0.0901,0.0751,0.0688,0.0851,0.114,0.1088,0.021,0.037,150953,28.05,256.087,118.5,125.6,165.53,360.8,1366042,661,1208,0,183.13,95,45,148.3,0.4
8/1/2019,0.0211,0.002,-0.0386,0.0111,-0.0238,-0.0047,-0.0112,0.0135,-0.0037,0.037,151160,28.16,256.294,118.6,124.9,166.2,363.4,1378956,706,1368,0,184.129,87,31,148.3,0.6
9/1/2019,0.0144,-0.016,-0.0881,-0.0542,-0.0118,-0.034,-0.0347,-0.0252,0.0523,0.035,151368,28.16,256.593,118.3,125,166.36,362.8,1393304,726,1262,0,183.76,86,37,148.3,-0.4
10/1/2019,0.0164,0.0166,0.0504,0.0536,0.0033,0.0382,0.0363,0.0256,0.0313,0.036,151553,28.24,257.229,118.7,124.5,166.83,363,1386826,706,1330,0,183.061,103,31,148.3,-0.4
11/1/2019,-0.0029,0.0041,-0.0194,0.0281,0.0541,0.0148,0.0034,0.0378,-0.0036,0.035,151814,28.34,257.824,118.6,124.7,167.6,363,1405510,696,1361,0,182.375,122,38,148.3,1.1
12/1/2019,0.01,0.0088,0.0144,0.0443,0.0465,0.0376,0.0248,0.0506,-0.024,0.035,151998,28.37,258.444,118.9,125,168.08,362.9,1410267,731,1568,0,178.974,119,43,148.3,0.5
1/1/2020,0.0197,0.0299,0.0228,0.0228,0.0249,0.0002,0.0315,0.0488,0.0316,0.036,152212,28.43,258.82,119.2,125.2,169.22,359.9,1437719,774,1612,0,179.656,137,45,148.3,1
2/1/2020,0.0049,-0.0015,-0.117,-0.0233,-0.0229,-0.0061,-0.0644,0.0318,0.0674,0.035,152463,28.52,259.05,118.6,124.3,169.76,359.7,1441145,716,1564,0,181.381,118,59,148.6,0.6
3/1/2020,-0.0836,-0.0781,-0.1328,-0.117,-0.072,-0.0932,-0.08,-0.0574,-0.0954,0.044,151090,28.69,257.953,118.1,121.3,169.9,359.1,1436727,612,1266,0,181.669,213,42,148.6,17
4/1/2020,-0.0881,-0.1879,-0.3924,-0.2598,-0.0758,-0.2376,-0.1847,-0.1375,-0.1485,0.147,130303,30.03,255.902,116.6,118.2,169.9,358.9,1387936,570,932,0,180.95,753,51,148.6,-7.4
5/1/2020,0.0934,0.1979,0.3236,0.1283,0.1515,0.1188,0.1749,0.1522,0.0633,0.133,133028,29.7,255.768,117.2,119,170.17,358.9,1369363,698,1035,0,179.553,260,43,148.6,8.6
6/1/2020,0.0228,0.1002,0.0398,0.0562,0.0382,0.0717,0.0881,0.0907,0.0544,0.111,137809,29.32,257.214,117.5,120.6,172.08,358.9,1383647,840,1263,0,178.426,133,43,148.6,0
7/1/2020,-0.0086,0.0286,-0.0181,-0.0111,-0.0178,0.0263,0.0169,0.0723,-0.0535,0.102,139570,29.35,258.723,118,122.1,174.74,358.9,1398952,965,1477,0,179.374,145,47,148.6,-0.9
8/1/2020,0.0677,0.0747,-0.0521,0.0383,0.0562,0.0352,0.0755,0.0705,0.0763,0.084,141063,29.45,259.681,118.4,123.1,174.26,358.9,1410438,994,1361,0,179.164,128,22,148.6,2.2
9/1/2020,0.0453,0.0931,-0.0147,0.0332,0.0182,0.0799,0.0382,0.1137,-0.0285,0.079,141735,29.46,260.209,118.9,123.3,174.75,358.9,1414027,959,1440,0,177.631,97,27,150.4,-0.7
