Date,Actual,Predicted,Sector Code
2/1/2003,-0.042,-0.005,CD_Mnth
3/1/2003,0.0022,-0.042,CD_Mnth
4/1/2003,0.0147,0.0022,CD_Mnth
5/1/2003,0.117,-0.0034,CD_Mnth
6/1/2003,0.0654,0.0673,CD_Mnth
7/1/2003,-0.0074,0.0626,CD_Mnth
8/1/2003,0.0298,0.017,CD_Mnth
9/1/2003,0.0579,-0.0619,CD_Mnth
10/1/2003,-0.0489,0.0109,CD_Mnth
11/1/2003,0.0891,0.087,CD_Mnth
12/1/2003,0.0099,0.0085,CD_Mnth
1/1/2004,0.0333,-0.0619,CD_Mnth
2/1/2004,-0.0101,0.087,CD_Mnth
3/1/2004,0.0249,0.0673,CD_Mnth
4/1/2004,-0.0062,0.017,CD_Mnth
5/1/2004,-0.0166,0.0088,CD_Mnth
6/1/2004,0.0032,-0.0074,CD_Mnth
7/1/2004,0.0079,0.0099,CD_Mnth
8/1/2004,-0.0401,-0.042,CD_Mnth
9/1/2004,-0.0043,0.01105,CD_Mnth
10/1/2004,0.03,0.0032,CD_Mnth
11/1/2004,0.0407,0.0079,CD_Mnth
12/1/2004,0.0453,0.0407,CD_Mnth
1/1/2005,0.0442,0.0626,CD_Mnth
2/1/2005,-0.046,0.0088,CD_Mnth
3/1/2005,-0.0065,0.0032,CD_Mnth
4/1/2005,-0.0089,-0.046,CD_Mnth
5/1/2005,-0.0414,-0.0401,CD_Mnth
6/1/2005,0.037000000000000005,0.0563,CD_Mnth
7/1/2005,-0.0045,0.0032,CD_Mnth
8/1/2005,0.0531,0.0563,CD_Mnth
9/1/2005,-0.0331,-0.0401,CD_Mnth
10/1/2005,-0.0283,-0.0074,CD_Mnth
11/1/2005,-0.0221,-0.0283,CD_Mnth
12/1/2005,0.043,0.0533,CD_Mnth
1/1/2006,-0.0226,-0.0256,CD_Mnth
2/1/2006,0.0206,-0.0043,CD_Mnth
3/1/2006,0.0106,-0.0283,CD_Mnth
4/1/2006,0.0087,0.0109,CD_Mnth
5/1/2006,0.008,0.0086,CD_Mnth
6/1/2006,-0.0141,-0.02235,CD_Mnth
7/1/2006,-0.0027,0.008,CD_Mnth
8/1/2006,-0.0382,-0.0414,CD_Mnth
9/1/2006,0.0236,0.043,CD_Mnth
10/1/2006,0.0588,0.01075,CD_Mnth
11/1/2006,0.067,0.0299,CD_Mnth
12/1/2006,0.0099,0.0588,CD_Mnth
1/1/2007,0.0247,0.0407,CD_Mnth
2/1/2007,0.0233,0.0299,CD_Mnth
3/1/2007,-0.0312,-0.0141,CD_Mnth
4/1/2007,-0.0039,0.0299,CD_Mnth
5/1/2007,0.0207,-0.0118,CD_Mnth
6/1/2007,0.0355,0.037000000000000005,CD_Mnth
7/1/2007,-0.0214,0.0088,CD_Mnth
8/1/2007,-0.0607,0.03,CD_Mnth
9/1/2007,0.0005,-0.0027,CD_Mnth
10/1/2007,-0.0049,0.067,CD_Mnth
11/1/2007,-0.0109,0.0088,CD_Mnth
12/1/2007,-0.0433,-0.0632,CD_Mnth
1/1/2008,-0.0539,-0.0433,CD_Mnth
2/1/2008,-0.0124,0.03,CD_Mnth
3/1/2008,-0.0427,-0.0158,CD_Mnth
4/1/2008,-0.0016,0.0032,CD_Mnth
5/1/2008,0.035,0.0236,CD_Mnth
6/1/2008,0.0,-0.0607,CD_Mnth
7/1/2008,-0.1316,-0.0645,CD_Mnth
8/1/2008,0.0222,0.0207,CD_Mnth
9/1/2008,0.0888,-0.0382,CD_Mnth
10/1/2008,-0.0738,-0.1316,CD_Mnth
11/1/2008,-0.2142,-0.0738,CD_Mnth
12/1/2008,-0.1187,-0.2142,CD_Mnth
1/1/2009,0.0821,0.0596,CD_Mnth
2/1/2009,-0.1272,-0.1187,CD_Mnth
3/1/2009,-0.0774,-0.1316,CD_Mnth
4/1/2009,0.1499,0.1275,CD_Mnth
5/1/2009,0.1693,0.0854,CD_Mnth
6/1/2009,0.0056,0.0228,CD_Mnth
7/1/2009,-0.0123,-0.1044,CD_Mnth
8/1/2009,0.1002,0.1693,CD_Mnth
9/1/2009,0.0172,-0.0074,CD_Mnth
10/1/2009,0.053,0.0604,CD_Mnth
11/1/2009,-0.0212,-0.0214,CD_Mnth
12/1/2009,0.0764,0.117,CD_Mnth
1/1/2010,0.0357,-0.0101,CD_Mnth
2/1/2010,-0.0311,-0.0489,CD_Mnth
3/1/2010,0.0587,0.0249,CD_Mnth
4/1/2010,0.0763,0.117,CD_Mnth
5/1/2010,0.06,0.05305,CD_Mnth
6/1/2010,-0.0812,-0.0256,CD_Mnth
7/1/2010,-0.0905,-0.1187,CD_Mnth
8/1/2010,0.0903,0.0891,CD_Mnth
9/1/2010,-0.0398,-0.0256,CD_Mnth
10/1/2010,0.097,0.0763,CD_Mnth
11/1/2010,0.0521,-0.0039,CD_Mnth
12/1/2010,0.0371,0.0099,CD_Mnth
1/1/2011,0.0292,0.0521,CD_Mnth
2/1/2011,-0.0077,0.06,CD_Mnth
3/1/2011,0.0548,0.0626,CD_Mnth
4/1/2011,-0.0046,0.042,CD_Mnth
5/1/2011,0.0361,0.0086,CD_Mnth
6/1/2011,-0.0103,-0.0101,CD_Mnth
7/1/2011,0.0,-0.0311,CD_Mnth
8/1/2011,-0.0047,-0.0103,CD_Mnth
9/1/2011,-0.0636,-0.0905,CD_Mnth
10/1/2011,-0.0783,-0.0636,CD_Mnth
11/1/2011,0.0994,0.097,CD_Mnth
12/1/2011,0.0168,0.0361,CD_Mnth
1/1/2012,0.0253,0.053,CD_Mnth
2/1/2012,0.0436,0.0407,CD_Mnth
3/1/2012,0.0461,0.0236,CD_Mnth
4/1/2012,0.0395,0.008,CD_Mnth
5/1/2012,0.0155,-0.0062,CD_Mnth
6/1/2012,-0.0733,-0.0783,CD_Mnth
7/1/2012,0.034,0.0228,CD_Mnth
8/1/2012,0.0005,-0.0085,CD_Mnth
9/1/2012,0.0372,0.0371,CD_Mnth
10/1/2012,0.0319,0.0395,CD_Mnth
11/1/2012,-0.0141,0.0032,CD_Mnth
12/1/2012,0.0342,0.0168,CD_Mnth
1/1/2013,0.0105,-0.0049,CD_Mnth
2/1/2013,0.0443,0.0248,CD_Mnth
3/1/2013,-0.0006,-0.0295,CD_Mnth
4/1/2013,0.0506,0.04425,CD_Mnth
5/1/2013,0.0289,-0.0312,CD_Mnth
6/1/2013,0.0321,0.0233,CD_Mnth
7/1/2013,0.0087,-0.0489,CD_Mnth
8/1/2013,0.0546,0.0604,CD_Mnth
9/1/2013,-0.0256,-0.0256,CD_Mnth
10/1/2013,0.0389,0.042,CD_Mnth
11/1/2013,0.0513,0.0531,CD_Mnth
12/1/2013,0.0284,0.0342,CD_Mnth
1/1/2014,0.018000000000000002,0.0319,CD_Mnth
2/1/2014,-0.0591,-0.0158,CD_Mnth
3/1/2014,0.0542,0.0032,CD_Mnth
4/1/2014,-0.0189,-0.0283,CD_Mnth
5/1/2014,-0.0153,0.0168,CD_Mnth
6/1/2014,0.0294,0.0372,CD_Mnth
7/1/2014,0.0169,-0.0489,CD_Mnth
8/1/2014,-0.0181,0.0025,CD_Mnth
9/1/2014,0.0479,-0.0049,CD_Mnth
10/1/2014,-0.0336,0.0087,CD_Mnth
11/1/2014,0.0258,0.04425,CD_Mnth
12/1/2014,0.0489,0.0372,CD_Mnth
1/1/2015,0.013,0.0588,CD_Mnth
2/1/2015,-0.0325,-0.1044,CD_Mnth
3/1/2015,0.0834,0.0479,CD_Mnth
4/1/2015,-0.011,-0.0311,CD_Mnth
5/1/2015,0.0068,0.0247,CD_Mnth
6/1/2015,0.009000000000000001,0.0542,CD_Mnth
7/1/2015,0.01,-0.0226,CD_Mnth
8/1/2015,0.038,0.0155,CD_Mnth
9/1/2015,-0.0839,-0.0725,CD_Mnth
10/1/2015,0.0131,0.038,CD_Mnth
11/1/2015,0.0937,0.1275,CD_Mnth
12/1/2015,-0.0005,-0.0074,CD_Mnth
1/1/2016,-0.0547,-0.07355,CD_Mnth
2/1/2016,-0.0404,-0.07355,CD_Mnth
3/1/2016,0.0191,0.0222,CD_Mnth
4/1/2016,0.0467,0.0407,CD_Mnth
5/1/2016,0.0104,0.0085,CD_Mnth
6/1/2016,-0.0069,0.0407,CD_Mnth
7/1/2016,-0.0093,-0.0591,CD_Mnth
8/1/2016,0.0445,0.0579,CD_Mnth
9/1/2016,-0.0119,0.008733333333333334,CD_Mnth
10/1/2016,-0.0114,-0.0046,CD_Mnth
11/1/2016,-0.0179,0.0022,CD_Mnth
12/1/2016,0.0444,-0.0065,CD_Mnth
1/1/2017,0.0033,0.042,CD_Mnth
2/1/2017,0.0356,0.0513,CD_Mnth
3/1/2017,0.0274,0.0395,CD_Mnth
4/1/2017,0.0076,0.0,CD_Mnth
5/1/2017,0.0261,0.0389,CD_Mnth
6/1/2017,0.0113,0.0274,CD_Mnth
7/1/2017,-0.0153,0.0444,CD_Mnth
8/1/2017,0.0195,-0.0119,CD_Mnth
9/1/2017,-0.019,-0.0153,CD_Mnth
10/1/2017,0.0033,0.0106,CD_Mnth
11/1/2017,0.0233,0.0521,CD_Mnth
12/1/2017,0.0462,-0.0077,CD_Mnth
1/1/2018,0.0265,0.0033,CD_Mnth
2/1/2018,0.081,0.02345,CD_Mnth
3/1/2018,-0.0276,-0.0256,CD_Mnth
4/1/2018,-0.0336,-0.0213,CD_Mnth
5/1/2018,0.0266,0.0112,CD_Mnth
6/1/2018,0.0277,0.02345,CD_Mnth
7/1/2018,0.0216,-0.0336,CD_Mnth
8/1/2018,0.0264,0.0274,CD_Mnth
9/1/2018,0.0489,0.02345,CD_Mnth
10/1/2018,0.0092,0.0253,CD_Mnth
11/1/2018,-0.1027,-0.0774,CD_Mnth
12/1/2018,0.0417,0.0191,CD_Mnth
1/1/2019,-0.117,-0.0725,CD_Mnth
2/1/2019,0.1082,0.0277,CD_Mnth
3/1/2019,0.0302,0.097,CD_Mnth
4/1/2019,0.0329,-0.01115,CD_Mnth
5/1/2019,0.0479,0.0489,CD_Mnth
6/1/2019,-0.0798,-0.117,CD_Mnth
7/1/2019,0.0907,0.07635,CD_Mnth
8/1/2019,0.002,-0.02235,CD_Mnth
9/1/2019,-0.016,-0.0325,CD_Mnth
10/1/2019,0.0166,-0.0283,CD_Mnth
11/1/2019,0.0041,0.0068,CD_Mnth
12/1/2019,0.0088,0.0453,CD_Mnth
1/1/2020,0.0299,0.0113,CD_Mnth
2/1/2020,-0.0015,0.0329,CD_Mnth
3/1/2020,-0.0781,-0.0905,CD_Mnth
4/1/2020,-0.1879,-0.2142,CD_Mnth
5/1/2020,0.1979,0.0994,CD_Mnth
6/1/2020,0.1002,0.0763,CD_Mnth
7/1/2020,0.0286,0.0479,CD_Mnth
8/1/2020,0.0747,0.0854,CD_Mnth
9/1/2020,0.0931,0.0277,CD_Mnth
10/1/2020,-0.012,0.0076,CD_Mnth
2/1/2003,-0.0335,-0.0147,CS_Mnth
3/1/2003,-0.0295,0.0375,CS_Mnth
4/1/2003,-0.0224,-0.0295,CS_Mnth
5/1/2003,0.0392,0.0318,CS_Mnth
6/1/2003,0.0593,-0.0379,CS_Mnth
7/1/2003,-0.0094,0.0318,CS_Mnth
8/1/2003,-0.0025,0.058,CS_Mnth
9/1/2003,0.024,0.0252,CS_Mnth
10/1/2003,-0.0049,-0.0131,CS_Mnth
11/1/2003,0.0492,0.058,CS_Mnth
12/1/2003,0.0033,0.0492,CS_Mnth
1/1/2004,0.0159,0.0774,CS_Mnth
2/1/2004,0.0014,0.0159,CS_Mnth
3/1/2004,0.0615,0.0,CS_Mnth
4/1/2004,-0.0125,-0.004699999999999999,CS_Mnth
5/1/2004,0.0206,-0.002,CS_Mnth
6/1/2004,-0.0107,0.024,CS_Mnth
7/1/2004,0.0039,0.0206,CS_Mnth
8/1/2004,-0.0553,0.0405,CS_Mnth
9/1/2004,0.021,-0.0094,CS_Mnth
10/1/2004,-0.0296,0.0307,CS_Mnth
11/1/2004,0.0069,0.0492,CS_Mnth
12/1/2004,0.0248,0.0159,CS_Mnth
1/1/2005,0.0425,0.021,CS_Mnth
2/1/2005,0.0043,0.0014,CS_Mnth
3/1/2005,0.0017,0.0248,CS_Mnth
4/1/2005,-0.0102,0.0,CS_Mnth
5/1/2005,-0.0142,-0.0102,CS_Mnth
6/1/2005,0.0188,-0.0142,CS_Mnth
7/1/2005,-0.0193,0.0017,CS_Mnth
8/1/2005,0.0289,-0.0025,CS_Mnth
9/1/2005,-0.0162,-0.0224,CS_Mnth
10/1/2005,0.003,0.0069,CS_Mnth
11/1/2005,0.0056,-0.0553,CS_Mnth
12/1/2005,0.0116,0.0307,CS_Mnth
1/1/2006,-0.0123,0.0014,CS_Mnth
2/1/2006,-0.0021,0.003,CS_Mnth
3/1/2006,0.0168,-0.0021,CS_Mnth
4/1/2006,0.0042,-0.0021,CS_Mnth
5/1/2006,0.0059,0.0033,CS_Mnth
6/1/2006,-0.0004,-0.0124,CS_Mnth
7/1/2006,0.0151,-0.00013333333333333334,CS_Mnth
8/1/2006,0.0169,-0.0142,CS_Mnth
9/1/2006,0.0385,0.0425,CS_Mnth
10/1/2006,-0.0156,0.0307,CS_Mnth
11/1/2006,0.0262,-0.0651,CS_Mnth
12/1/2006,-0.0066,0.0043,CS_Mnth
1/1/2007,0.0148,-0.0066,CS_Mnth
2/1/2007,0.0253,0.0168,CS_Mnth
3/1/2007,-0.0348,-0.0107,CS_Mnth
4/1/2007,0.0322,0.0168,CS_Mnth
5/1/2007,0.0285,0.0615,CS_Mnth
6/1/2007,0.0153,0.0425,CS_Mnth
7/1/2007,-0.0245,-0.0004,CS_Mnth
8/1/2007,-0.0251,0.0127,CS_Mnth
9/1/2007,0.0223,0.0188,CS_Mnth
10/1/2007,0.0318,0.0023,CS_Mnth
11/1/2007,0.0215,0.0425,CS_Mnth
12/1/2007,0.0305,0.0385,CS_Mnth
1/1/2008,-0.0286,0.0151,CS_Mnth
2/1/2008,-0.0466,-0.002,CS_Mnth
3/1/2008,-0.0088,-0.0034,CS_Mnth
4/1/2008,0.043,0.0188,CS_Mnth
5/1/2008,-0.0107,-0.0021,CS_Mnth
6/1/2008,0.0241,0.0774,CS_Mnth
7/1/2008,-0.0748,-0.0553,CS_Mnth
8/1/2008,0.0429,-0.0262,CS_Mnth
9/1/2008,0.0349,0.0346,CS_Mnth
10/1/2008,-0.0323,0.0169,CS_Mnth
11/1/2008,-0.1072,-0.0466,CS_Mnth
12/1/2008,-0.0403,-0.1044,CS_Mnth
1/1/2009,0.0148,0.0589,CS_Mnth
2/1/2009,-0.0848,-0.1072,CS_Mnth
3/1/2009,-0.0808,-0.1044,CS_Mnth
4/1/2009,0.0422,-0.0034,CS_Mnth
5/1/2009,0.0515,0.0986,CS_Mnth
6/1/2009,0.0575,0.0515,CS_Mnth
7/1/2009,-0.0107,-0.0094,CS_Mnth
8/1/2009,0.0667,0.0515,CS_Mnth
9/1/2009,0.0032,0.0515,CS_Mnth
10/1/2009,0.0275,0.0774,CS_Mnth
11/1/2009,0.0173,-0.0286,CS_Mnth
12/1/2009,0.0453,0.0223,CS_Mnth
1/1/2010,-0.0204,0.0262,CS_Mnth
2/1/2010,-0.0034,-0.0312,CS_Mnth
3/1/2010,0.0292,0.0349,CS_Mnth
4/1/2010,0.0343,0.0223,CS_Mnth
5/1/2010,-0.0143,0.0292,CS_Mnth
6/1/2010,-0.0506,0.0056,CS_Mnth
7/1/2010,-0.0278,0.0008,CS_Mnth
8/1/2010,0.0678,0.03945,CS_Mnth
9/1/2010,-0.018000000000000002,-0.0004,CS_Mnth
10/1/2010,0.0426,0.0678,CS_Mnth
11/1/2010,0.0348,0.0453,CS_Mnth
12/1/2010,-0.0118,-0.0308,CS_Mnth
1/1/2011,0.0312,0.04275,CS_Mnth
2/1/2011,-0.0146,0.0253,CS_Mnth
3/1/2011,0.029,0.0223,CS_Mnth
4/1/2011,0.004,-0.0118,CS_Mnth
5/1/2011,0.0547,0.0153,CS_Mnth
6/1/2011,0.0212,0.004,CS_Mnth
7/1/2011,-0.0341,0.0212,CS_Mnth
8/1/2011,-0.0016,-0.0348,CS_Mnth
9/1/2011,-0.0071,-0.0176,CS_Mnth
10/1/2011,-0.046,-0.0748,CS_Mnth
11/1/2011,0.0356,0.0397,CS_Mnth
12/1/2011,0.0468,0.032,CS_Mnth
1/1/2012,0.0228,0.0173,CS_Mnth
2/1/2012,-0.0162,0.03095,CS_Mnth
3/1/2012,0.0339,0.0228,CS_Mnth
4/1/2012,0.025,0.0212,CS_Mnth
5/1/2012,0.0029,0.004,CS_Mnth
6/1/2012,-0.0211,0.0212,CS_Mnth
7/1/2012,0.035,0.0678,CS_Mnth
8/1/2012,0.0335,-0.0286,CS_Mnth
9/1/2012,-0.0078,0.0253,CS_Mnth
10/1/2012,0.0093,-0.0021,CS_Mnth
11/1/2012,-0.0106,0.0029,CS_Mnth
12/1/2012,0.0155,-0.0078,CS_Mnth
1/1/2013,-0.0169,0.0158,CS_Mnth
2/1/2013,0.0486,0.0115,CS_Mnth
3/1/2013,0.021,-0.01465,CS_Mnth
4/1/2013,0.0483,0.0486,CS_Mnth
5/1/2013,0.0292,0.0285,CS_Mnth
6/1/2013,-0.0181,-0.0156,CS_Mnth
7/1/2013,-0.006,-0.0125,CS_Mnth
8/1/2013,0.0423,0.0312,CS_Mnth
9/1/2013,-0.0459,-0.0506,CS_Mnth
10/1/2013,0.0023,-0.0181,CS_Mnth
11/1/2013,0.0649,0.0014,CS_Mnth
12/1/2013,0.0158,-0.0078,CS_Mnth
1/1/2014,-0.0042,-0.0169,CS_Mnth
2/1/2014,-0.0499,-0.018000000000000002,CS_Mnth
3/1/2014,0.0319,0.0423,CS_Mnth
4/1/2014,0.0238,-0.01065,CS_Mnth
5/1/2014,0.0265,0.0043,CS_Mnth
6/1/2014,0.0183,0.0188,CS_Mnth
7/1/2014,-0.006,0.0339,CS_Mnth
8/1/2014,-0.036000000000000004,-0.0506,CS_Mnth
9/1/2014,0.0487,0.0318,CS_Mnth
10/1/2014,-0.0024,0.0056,CS_Mnth
11/1/2014,0.0348,0.0385,CS_Mnth
12/1/2014,0.0523,0.0348,CS_Mnth
1/1/2015,-0.0094,0.0292,CS_Mnth
2/1/2015,-0.0105,-0.0459,CS_Mnth
3/1/2015,0.0403,0.01595,CS_Mnth
4/1/2015,-0.0266,-0.0466,CS_Mnth
5/1/2015,-0.0035,0.0127,CS_Mnth
6/1/2015,0.006999999999999999,0.0335,CS_Mnth
7/1/2015,-0.0198,-0.036000000000000004,CS_Mnth
8/1/2015,0.0497,0.006999999999999999,CS_Mnth
9/1/2015,-0.0781,-0.0463,CS_Mnth
10/1/2015,0.0183,0.043,CS_Mnth
11/1/2015,0.057,0.0262,CS_Mnth
12/1/2015,-0.0078,0.0032,CS_Mnth
1/1/2016,0.0063,0.0173,CS_Mnth
2/1/2016,0.0165,-0.018000000000000002,CS_Mnth
3/1/2016,0.0111,0.0183,CS_Mnth
4/1/2016,0.0318,0.0425,CS_Mnth
5/1/2016,-0.0074,0.01155,CS_Mnth
6/1/2016,0.0048,0.0312,CS_Mnth
7/1/2016,0.0484,0.006999999999999999,CS_Mnth
8/1/2016,-0.0107,0.058,CS_Mnth
9/1/2016,-0.0091,-0.0107,CS_Mnth
10/1/2016,-0.0192,-0.0028,CS_Mnth
11/1/2016,-0.006,-0.01935,CS_Mnth
12/1/2016,-0.0456,0.0422,CS_Mnth
1/1/2017,0.027000000000000003,-0.0106,CS_Mnth
2/1/2017,0.0114,0.0223,CS_Mnth
3/1/2017,0.0533,0.0348,CS_Mnth
4/1/2017,-0.0085,0.0048,CS_Mnth
5/1/2017,0.011,0.0339,CS_Mnth
6/1/2017,0.0262,-0.01045,CS_Mnth
7/1/2017,-0.0305,-0.0074,CS_Mnth
8/1/2017,0.0073,-0.006,CS_Mnth
9/1/2017,-0.0101,0.027000000000000003,CS_Mnth
10/1/2017,-0.0153,0.0168,CS_Mnth
11/1/2017,-0.0137,-0.01935,CS_Mnth
12/1/2017,0.0505,0.02505,CS_Mnth
1/1/2018,0.0182,-0.0042,CS_Mnth
2/1/2018,0.0114,-0.0651,CS_Mnth
3/1/2018,-0.075,-0.0335,CS_Mnth
4/1/2018,-0.0152,-0.0749,CS_Mnth
5/1/2018,-0.0421,-0.0251,CS_Mnth
6/1/2018,-0.0092,-0.0421,CS_Mnth
7/1/2018,0.0301,-0.0142,CS_Mnth
8/1/2018,0.0411,0.01105,CS_Mnth
9/1/2018,0.0056,0.0303,CS_Mnth
10/1/2018,0.0056,0.0182,CS_Mnth
11/1/2018,0.0207,0.0165,CS_Mnth
12/1/2018,0.0241,0.0411,CS_Mnth
1/1/2019,-0.1102,-0.0781,CS_Mnth
2/1/2019,0.0659,0.0356,CS_Mnth
3/1/2019,0.0177,-0.0137,CS_Mnth
4/1/2019,0.0316,0.0335,CS_Mnth
5/1/2019,0.0277,0.0533,CS_Mnth
6/1/2019,-0.0362,-0.0162,CS_Mnth
7/1/2019,0.0481,0.0678,CS_Mnth
8/1/2019,0.0211,-0.0305,CS_Mnth
9/1/2019,0.0144,0.0262,CS_Mnth
10/1/2019,0.0164,0.0318,CS_Mnth
11/1/2019,-0.0029,0.0148,CS_Mnth
12/1/2019,0.01,-0.015449999999999997,CS_Mnth
1/1/2020,0.0197,0.0238,CS_Mnth
2/1/2020,0.0049,0.0292,CS_Mnth
3/1/2020,-0.0836,-0.0466,CS_Mnth
4/1/2020,-0.0881,-0.0278,CS_Mnth
5/1/2020,0.0934,0.0422,CS_Mnth
6/1/2020,0.0228,0.0318,CS_Mnth
7/1/2020,-0.0086,-0.0025,CS_Mnth
8/1/2020,0.0677,0.0228,CS_Mnth
9/1/2020,0.0453,-0.0074,CS_Mnth
10/1/2020,-0.0168,0.0212,CS_Mnth
2/1/2003,-0.029,-0.0536,Enrgy_Mnth
3/1/2003,0.0257,0.0099,Enrgy_Mnth
4/1/2003,-0.0004,-0.1093,Enrgy_Mnth
5/1/2003,-0.0013,0.0966,Enrgy_Mnth
6/1/2003,0.1022,0.0465,Enrgy_Mnth
7/1/2003,-0.0289,-0.0002,Enrgy_Mnth
8/1/2003,-0.0268,-0.0247,Enrgy_Mnth
9/1/2003,0.0585,-0.0145,Enrgy_Mnth
10/1/2003,-0.0248,-0.0985,Enrgy_Mnth
11/1/2003,0.0133,-0.0582,Enrgy_Mnth
12/1/2003,0.0111,0.1022,Enrgy_Mnth
1/1/2004,0.1309,0.0583,Enrgy_Mnth
2/1/2004,0.0155,0.1017,Enrgy_Mnth
3/1/2004,0.0577,0.0767,Enrgy_Mnth
4/1/2004,-0.0161,0.0111,Enrgy_Mnth
5/1/2004,0.0184,0.0176,Enrgy_Mnth
6/1/2004,0.0033,0.0133,Enrgy_Mnth
7/1/2004,0.0523,0.0155,Enrgy_Mnth
8/1/2004,0.0285,0.00965,Enrgy_Mnth
9/1/2004,-0.0154,0.0,Enrgy_Mnth
10/1/2004,0.0953,0.0285,Enrgy_Mnth
11/1/2004,0.0086,-0.0154,Enrgy_Mnth
12/1/2004,0.058,0.0953,Enrgy_Mnth
1/1/2005,-0.0348,0.0086,Enrgy_Mnth
2/1/2005,0.046,0.0285,Enrgy_Mnth
3/1/2005,0.1586,0.0523,Enrgy_Mnth
4/1/2005,-0.0073,0.0086,Enrgy_Mnth
5/1/2005,-0.0677,0.046,Enrgy_Mnth
6/1/2005,0.0353,-0.0002,Enrgy_Mnth
7/1/2005,0.0618,0.0094,Enrgy_Mnth
8/1/2005,0.0744,0.05785,Enrgy_Mnth
9/1/2005,0.0728,0.0285,Enrgy_Mnth
10/1/2005,0.0536,0.0728,Enrgy_Mnth
11/1/2005,-0.1016,0.0184,Enrgy_Mnth
12/1/2005,0.0286,0.0465,Enrgy_Mnth
1/1/2006,0.0136,-0.0677,Enrgy_Mnth
2/1/2006,0.1355,0.1586,Enrgy_Mnth
3/1/2006,-0.0826,0.0353,Enrgy_Mnth
4/1/2006,0.0381,0.0536,Enrgy_Mnth
5/1/2006,0.0511,-0.0024,Enrgy_Mnth
6/1/2006,-0.0443,0.0285,Enrgy_Mnth
7/1/2006,0.0373,-0.0677,Enrgy_Mnth
8/1/2006,0.0261,0.0155,Enrgy_Mnth
9/1/2006,-0.0434,0.0111,Enrgy_Mnth
10/1/2006,-0.0496,-0.0248,Enrgy_Mnth
11/1/2006,0.0451,-0.0496,Enrgy_Mnth
12/1/2006,0.0807,0.0373,Enrgy_Mnth
1/1/2007,-0.0299,0.0744,Enrgy_Mnth
2/1/2007,-0.0036,0.0451,Enrgy_Mnth
3/1/2007,-0.0306,-0.0826,Enrgy_Mnth
4/1/2007,0.07,0.013749999999999998,Enrgy_Mnth
5/1/2007,0.0528,0.1355,Enrgy_Mnth
6/1/2007,0.08199999999999999,0.05255,Enrgy_Mnth
7/1/2007,0.0068,-0.0299,Enrgy_Mnth
8/1/2007,-0.0064,-0.0064,Enrgy_Mnth
9/1/2007,0.0135,-0.0002,Enrgy_Mnth
10/1/2007,0.07400000000000001,0.0381,Enrgy_Mnth
11/1/2007,0.011,0.0953,Enrgy_Mnth
12/1/2007,-0.0356,-0.0289,Enrgy_Mnth
1/1/2008,0.097,-0.0677,Enrgy_Mnth
2/1/2008,-0.1179,0.097,Enrgy_Mnth
3/1/2008,0.0791,0.0259,Enrgy_Mnth
4/1/2008,-0.0302,0.005,Enrgy_Mnth
5/1/2008,0.0938,0.0381,Enrgy_Mnth
6/1/2008,0.0602,0.0938,Enrgy_Mnth
7/1/2008,0.0303,-0.0064,Enrgy_Mnth
8/1/2008,-0.1556,-0.0496,Enrgy_Mnth
9/1/2008,-0.0316,-0.0302,Enrgy_Mnth
10/1/2008,-0.1304,-0.1555,Enrgy_Mnth
11/1/2008,-0.193,-0.1555,Enrgy_Mnth
12/1/2008,-0.0464,-0.0584,Enrgy_Mnth
1/1/2009,-0.001,-0.0161,Enrgy_Mnth
2/1/2009,-0.0469,-0.0464,Enrgy_Mnth
3/1/2009,-0.1252,-0.193,Enrgy_Mnth
4/1/2009,0.0326,0.0165,Enrgy_Mnth
5/1/2009,0.1075,0.0326,Enrgy_Mnth
6/1/2009,0.1462,0.0602,Enrgy_Mnth
7/1/2009,-0.0778,0.0583,Enrgy_Mnth
8/1/2009,0.0599,0.0966,Enrgy_Mnth
9/1/2009,-0.0091,-0.0443,Enrgy_Mnth
10/1/2009,0.0564,0.011,Enrgy_Mnth
11/1/2009,0.0323,0.0068,Enrgy_Mnth
12/1/2009,0.0349,0.011,Enrgy_Mnth
1/1/2010,0.0059,0.0349,Enrgy_Mnth
2/1/2010,-0.0478,-0.0985,Enrgy_Mnth
3/1/2010,0.0227,-0.0154,Enrgy_Mnth
4/1/2010,0.03,0.0511,Enrgy_Mnth
5/1/2010,0.0358,-0.0036,Enrgy_Mnth
6/1/2010,-0.133,-0.04783333333333334,Enrgy_Mnth
7/1/2010,-0.0445,-0.04665,Enrgy_Mnth
8/1/2010,0.1003,0.0966,Enrgy_Mnth
9/1/2010,-0.051,-0.0248,Enrgy_Mnth
10/1/2010,0.0874,0.0966,Enrgy_Mnth
11/1/2010,0.0571,0.0349,Enrgy_Mnth
12/1/2010,0.0654,0.0938,Enrgy_Mnth
1/1/2011,0.081,0.1309,Enrgy_Mnth
2/1/2011,0.0659,0.0536,Enrgy_Mnth
3/1/2011,0.0757,0.05785,Enrgy_Mnth
4/1/2011,0.0184,0.08199999999999999,Enrgy_Mnth
5/1/2011,0.0025,0.05255,Enrgy_Mnth
6/1/2011,-0.0462,0.0659,Enrgy_Mnth
7/1/2011,-0.0225,-0.0677,Enrgy_Mnth
8/1/2011,0.0347,0.0728,Enrgy_Mnth
9/1/2011,-0.1163,-0.0316,Enrgy_Mnth
10/1/2011,-0.1587,-0.1163,Enrgy_Mnth
11/1/2011,0.158,0.1339,Enrgy_Mnth
12/1/2011,0.0552,0.0136,Enrgy_Mnth
1/1/2012,-0.0011,-0.1163,Enrgy_Mnth
2/1/2012,0.0103,-0.0145,Enrgy_Mnth
3/1/2012,0.0544,-0.0778,Enrgy_Mnth
4/1/2012,-0.0484,-0.0011,Enrgy_Mnth
5/1/2012,-0.0027,-0.0496,Enrgy_Mnth
6/1/2012,-0.1265,-0.1163,Enrgy_Mnth
7/1/2012,0.0645,0.0286,Enrgy_Mnth
8/1/2012,0.0533,0.0135,Enrgy_Mnth
9/1/2012,0.0222,0.1309,Enrgy_Mnth
10/1/2012,0.0347,0.02245,Enrgy_Mnth
11/1/2012,-0.0308,-0.051,Enrgy_Mnth
12/1/2012,-0.0008,0.0111,Enrgy_Mnth
1/1/2013,0.0189,0.02245,Enrgy_Mnth
2/1/2013,0.0659,0.0349,Enrgy_Mnth
3/1/2013,-0.0049,0.0184,Enrgy_Mnth
4/1/2013,0.0249,0.0659,Enrgy_Mnth
5/1/2013,-0.0216,-0.0225,Enrgy_Mnth
6/1/2013,0.0412,0.0133,Enrgy_Mnth
7/1/2013,-0.0249,-0.0462,Enrgy_Mnth
8/1/2013,0.0546,0.0659,Enrgy_Mnth
9/1/2013,-0.0084,-0.0027,Enrgy_Mnth
10/1/2013,0.0035,0.0373,Enrgy_Mnth
11/1/2013,0.0445,0.0412,Enrgy_Mnth
12/1/2013,0.002,-0.0268,Enrgy_Mnth
1/1/2014,0.0168,0.0511,Enrgy_Mnth
2/1/2014,-0.0532,-0.0462,Enrgy_Mnth
3/1/2014,0.0459,0.0165,Enrgy_Mnth
4/1/2014,0.0226,0.0511,Enrgy_Mnth
5/1/2014,0.0507,0.0086,Enrgy_Mnth
6/1/2014,0.0191,0.0249,Enrgy_Mnth
7/1/2014,0.0519,0.0025,Enrgy_Mnth
8/1/2014,-0.0398,-0.0478,Enrgy_Mnth
9/1/2014,0.0232,0.0227,Enrgy_Mnth
10/1/2014,-0.081,-0.1179,Enrgy_Mnth
11/1/2014,-0.0345,-0.081,Enrgy_Mnth
12/1/2014,-0.0925,0.0229,Enrgy_Mnth
1/1/2015,-0.0083,-0.0345,Enrgy_Mnth
2/1/2015,-0.0286,-0.053,Enrgy_Mnth
3/1/2015,0.0311,0.0286,Enrgy_Mnth
4/1/2015,-0.0131,-0.02485,Enrgy_Mnth
5/1/2015,0.0633,0.0571,Enrgy_Mnth
6/1/2015,-0.0504,0.0,Enrgy_Mnth
7/1/2015,-0.0417,-0.0398,Enrgy_Mnth
8/1/2015,-0.0886,-0.0083,Enrgy_Mnth
9/1/2015,-0.06,-0.1252,Enrgy_Mnth
10/1/2015,-0.0394,-0.0496,Enrgy_Mnth
11/1/2015,0.091,0.0232,Enrgy_Mnth
12/1/2015,0.0068,-0.0073,Enrgy_Mnth
1/1/2016,-0.1163,-0.0532,Enrgy_Mnth
2/1/2016,-0.0485,-0.1093,Enrgy_Mnth
3/1/2016,-0.0045,0.091,Enrgy_Mnth
4/1/2016,0.0674,0.0165,Enrgy_Mnth
5/1/2016,0.1079,0.1355,Enrgy_Mnth
6/1/2016,-0.0172,-0.0011,Enrgy_Mnth
7/1/2016,0.0293,-0.0087,Enrgy_Mnth
8/1/2016,-0.0201,0.0453,Enrgy_Mnth
9/1/2016,0.0214,-0.1163,Enrgy_Mnth
10/1/2016,0.0368,0.0323,Enrgy_Mnth
11/1/2016,-0.0226,0.0214,Enrgy_Mnth
12/1/2016,0.0966,0.0602,Enrgy_Mnth
1/1/2017,0.004,0.0214,Enrgy_Mnth
2/1/2017,-0.0371,0.07400000000000001,Enrgy_Mnth
3/1/2017,-0.0171,-0.0268,Enrgy_Mnth
4/1/2017,-0.0282,-0.081,Enrgy_Mnth
5/1/2017,-0.0313,-0.0171,Enrgy_Mnth
6/1/2017,-0.0347,-0.0925,Enrgy_Mnth
7/1/2017,-0.0049,-0.0154,Enrgy_Mnth
8/1/2017,0.0232,-0.0313,Enrgy_Mnth
9/1/2017,-0.0539,-0.1163,Enrgy_Mnth
10/1/2017,0.0742,-0.0013,Enrgy_Mnth
11/1/2017,0.0084,0.0742,Enrgy_Mnth
12/1/2017,0.0186,-0.0443,Enrgy_Mnth
1/1/2018,0.0435,0.0347,Enrgy_Mnth
2/1/2018,0.0321,0.0191,Enrgy_Mnth
3/1/2018,-0.1105,-0.1163,Enrgy_Mnth
4/1/2018,0.0072,-0.0539,Enrgy_Mnth
5/1/2018,0.0937,0.0072,Enrgy_Mnth
6/1/2018,0.0387,0.0807,Enrgy_Mnth
7/1/2018,-0.0114,0.0728,Enrgy_Mnth
8/1/2018,0.0138,0.0311,Enrgy_Mnth
9/1/2018,-0.0218,-0.0248,Enrgy_Mnth
10/1/2018,0.0166,-0.0131,Enrgy_Mnth
11/1/2018,-0.1147,0.0072,Enrgy_Mnth
12/1/2018,0.0048,0.091,Enrgy_Mnth
1/1/2019,-0.1653,-0.1265,Enrgy_Mnth
2/1/2019,0.1423,0.0874,Enrgy_Mnth
3/1/2019,0.0175,0.0103,Enrgy_Mnth
4/1/2019,0.0146,-0.0289,Enrgy_Mnth
5/1/2019,-0.0065,0.0459,Enrgy_Mnth
6/1/2019,-0.1052,-0.1163,Enrgy_Mnth
7/1/2019,0.0901,-0.0582,Enrgy_Mnth
8/1/2019,-0.0386,-0.0347,Enrgy_Mnth
9/1/2019,-0.0881,-0.0386,Enrgy_Mnth
10/1/2019,0.0504,-0.0434,Enrgy_Mnth
11/1/2019,-0.0194,-0.0225,Enrgy_Mnth
12/1/2019,0.0144,-0.0225,Enrgy_Mnth
1/1/2020,0.0228,0.0232,Enrgy_Mnth
2/1/2020,-0.117,-0.0284,Enrgy_Mnth
3/1/2020,-0.1328,-0.1653,Enrgy_Mnth
4/1/2020,-0.3924,-0.1653,Enrgy_Mnth
5/1/2020,0.3236,0.1003,Enrgy_Mnth
6/1/2020,0.0398,0.0455,Enrgy_Mnth
7/1/2020,-0.0181,0.0536,Enrgy_Mnth
8/1/2020,-0.0521,0.0398,Enrgy_Mnth
9/1/2020,-0.0147,-0.0217,Enrgy_Mnth
10/1/2020,-0.1654,-0.0147,Enrgy_Mnth
2/1/2003,-0.0181,0.0078,Fncl_Mnth
3/1/2003,-0.0162,-0.0671,Fncl_Mnth
4/1/2003,-0.0188,0.0,Fncl_Mnth
5/1/2003,0.1177,0.0195,Fncl_Mnth
6/1/2003,0.0616,0.0691,Fncl_Mnth
7/1/2003,-0.0181,0.0616,Fncl_Mnth
8/1/2003,0.0546,-0.0162,Fncl_Mnth
9/1/2003,-0.0113,0.0571,Fncl_Mnth
10/1/2003,0.0043,0.0769,Fncl_Mnth
11/1/2003,0.0686,0.2015,Fncl_Mnth
12/1/2003,-0.0011,-0.0113,Fncl_Mnth
1/1/2004,0.0353,0.0546,Fncl_Mnth
2/1/2004,0.0316,-0.0112,Fncl_Mnth
3/1/2004,0.0289,0.1616,Fncl_Mnth
4/1/2004,-0.0087,-0.03625,Fncl_Mnth
5/1/2004,-0.0506,0.0043,Fncl_Mnth
6/1/2004,0.0107,-0.0087,Fncl_Mnth
7/1/2004,0.0018,0.0107,Fncl_Mnth
8/1/2004,-0.0186,-0.0087,Fncl_Mnth
9/1/2004,0.0332,0.0107,Fncl_Mnth
10/1/2004,-0.0135,0.0447,Fncl_Mnth
11/1/2004,0.0067,0.0078,Fncl_Mnth
12/1/2004,0.0331,-0.0113,Fncl_Mnth
1/1/2005,0.0371,0.0078,Fncl_Mnth
2/1/2005,-0.0244,-0.0224,Fncl_Mnth
3/1/2005,-0.005,0.0353,Fncl_Mnth
4/1/2005,-0.0419,0.0,Fncl_Mnth
5/1/2005,0.0031,-0.01835,Fncl_Mnth
6/1/2005,0.0213,-0.0187,Fncl_Mnth
7/1/2005,0.0123,-0.0112,Fncl_Mnth
8/1/2005,0.0155,0.0546,Fncl_Mnth
9/1/2005,-0.0193,0.0447,Fncl_Mnth
10/1/2005,0.0037,-0.0193,Fncl_Mnth
11/1/2005,0.0263,-0.03625,Fncl_Mnth
12/1/2005,0.0532,-0.0113,Fncl_Mnth
1/1/2006,-0.0119,0.0416,Fncl_Mnth
2/1/2006,0.0073,-0.0015,Fncl_Mnth
3/1/2006,0.026,0.0123,Fncl_Mnth
4/1/2006,-0.0055,0.0107,Fncl_Mnth
5/1/2006,0.0442,0.0263,Fncl_Mnth
6/1/2006,-0.0391,-0.0193,Fncl_Mnth
7/1/2006,-0.0086,0.0442,Fncl_Mnth
8/1/2006,0.0176,-0.0391,Fncl_Mnth
9/1/2006,0.0194,0.026,Fncl_Mnth
10/1/2006,0.0292,0.0194,Fncl_Mnth
11/1/2006,0.0295,0.0371,Fncl_Mnth
12/1/2006,0.002,0.0769,Fncl_Mnth
1/1/2007,0.0365,0.0073,Fncl_Mnth
2/1/2007,0.006,0.0155,Fncl_Mnth
3/1/2007,-0.0452,-0.0186,Fncl_Mnth
4/1/2007,0.0028,0.0019,Fncl_Mnth
5/1/2007,0.0393,-0.0113,Fncl_Mnth
6/1/2007,0.0259,0.0155,Fncl_Mnth
7/1/2007,-0.0335,-0.0186,Fncl_Mnth
8/1/2007,-0.0981,-0.0335,Fncl_Mnth
9/1/2007,0.0227,-0.0419,Fncl_Mnth
10/1/2007,0.0086,0.0028,Fncl_Mnth
11/1/2007,-0.0404,0.0176,Fncl_Mnth
12/1/2007,-0.0583,-0.0162,Fncl_Mnth
1/1/2008,-0.0571,0.0968,Fncl_Mnth
2/1/2008,-0.0028,-0.0112,Fncl_Mnth
3/1/2008,-0.1148,-0.0735,Fncl_Mnth
4/1/2008,0.0035,-0.1105,Fncl_Mnth
5/1/2008,0.0303,0.0067,Fncl_Mnth
6/1/2008,-0.0693,-0.0112,Fncl_Mnth
7/1/2008,-0.1931,-0.05825,Fncl_Mnth
8/1/2008,0.0858,-0.0081,Fncl_Mnth
9/1/2008,0.0148,0.026,Fncl_Mnth
10/1/2008,-0.0956,-0.0224,Fncl_Mnth
11/1/2008,-0.22,-0.1931,Fncl_Mnth
12/1/2008,-0.2143,-0.22,Fncl_Mnth
1/1/2009,0.0296,0.0753,Fncl_Mnth
2/1/2009,-0.2817,-0.2143,Fncl_Mnth
3/1/2009,-0.1878,-0.2817,Fncl_Mnth
4/1/2009,0.171,0.0296,Fncl_Mnth
5/1/2009,0.2547,0.171,Fncl_Mnth
6/1/2009,0.1536,-0.0404,Fncl_Mnth
7/1/2009,-0.0339,-0.0404,Fncl_Mnth
8/1/2009,0.1069,0.1536,Fncl_Mnth
9/1/2009,0.1011,0.02935,Fncl_Mnth
10/1/2009,0.0185,0.0941,Fncl_Mnth
11/1/2009,-0.0471,-0.1148,Fncl_Mnth
12/1/2009,0.0424,0.1069,Fncl_Mnth
1/1/2010,-0.0163,-0.0113,Fncl_Mnth
2/1/2010,-0.0172,-0.0452,Fncl_Mnth
3/1/2010,0.0322,-0.0515,Fncl_Mnth
4/1/2010,0.0916,0.0353,Fncl_Mnth
5/1/2010,0.0137,0.0185,Fncl_Mnth
6/1/2010,-0.1092,-0.05835,Fncl_Mnth
7/1/2010,-0.0503,-0.05835,Fncl_Mnth
8/1/2010,0.0819,0.0916,Fncl_Mnth
9/1/2010,-0.0798,-0.0623,Fncl_Mnth
10/1/2010,0.0554,0.0571,Fncl_Mnth
11/1/2010,0.0069,0.006,Fncl_Mnth
12/1/2010,0.0055,0.0303,Fncl_Mnth
1/1/2011,0.1022,0.0353,Fncl_Mnth
2/1/2011,0.0204,-0.0193,Fncl_Mnth
3/1/2011,0.0242,0.1022,Fncl_Mnth
4/1/2011,-0.0237,-0.0506,Fncl_Mnth
5/1/2011,-0.0036,0.1616,Fncl_Mnth
6/1/2011,-0.0401,0.00295,Fncl_Mnth
7/1/2011,-0.0292,-0.0401,Fncl_Mnth
8/1/2011,-0.0189,-0.0419,Fncl_Mnth
9/1/2011,-0.1104,-0.0503,Fncl_Mnth
10/1/2011,-0.1234,-0.0935,Fncl_Mnth
11/1/2011,0.0956,0.0554,Fncl_Mnth
12/1/2011,-0.0078,0.0155,Fncl_Mnth
1/1/2012,0.0424,0.0353,Fncl_Mnth
2/1/2012,0.0678,0.0532,Fncl_Mnth
3/1/2012,0.0437,-0.0036,Fncl_Mnth
4/1/2012,0.0628,0.006999999999999999,Fncl_Mnth
5/1/2012,-0.0191,0.006999999999999999,Fncl_Mnth
6/1/2012,-0.1095,-0.1234,Fncl_Mnth
7/1/2012,0.0706,0.0616,Fncl_Mnth
8/1/2012,0.0007,-0.0112,Fncl_Mnth
9/1/2012,0.0279,0.0213,Fncl_Mnth
10/1/2012,0.0377,0.0259,Fncl_Mnth
11/1/2012,0.014,0.026,Fncl_Mnth
12/1/2012,-0.0069,0.0194,Fncl_Mnth
1/1/2013,0.0626,0.0769,Fncl_Mnth
2/1/2013,0.0399,0.0055,Fncl_Mnth
3/1/2013,-0.0006,0.014,Fncl_Mnth
4/1/2013,0.0424,0.0295,Fncl_Mnth
5/1/2013,0.0258,0.0627,Fncl_Mnth
6/1/2013,0.067,0.02585,Fncl_Mnth
7/1/2013,-0.0166,0.0626,Fncl_Mnth
8/1/2013,0.0556,0.02585,Fncl_Mnth
9/1/2013,-0.0488,-0.03625,Fncl_Mnth
10/1/2013,0.0137,0.006,Fncl_Mnth
11/1/2013,0.0316,0.0819,Fncl_Mnth
12/1/2013,0.0457,0.0399,Fncl_Mnth
1/1/2014,0.0144,0.067,Fncl_Mnth
2/1/2014,-0.0357,-0.0401,Fncl_Mnth
3/1/2014,0.0219,0.0069,Fncl_Mnth
4/1/2014,0.0419,-0.0488,Fncl_Mnth
5/1/2014,-0.0196,0.0316,Fncl_Mnth
6/1/2014,0.0159,0.0194,Fncl_Mnth
7/1/2014,0.0215,-0.0008500000000000001,Fncl_Mnth
8/1/2014,-0.0193,-0.03606666666666667,Fncl_Mnth
9/1/2014,0.0483,0.0331,Fncl_Mnth
10/1/2014,-0.0132,-0.03606666666666667,Fncl_Mnth
11/1/2014,0.0337,0.0858,Fncl_Mnth
12/1/2014,0.0155,0.006,Fncl_Mnth
1/1/2015,0.0243,-0.0196,Fncl_Mnth
2/1/2015,-0.07200000000000001,-0.0244,Fncl_Mnth
3/1/2015,0.0559,0.0956,Fncl_Mnth
4/1/2015,-0.0127,-0.0488,Fncl_Mnth
5/1/2015,0.0087,0.0144,Fncl_Mnth
6/1/2015,0.0194,0.0753,Fncl_Mnth
7/1/2015,0.0012,0.0243,Fncl_Mnth
8/1/2015,0.0182,0.0194,Fncl_Mnth
9/1/2015,-0.0904,-0.10935,Fncl_Mnth
10/1/2015,-0.0122,0.0263,Fncl_Mnth
11/1/2015,0.0658,0.0956,Fncl_Mnth
12/1/2015,0.0211,0.0447,Fncl_Mnth
1/1/2016,-0.0531,0.0012,Fncl_Mnth
2/1/2016,-0.0737,-0.0028,Fncl_Mnth
3/1/2016,-0.0176,0.0956,Fncl_Mnth
4/1/2016,0.0541,0.0706,Fncl_Mnth
5/1/2016,0.042,0.0447,Fncl_Mnth
6/1/2016,0.0107,-0.0191,Fncl_Mnth
7/1/2016,-0.0344,0.0107,Fncl_Mnth
8/1/2016,0.0395,0.0194,Fncl_Mnth
9/1/2016,0.0401,-0.0193,Fncl_Mnth
10/1/2016,-0.038,0.0419,Fncl_Mnth
11/1/2016,0.0296,-0.01945,Fncl_Mnth
12/1/2016,0.1424,0.0424,Fncl_Mnth
1/1/2017,0.0433,0.1536,Fncl_Mnth
2/1/2017,-0.0051,0.0556,Fncl_Mnth
3/1/2017,0.0647,-0.0051,Fncl_Mnth
4/1/2017,-0.0496,-0.0166,Fncl_Mnth
5/1/2017,-0.005,0.0194,Fncl_Mnth
6/1/2017,-0.0114,0.0303,Fncl_Mnth
7/1/2017,0.0612,-0.0051,Fncl_Mnth
8/1/2017,0.0181,0.0401,Fncl_Mnth
9/1/2017,-0.021,0.0289,Fncl_Mnth
10/1/2017,0.0437,0.0107,Fncl_Mnth
11/1/2017,0.0349,-0.021,Fncl_Mnth
12/1/2017,0.0318,0.0399,Fncl_Mnth
1/1/2018,0.0192,-0.0055,Fncl_Mnth
2/1/2018,0.0566,0.0556,Fncl_Mnth
3/1/2018,-0.027000000000000003,-0.038,Fncl_Mnth
4/1/2018,-0.0454,-0.07200000000000001,Fncl_Mnth
5/1/2018,-0.0065,-0.01325,Fncl_Mnth
6/1/2018,0.0044,0.0137,Fncl_Mnth
7/1/2018,-0.0414,-0.0065,Fncl_Mnth
8/1/2018,0.0667,0.0554,Fncl_Mnth
9/1/2018,0.005,0.0483,Fncl_Mnth
10/1/2018,-0.0187,-0.0176,Fncl_Mnth
11/1/2018,-0.0501,-0.10935,Fncl_Mnth
12/1/2018,0.0383,0.0194,Fncl_Mnth
1/1/2019,-0.1422,-0.0837,Fncl_Mnth
2/1/2019,0.1069,0.0554,Fncl_Mnth
3/1/2019,0.0296,0.0292,Fncl_Mnth
4/1/2019,-0.031,-0.0076,Fncl_Mnth
5/1/2019,0.0822,0.0349,Fncl_Mnth
6/1/2019,-0.0742,-0.05835,Fncl_Mnth
7/1/2019,0.0751,0.0658,Fncl_Mnth
8/1/2019,0.0111,-0.021,Fncl_Mnth
9/1/2019,-0.0542,-0.0166,Fncl_Mnth
10/1/2019,0.0536,0.0028,Fncl_Mnth
11/1/2019,0.0281,0.0337,Fncl_Mnth
12/1/2019,0.0443,0.0822,Fncl_Mnth
1/1/2020,0.0228,0.0243,Fncl_Mnth
2/1/2020,-0.0233,-0.0419,Fncl_Mnth
3/1/2020,-0.117,-0.10935,Fncl_Mnth
4/1/2020,-0.2598,-0.1422,Fncl_Mnth
5/1/2020,0.1283,0.2547,Fncl_Mnth
6/1/2020,0.0562,0.0956,Fncl_Mnth
7/1/2020,-0.0111,0.0137,Fncl_Mnth
8/1/2020,0.0383,0.0616,Fncl_Mnth
9/1/2020,0.0332,0.0956,Fncl_Mnth
10/1/2020,-0.0305,-0.0196,Fncl_Mnth
2/1/2003,-0.0075,0.0047,HlthC_Mnth
3/1/2003,-0.0207,0.0344,HlthC_Mnth
4/1/2003,0.0338,-0.0207,HlthC_Mnth
5/1/2003,0.0298,0.047,HlthC_Mnth
6/1/2003,0.026,0.0382,HlthC_Mnth
7/1/2003,0.0246,-0.0084,HlthC_Mnth
8/1/2003,-0.012,0.0101,HlthC_Mnth
9/1/2003,-0.0323,0.07200000000000001,HlthC_Mnth
10/1/2003,0.0065,-0.0075,HlthC_Mnth
11/1/2003,0.0054,0.094,HlthC_Mnth
12/1/2003,0.0249,-0.012,HlthC_Mnth
1/1/2004,0.0468,0.048,HlthC_Mnth
2/1/2004,0.0281,0.0065,HlthC_Mnth
3/1/2004,0.0103,0.0468,HlthC_Mnth
4/1/2004,-0.0437,0.0065,HlthC_Mnth
5/1/2004,0.0333,0.0061,HlthC_Mnth
6/1/2004,-0.0077,0.0333,HlthC_Mnth
7/1/2004,-0.0052,0.0315,HlthC_Mnth
8/1/2004,-0.0549,-0.0504,HlthC_Mnth
9/1/2004,0.0183,0.0054,HlthC_Mnth
10/1/2004,-0.0224,0.0333,HlthC_Mnth
11/1/2004,-0.024,0.0183,HlthC_Mnth
12/1/2004,0.0214,0.0183,HlthC_Mnth
1/1/2005,0.061,0.0284,HlthC_Mnth
2/1/2005,-0.0361,-0.0469,HlthC_Mnth
3/1/2005,0.0324,-0.0237,HlthC_Mnth
4/1/2005,-0.0086,-0.0077,HlthC_Mnth
5/1/2005,0.0336,-0.0329,HlthC_Mnth
6/1/2005,0.0093,0.0214,HlthC_Mnth
7/1/2005,-0.0077,0.0093,HlthC_Mnth
8/1/2005,0.0273,0.0093,HlthC_Mnth
9/1/2005,-0.0078,-0.05515,HlthC_Mnth
10/1/2005,-0.0079,0.0065,HlthC_Mnth
11/1/2005,-0.0318,0.0336,HlthC_Mnth
12/1/2005,0.0181,-0.02385,HlthC_Mnth
1/1/2006,0.0252,-0.0077,HlthC_Mnth
2/1/2006,0.016,-0.0077,HlthC_Mnth
3/1/2006,0.0053,0.0324,HlthC_Mnth
4/1/2006,-0.0111,0.0093,HlthC_Mnth
5/1/2006,-0.0364,0.0183,HlthC_Mnth
6/1/2006,-0.0149,0.0182,HlthC_Mnth
7/1/2006,-0.0079,-0.024,HlthC_Mnth
8/1/2006,0.0546,0.0344,HlthC_Mnth
9/1/2006,0.0289,0.0053,HlthC_Mnth
10/1/2006,0.0085,0.0137,HlthC_Mnth
11/1/2006,0.0051,0.0289,HlthC_Mnth
12/1/2006,0.0015,0.016,HlthC_Mnth
1/1/2007,0.012,0.0085,HlthC_Mnth
2/1/2007,0.0282,0.0252,HlthC_Mnth
3/1/2007,-0.0352,-0.0504,HlthC_Mnth
4/1/2007,0.0111,0.0324,HlthC_Mnth
5/1/2007,0.0669,0.0111,HlthC_Mnth
6/1/2007,0.0189,-0.0052,HlthC_Mnth
7/1/2007,-0.0359,-0.0352,HlthC_Mnth
8/1/2007,-0.0522,-0.0395,HlthC_Mnth
9/1/2007,0.028,-0.0079,HlthC_Mnth
10/1/2007,0.0287,0.0214,HlthC_Mnth
11/1/2007,0.0144,-0.0149,HlthC_Mnth
12/1/2007,0.0228,-0.036000000000000004,HlthC_Mnth
1/1/2008,-0.0326,-0.0469,HlthC_Mnth
2/1/2008,-0.0634,-0.0076,HlthC_Mnth
3/1/2008,-0.0216,-0.0634,HlthC_Mnth
4/1/2008,-0.0413,-0.0079,HlthC_Mnth
5/1/2008,0.0019,0.028,HlthC_Mnth
6/1/2008,0.0217,-0.0106,HlthC_Mnth
7/1/2008,-0.0577,-0.0634,HlthC_Mnth
8/1/2008,0.0623,0.0137,HlthC_Mnth
9/1/2008,0.0259,0.0153,HlthC_Mnth
10/1/2008,-0.0851,-0.0075,HlthC_Mnth
11/1/2008,-0.114,-0.0577,HlthC_Mnth
12/1/2008,-0.0701,-0.1439,HlthC_Mnth
1/1/2009,0.071,-0.0323,HlthC_Mnth
2/1/2009,-0.0211,-0.0577,HlthC_Mnth
3/1/2009,-0.09,-0.0326,HlthC_Mnth
4/1/2009,0.011,0.0298,HlthC_Mnth
5/1/2009,0.0092,0.0298,HlthC_Mnth
6/1/2009,0.0779,0.048,HlthC_Mnth
7/1/2009,0.0169,-0.0485,HlthC_Mnth
8/1/2009,0.059,0.0468,HlthC_Mnth
9/1/2009,0.0214,0.0284,HlthC_Mnth
10/1/2009,0.0024,0.0324,HlthC_Mnth
11/1/2009,-0.0213,0.0228,HlthC_Mnth
12/1/2009,0.0954,0.0468,HlthC_Mnth
1/1/2010,0.0231,0.0024,HlthC_Mnth
2/1/2010,-0.0044,-0.0277,HlthC_Mnth
3/1/2010,0.0022,0.0779,HlthC_Mnth
4/1/2010,0.0287,0.0054,HlthC_Mnth
5/1/2010,-0.044,-0.0323,HlthC_Mnth
6/1/2010,-0.0687,-0.0504,HlthC_Mnth
7/1/2010,-0.0212,-0.0249,HlthC_Mnth
8/1/2010,0.0259,0.071,HlthC_Mnth
9/1/2010,-0.0177,-0.0214,HlthC_Mnth
10/1/2010,0.0825,0.0092,HlthC_Mnth
11/1/2010,0.0205,0.0231,HlthC_Mnth
12/1/2010,-0.0233,0.0205,HlthC_Mnth
1/1/2011,0.0346,0.0284,HlthC_Mnth
2/1/2011,0.0044,0.016,HlthC_Mnth
3/1/2011,0.0302,0.02475,HlthC_Mnth
4/1/2011,0.014,0.0015,HlthC_Mnth
5/1/2011,0.0677,0.0085,HlthC_Mnth
6/1/2011,0.0144,0.0677,HlthC_Mnth
7/1/2011,-0.0128,0.0111,HlthC_Mnth
8/1/2011,-0.0304,-0.0086,HlthC_Mnth
9/1/2011,-0.0308,-0.0214,HlthC_Mnth
10/1/2011,-0.0569,-0.0308,HlthC_Mnth
11/1/2011,0.0457,0.0259,HlthC_Mnth
12/1/2011,0.0264,0.0289,HlthC_Mnth
1/1/2012,0.0385,-0.012,HlthC_Mnth
2/1/2012,0.0231,-0.012,HlthC_Mnth
3/1/2012,0.0084,0.0385,HlthC_Mnth
4/1/2012,0.0387,0.0214,HlthC_Mnth
5/1/2012,-0.0045,0.0144,HlthC_Mnth
6/1/2012,-0.0438,-0.0569,HlthC_Mnth
7/1/2012,0.0654,0.061,HlthC_Mnth
8/1/2012,0.0123,0.0287,HlthC_Mnth
9/1/2012,0.0049,-0.0233,HlthC_Mnth
10/1/2012,0.0371,-0.0364,HlthC_Mnth
11/1/2012,-0.0062,-0.0079,HlthC_Mnth
12/1/2012,0.0088,-0.0233,HlthC_Mnth
1/1/2013,0.0084,0.048,HlthC_Mnth
2/1/2013,0.0592,0.061,HlthC_Mnth
3/1/2013,0.0063,0.0123,HlthC_Mnth
4/1/2013,0.0604,0.0592,HlthC_Mnth
5/1/2013,0.0207,-0.0045,HlthC_Mnth
6/1/2013,0.0309,0.0231,HlthC_Mnth
7/1/2013,-0.013,-0.0077,HlthC_Mnth
8/1/2013,0.0752,0.0607,HlthC_Mnth
9/1/2013,-0.0316,-0.0352,HlthC_Mnth
10/1/2013,0.0183,-0.0111,HlthC_Mnth
11/1/2013,0.0446,0.0591,HlthC_Mnth
12/1/2013,0.0444,0.0346,HlthC_Mnth
1/1/2014,0.0013,0.0051,HlthC_Mnth
2/1/2014,0.0143,-0.0549,HlthC_Mnth
3/1/2014,0.0456,0.0273,HlthC_Mnth
4/1/2014,0.0,-0.00595,HlthC_Mnth
5/1/2014,-0.0085,-0.0106,HlthC_Mnth
6/1/2014,0.0272,0.0051,HlthC_Mnth
7/1/2014,0.0223,0.0051,HlthC_Mnth
8/1/2014,-0.0049,0.0143,HlthC_Mnth
9/1/2014,0.053,0.0752,HlthC_Mnth
10/1/2014,0.0017,-0.0079,HlthC_Mnth
11/1/2014,0.051,0.053,HlthC_Mnth
12/1/2014,0.0295,0.0456,HlthC_Mnth
1/1/2015,-0.0094,0.0051,HlthC_Mnth
2/1/2015,0.01,0.0228,HlthC_Mnth
3/1/2015,0.0442,0.0591,HlthC_Mnth
4/1/2015,0.0008,0.0142,HlthC_Mnth
5/1/2015,-0.0045,0.0272,HlthC_Mnth
6/1/2015,0.0439,0.00905,HlthC_Mnth
7/1/2015,-0.0028,-0.0055,HlthC_Mnth
8/1/2015,0.0201,0.0189,HlthC_Mnth
9/1/2015,-0.1047,-0.0425,HlthC_Mnth
10/1/2015,-0.0328,0.028,HlthC_Mnth
11/1/2015,0.0807,0.0047,HlthC_Mnth
12/1/2015,-0.0038,-0.0045,HlthC_Mnth
1/1/2016,-0.0099,-0.0085,HlthC_Mnth
2/1/2016,-0.0671,-0.0177,HlthC_Mnth
3/1/2016,0.0088,-0.0328,HlthC_Mnth
4/1/2016,0.0135,0.0183,HlthC_Mnth
5/1/2016,0.0359,-0.012,HlthC_Mnth
6/1/2016,0.0173,0.0144,HlthC_Mnth
7/1/2016,0.0104,0.0008,HlthC_Mnth
8/1/2016,0.0473,0.0359,HlthC_Mnth
9/1/2016,-0.0333,0.0084,HlthC_Mnth
10/1/2016,-0.0133,-0.0328,HlthC_Mnth
11/1/2016,-0.0612,-0.0569,HlthC_Mnth
12/1/2016,0.0212,0.0447,HlthC_Mnth
1/1/2017,0.006999999999999999,0.0084,HlthC_Mnth
2/1/2017,0.0175,0.0203,HlthC_Mnth
3/1/2017,0.0698,0.051,HlthC_Mnth
4/1/2017,-0.0133,0.0249,HlthC_Mnth
5/1/2017,0.016,0.0439,HlthC_Mnth
6/1/2017,0.0077,0.0093,HlthC_Mnth
7/1/2017,0.0433,-0.033100000000000004,HlthC_Mnth
8/1/2017,0.0084,0.016,HlthC_Mnth
9/1/2017,0.0153,0.0143,HlthC_Mnth
10/1/2017,0.0069,-0.0075,HlthC_Mnth
11/1/2017,-0.0088,0.0022,HlthC_Mnth
12/1/2017,0.0268,0.0698,HlthC_Mnth
1/1/2018,-0.0053,-0.0111,HlthC_Mnth
2/1/2018,0.0575,0.0433,HlthC_Mnth
3/1/2018,-0.043,-0.0099,HlthC_Mnth
4/1/2018,-0.0349,-0.043,HlthC_Mnth
5/1/2018,0.0136,0.0088,HlthC_Mnth
6/1/2018,0.0071,0.0136,HlthC_Mnth
7/1/2018,0.0031,-0.0045,HlthC_Mnth
8/1/2018,0.0708,0.0807,HlthC_Mnth
9/1/2018,0.043,0.016,HlthC_Mnth
10/1/2018,0.0303,-0.0038,HlthC_Mnth
11/1/2018,-0.0682,-0.0687,HlthC_Mnth
12/1/2018,0.0765,0.006999999999999999,HlthC_Mnth
1/1/2019,-0.1109,-0.0851,HlthC_Mnth
2/1/2019,0.0657,0.0807,HlthC_Mnth
3/1/2019,0.0159,0.0019,HlthC_Mnth
4/1/2019,0.001,0.0024,HlthC_Mnth
5/1/2019,-0.0317,-0.0364,HlthC_Mnth
6/1/2019,-0.0226,-0.06845,HlthC_Mnth
7/1/2019,0.0688,0.0657,HlthC_Mnth
8/1/2019,-0.0238,-0.0045,HlthC_Mnth
9/1/2019,-0.0118,0.0008,HlthC_Mnth
10/1/2019,0.0033,0.0366,HlthC_Mnth
11/1/2019,0.0541,0.0093,HlthC_Mnth
12/1/2019,0.0465,0.0433,HlthC_Mnth
1/1/2020,0.0249,0.0084,HlthC_Mnth
2/1/2020,-0.0229,0.001,HlthC_Mnth
3/1/2020,-0.07200000000000001,-0.0504,HlthC_Mnth
4/1/2020,-0.0758,-0.1109,HlthC_Mnth
5/1/2020,0.1515,0.0807,HlthC_Mnth
6/1/2020,0.0382,0.0575,HlthC_Mnth
7/1/2020,-0.0178,0.0303,HlthC_Mnth
8/1/2020,0.0562,0.0698,HlthC_Mnth
9/1/2020,0.0182,0.0688,HlthC_Mnth
10/1/2020,-0.0199,0.001,HlthC_Mnth
2/1/2003,-0.0552,0.0144,Indstrl_Mnth
3/1/2003,-0.0147,-0.0299,Indstrl_Mnth
4/1/2003,0.0031,0.0377,Indstrl_Mnth
5/1/2003,0.1003,0.1404,Indstrl_Mnth
6/1/2003,0.0374,0.0466,Indstrl_Mnth
7/1/2003,0.0009,0.0489,Indstrl_Mnth
8/1/2003,0.0419,0.0052,Indstrl_Mnth
9/1/2003,0.054000000000000006,0.0419,Indstrl_Mnth
10/1/2003,-0.041,-0.0308,Indstrl_Mnth
11/1/2003,0.0632,0.0919,Indstrl_Mnth
12/1/2003,0.0209,0.0049,Indstrl_Mnth
1/1/2004,0.063,0.054000000000000006,Indstrl_Mnth
2/1/2004,-0.0063,0.0466,Indstrl_Mnth
3/1/2004,0.0011,0.0489,Indstrl_Mnth
4/1/2004,-0.0123,0.0067,Indstrl_Mnth
5/1/2004,-0.0068,0.1014,Indstrl_Mnth
6/1/2004,0.0209,0.0026,Indstrl_Mnth
7/1/2004,0.0699,0.063,Indstrl_Mnth
8/1/2004,-0.0354,0.0049,Indstrl_Mnth
9/1/2004,0.0068,0.0209,Indstrl_Mnth
10/1/2004,0.0089,0.1404,Indstrl_Mnth
11/1/2004,0.0188,0.00285,Indstrl_Mnth
12/1/2004,0.0651,0.054000000000000006,Indstrl_Mnth
1/1/2005,0.0212,0.0209,Indstrl_Mnth
2/1/2005,-0.0304,-0.0064666666666666674,Indstrl_Mnth
3/1/2005,0.0132,0.1404,Indstrl_Mnth
4/1/2005,-0.0062,0.0188,Indstrl_Mnth
5/1/2005,-0.0334,-0.0386,Indstrl_Mnth
6/1/2005,0.0315,-0.0062,Indstrl_Mnth
7/1/2005,-0.027000000000000003,-0.0178,Indstrl_Mnth
8/1/2005,0.0331,0.019,Indstrl_Mnth
9/1/2005,-0.0383,-0.006433333333333333,Indstrl_Mnth
10/1/2005,0.0289,-0.041,Indstrl_Mnth
11/1/2005,-0.0135,0.02085,Indstrl_Mnth
12/1/2005,0.0616,0.0382,Indstrl_Mnth
1/1/2006,-0.0164,0.0289,Indstrl_Mnth
2/1/2006,0.0077,0.0089,Indstrl_Mnth
3/1/2006,0.0395,-0.0334,Indstrl_Mnth
4/1/2006,0.0417,0.0699,Indstrl_Mnth
5/1/2006,0.0129,0.021,Indstrl_Mnth
6/1/2006,-0.0171,-0.0304,Indstrl_Mnth
7/1/2006,0.0018,-0.0308,Indstrl_Mnth
8/1/2006,-0.0666,-0.0334,Indstrl_Mnth
9/1/2006,0.0246,-0.0181,Indstrl_Mnth
10/1/2006,0.0355,0.021,Indstrl_Mnth
11/1/2006,0.0244,0.054000000000000006,Indstrl_Mnth
12/1/2006,0.0174,0.0651,Indstrl_Mnth
1/1/2007,0.0034,0.0188,Indstrl_Mnth
2/1/2007,0.0233,0.0077,Indstrl_Mnth
3/1/2007,-0.03,-0.0123,Indstrl_Mnth
4/1/2007,0.0221,0.0331,Indstrl_Mnth
5/1/2007,0.0505,0.0289,Indstrl_Mnth
6/1/2007,0.0518,0.0233,Indstrl_Mnth
7/1/2007,-0.0079,0.0289,Indstrl_Mnth
8/1/2007,0.0033,-0.0304,Indstrl_Mnth
9/1/2007,0.0041,0.0033,Indstrl_Mnth
10/1/2007,0.0432,0.0651,Indstrl_Mnth
11/1/2007,-0.0258,0.0432,Indstrl_Mnth
12/1/2007,-0.0087,-0.041,Indstrl_Mnth
1/1/2008,-0.0151,-0.027000000000000003,Indstrl_Mnth
2/1/2008,-0.0435,-0.0149,Indstrl_Mnth
3/1/2008,-0.0361,-0.0383,Indstrl_Mnth
4/1/2008,0.0467,-0.0149,Indstrl_Mnth
5/1/2008,0.0157,0.019,Indstrl_Mnth
6/1/2008,0.0105,-0.0258,Indstrl_Mnth
7/1/2008,-0.1337,-0.0666,Indstrl_Mnth
8/1/2008,0.0328,0.0034,Indstrl_Mnth
9/1/2008,0.0335,0.04665,Indstrl_Mnth
10/1/2008,-0.1524,-0.145,Indstrl_Mnth
11/1/2008,-0.1722,-0.1524,Indstrl_Mnth
12/1/2008,-0.0921,-0.1722,Indstrl_Mnth
1/1/2009,0.0325,0.0157,Indstrl_Mnth
2/1/2009,-0.1369,-0.1722,Indstrl_Mnth
3/1/2009,-0.168,-0.1722,Indstrl_Mnth
4/1/2009,0.0811,0.0157,Indstrl_Mnth
5/1/2009,0.1928,0.1003,Indstrl_Mnth
6/1/2009,0.0546,0.1928,Indstrl_Mnth
7/1/2009,-0.0527,-0.0386,Indstrl_Mnth
8/1/2009,0.1117,0.0546,Indstrl_Mnth
9/1/2009,0.0318,-0.0164,Indstrl_Mnth
10/1/2009,0.0469,0.0328,Indstrl_Mnth
11/1/2009,-0.0276,-0.0178,Indstrl_Mnth
12/1/2009,0.0968,0.0616,Indstrl_Mnth
1/1/2010,0.0079,0.0233,Indstrl_Mnth
2/1/2010,-0.0142,-0.041,Indstrl_Mnth
3/1/2010,0.0459,0.0699,Indstrl_Mnth
4/1/2010,0.0881,0.0616,Indstrl_Mnth
5/1/2010,0.0343,0.0459,Indstrl_Mnth
6/1/2010,-0.1006,-0.0087,Indstrl_Mnth
7/1/2010,-0.0652,-0.0535,Indstrl_Mnth
8/1/2010,0.1208,0.1003,Indstrl_Mnth
9/1/2010,-0.0684,-0.041,Indstrl_Mnth
10/1/2010,0.1024,0.054000000000000006,Indstrl_Mnth
11/1/2010,0.0244,0.1024,Indstrl_Mnth
12/1/2010,0.0248,0.0018,Indstrl_Mnth
1/1/2011,0.0586,0.063,Indstrl_Mnth
2/1/2011,0.0405,0.1024,Indstrl_Mnth
3/1/2011,0.02,0.0405,Indstrl_Mnth
4/1/2011,0.0175,0.0034,Indstrl_Mnth
5/1/2011,0.0293,0.0505,Indstrl_Mnth
6/1/2011,-0.0382,-0.0064666666666666674,Indstrl_Mnth
7/1/2011,-0.0067,-0.0162,Indstrl_Mnth
8/1/2011,-0.0553,0.0355,Indstrl_Mnth
9/1/2011,-0.0771,-0.0666,Indstrl_Mnth
10/1/2011,-0.1063,-0.0642,Indstrl_Mnth
11/1/2011,0.1172,0.0811,Indstrl_Mnth
12/1/2011,0.0401,0.0245,Indstrl_Mnth
1/1/2012,0.0211,0.0212,Indstrl_Mnth
2/1/2012,0.0607,0.0419,Indstrl_Mnth
3/1/2012,0.0216,0.020200000000000003,Indstrl_Mnth
4/1/2012,0.0013,0.020200000000000003,Indstrl_Mnth
5/1/2012,-0.011,0.00325,Indstrl_Mnth
6/1/2012,-0.0799,-0.0467,Indstrl_Mnth
7/1/2012,0.0524,0.0505,Indstrl_Mnth
8/1/2012,0.0064,0.0467,Indstrl_Mnth
9/1/2012,0.0069,0.0405,Indstrl_Mnth
10/1/2012,0.0132,0.0244,Indstrl_Mnth
11/1/2012,-0.0035,-0.0382,Indstrl_Mnth
12/1/2012,0.02,0.00665,Indstrl_Mnth
1/1/2013,0.0375,0.0699,Indstrl_Mnth
2/1/2013,0.0416,0.0401,Indstrl_Mnth
3/1/2013,0.0094,-0.0062,Indstrl_Mnth
4/1/2013,0.0243,0.0416,Indstrl_Mnth
5/1/2013,-0.012,0.00665,Indstrl_Mnth
6/1/2013,0.0609,0.0355,Indstrl_Mnth
7/1/2013,-0.0165,0.0335,Indstrl_Mnth
8/1/2013,0.0565,0.0243,Indstrl_Mnth
9/1/2013,-0.0211,-0.0079,Indstrl_Mnth
10/1/2013,0.0434,0.0355,Indstrl_Mnth
11/1/2013,0.0504,0.0517,Indstrl_Mnth
12/1/2013,0.0339,-0.012,Indstrl_Mnth
1/1/2014,0.0318,0.0341,Indstrl_Mnth
2/1/2014,-0.0398,-0.041,Indstrl_Mnth
3/1/2014,0.0319,0.0504,Indstrl_Mnth
4/1/2014,0.0204,0.020200000000000003,Indstrl_Mnth
5/1/2014,0.0082,-0.0079,Indstrl_Mnth
6/1/2014,0.0208,0.0293,Indstrl_Mnth
7/1/2014,0.0007,0.0132,Indstrl_Mnth
8/1/2014,-0.0447,-0.03845,Indstrl_Mnth
9/1/2014,0.0472,0.0207,Indstrl_Mnth
10/1/2014,-0.0214,-0.0398,Indstrl_Mnth
11/1/2014,0.0436,0.0335,Indstrl_Mnth
12/1/2014,0.026,0.001,Indstrl_Mnth
1/1/2015,0.0023,0.0248,Indstrl_Mnth
2/1/2015,-0.0378,0.0094,Indstrl_Mnth
3/1/2015,0.0532,0.0919,Indstrl_Mnth
4/1/2015,-0.0344,-0.0165,Indstrl_Mnth
5/1/2015,0.0045,0.0331,Indstrl_Mnth
6/1/2015,0.0018,0.020200000000000003,Indstrl_Mnth
7/1/2015,-0.0248,0.0395,Indstrl_Mnth
8/1/2015,-0.0088,0.0436,Indstrl_Mnth
9/1/2015,-0.0722,-0.0642,Indstrl_Mnth
10/1/2015,-0.0078,0.0026,Indstrl_Mnth
11/1/2015,0.0895,0.1172,Indstrl_Mnth
12/1/2015,0.0088,0.0318,Indstrl_Mnth
1/1/2016,-0.0484,-0.0248,Indstrl_Mnth
2/1/2016,-0.0484,-0.0178,Indstrl_Mnth
3/1/2016,0.0553,0.0132,Indstrl_Mnth
4/1/2016,0.0539,0.0524,Indstrl_Mnth
5/1/2016,0.0203,0.0375,Indstrl_Mnth
6/1/2016,-0.0114,0.05175,Indstrl_Mnth
7/1/2016,0.0072,-0.0067,Indstrl_Mnth
8/1/2016,0.0339,0.0068,Indstrl_Mnth
9/1/2016,0.0131,0.0174,Indstrl_Mnth
10/1/2016,-0.0083,-0.0276,Indstrl_Mnth
11/1/2016,-0.0162,-0.0035,Indstrl_Mnth
12/1/2016,0.092,0.02,Indstrl_Mnth
1/1/2017,0.0024,0.0565,Indstrl_Mnth
2/1/2017,0.0128,0.0434,Indstrl_Mnth
3/1/2017,0.0465,0.0079,Indstrl_Mnth
4/1/2017,-0.0202,-0.0211,Indstrl_Mnth
5/1/2017,0.0214,0.0023,Indstrl_Mnth
6/1/2017,0.0184,0.024466666666666668,Indstrl_Mnth
7/1/2017,0.0106,-0.0164,Indstrl_Mnth
8/1/2017,-0.0007,0.0077,Indstrl_Mnth
9/1/2017,0.0035,-0.011,Indstrl_Mnth
10/1/2017,0.0344,0.0405,Indstrl_Mnth
11/1/2017,0.011,0.0203,Indstrl_Mnth
12/1/2017,0.0367,0.02015,Indstrl_Mnth
1/1/2018,0.0207,0.02015,Indstrl_Mnth
2/1/2018,0.0435,0.0565,Indstrl_Mnth
3/1/2018,-0.0321,-0.0214,Indstrl_Mnth
4/1/2018,-0.034,-0.0666,Indstrl_Mnth
5/1/2018,-0.0265,0.0344,Indstrl_Mnth
6/1/2018,0.0383,0.0221,Indstrl_Mnth
7/1/2018,-0.0508,-0.0258,Indstrl_Mnth
8/1/2018,0.0782,0.0331,Indstrl_Mnth
9/1/2018,0.0023,0.0782,Indstrl_Mnth
10/1/2018,0.0332,0.0094,Indstrl_Mnth
11/1/2018,-0.1158,-0.0474,Indstrl_Mnth
12/1/2018,0.0533,0.0319,Indstrl_Mnth
1/1/2019,-0.1414,-0.1006,Indstrl_Mnth
2/1/2019,0.1343,0.1446,Indstrl_Mnth
3/1/2019,0.0685,0.0459,Indstrl_Mnth
4/1/2019,-0.0155,-0.0202,Indstrl_Mnth
5/1/2019,0.0334,0.026,Indstrl_Mnth
6/1/2019,-0.0808,-0.1158,Indstrl_Mnth
7/1/2019,0.0851,0.0532,Indstrl_Mnth
8/1/2019,-0.0047,0.0009,Indstrl_Mnth
9/1/2019,-0.034,-0.0248,Indstrl_Mnth
10/1/2019,0.0382,0.0132,Indstrl_Mnth
11/1/2019,0.0148,0.0106,Indstrl_Mnth
12/1/2019,0.0376,0.0405,Indstrl_Mnth
1/1/2020,0.0002,0.02,Indstrl_Mnth
2/1/2020,-0.0061,-0.0342,Indstrl_Mnth
3/1/2020,-0.0932,-0.0799,Indstrl_Mnth
4/1/2020,-0.2376,-0.0642,Indstrl_Mnth
5/1/2020,0.1188,0.1079,Indstrl_Mnth
6/1/2020,0.0717,0.0851,Indstrl_Mnth
7/1/2020,0.0263,0.0088,Indstrl_Mnth
8/1/2020,0.0352,0.1117,Indstrl_Mnth
9/1/2020,0.0799,0.0221,Indstrl_Mnth
10/1/2020,-0.0005,-0.0202,Indstrl_Mnth
2/1/2003,-0.0624,-0.0039,Mtrls_Mnth
3/1/2003,-0.025,-0.017,Mtrls_Mnth
4/1/2003,0.0071,-0.0261,Mtrls_Mnth
5/1/2003,0.0829,0.0944,Mtrls_Mnth
6/1/2003,0.041,0.2496,Mtrls_Mnth
7/1/2003,-0.0067,0.0239,Mtrls_Mnth
8/1/2003,0.0818,0.0235,Mtrls_Mnth
9/1/2003,0.0336,0.0818,Mtrls_Mnth
10/1/2003,-0.0494,-0.0624,Mtrls_Mnth
11/1/2003,0.0888,0.1074,Mtrls_Mnth
12/1/2003,0.0289,0.0767,Mtrls_Mnth
1/1/2004,0.0915,0.0289,Mtrls_Mnth
2/1/2004,-0.0484,0.0239,Mtrls_Mnth
3/1/2004,0.0556,-0.0484,Mtrls_Mnth
4/1/2004,-0.0248,0.0556,Mtrls_Mnth
5/1/2004,-0.0506,-0.0067,Mtrls_Mnth
6/1/2004,0.0248,0.0915,Mtrls_Mnth
7/1/2004,0.0465,0.0235,Mtrls_Mnth
8/1/2004,-0.028,-0.058,Mtrls_Mnth
9/1/2004,0.02,0.0556,Mtrls_Mnth
10/1/2004,0.0354,0.02,Mtrls_Mnth
11/1/2004,-0.0033,0.0767,Mtrls_Mnth
12/1/2004,0.0788,0.041,Mtrls_Mnth
1/1/2005,0.0078,0.0915,Mtrls_Mnth
2/1/2005,-0.0349,-0.0384,Mtrls_Mnth
3/1/2005,0.0887,0.02,Mtrls_Mnth
4/1/2005,-0.0412,-0.0382,Mtrls_Mnth
5/1/2005,-0.0663,-0.0525,Mtrls_Mnth
6/1/2005,-0.0068,0.0134,Mtrls_Mnth
7/1/2005,-0.0226,-0.0663,Mtrls_Mnth
8/1/2005,0.0515,0.0788,Mtrls_Mnth
9/1/2005,-0.0385,-0.0248,Mtrls_Mnth
10/1/2005,0.0011,0.0966,Mtrls_Mnth
11/1/2005,0.0062,-0.0494,Mtrls_Mnth
12/1/2005,0.0744,0.0078,Mtrls_Mnth
1/1/2006,0.0118,-0.0261,Mtrls_Mnth
2/1/2006,0.0578,-0.0068,Mtrls_Mnth
3/1/2006,-0.0257,0.0465,Mtrls_Mnth
4/1/2006,0.0541,-0.0033,Mtrls_Mnth
5/1/2006,0.0287,0.0078,Mtrls_Mnth
6/1/2006,-0.0505,-0.028,Mtrls_Mnth
7/1/2006,0.0091,-0.0226,Mtrls_Mnth
8/1/2006,-0.0416,0.0091,Mtrls_Mnth
9/1/2006,0.0311,0.0887,Mtrls_Mnth
10/1/2006,-0.0113,0.0311,Mtrls_Mnth
11/1/2006,0.0648,0.0944,Mtrls_Mnth
12/1/2006,0.0408,0.0311,Mtrls_Mnth
1/1/2007,-0.0017,0.0209,Mtrls_Mnth
2/1/2007,0.0511,0.0887,Mtrls_Mnth
3/1/2007,-0.0035,-0.0154,Mtrls_Mnth
4/1/2007,0.0416,0.0078,Mtrls_Mnth
5/1/2007,0.015,0.0541,Mtrls_Mnth
6/1/2007,0.0625,0.0413,Mtrls_Mnth
7/1/2007,-0.0041,-0.028,Mtrls_Mnth
8/1/2007,-0.0355,-0.0898,Mtrls_Mnth
9/1/2007,-0.0028,0.0209,Mtrls_Mnth
10/1/2007,0.0733,0.015,Mtrls_Mnth
11/1/2007,0.0377,-0.0017,Mtrls_Mnth
12/1/2007,-0.0421,-0.1254,Mtrls_Mnth
1/1/2008,-0.0048,-0.1254,Mtrls_Mnth
2/1/2008,-0.0225,-0.0331,Mtrls_Mnth
3/1/2008,0.0056,-0.03843333333333333,Mtrls_Mnth
4/1/2008,-0.0112,0.0248,Mtrls_Mnth
5/1/2008,0.041,0.0767,Mtrls_Mnth
6/1/2008,0.0507,0.0409,Mtrls_Mnth
7/1/2008,-0.0724,-0.1254,Mtrls_Mnth
8/1/2008,-0.018000000000000002,-0.01125,Mtrls_Mnth
9/1/2008,-0.0287,0.0829,Mtrls_Mnth
10/1/2008,-0.1647,-0.117,Mtrls_Mnth
11/1/2008,-0.2073,-0.1647,Mtrls_Mnth
12/1/2008,-0.1232,-0.2073,Mtrls_Mnth
1/1/2009,0.0057,-0.0287,Mtrls_Mnth
2/1/2009,-0.09,-0.0724,Mtrls_Mnth
3/1/2009,-0.0883,-0.1232,Mtrls_Mnth
4/1/2009,0.1505,0.142,Mtrls_Mnth
5/1/2009,0.1757,0.0744,Mtrls_Mnth
6/1/2009,0.0747,0.041,Mtrls_Mnth
7/1/2009,-0.0558,-0.085,Mtrls_Mnth
8/1/2009,0.1361,0.0744,Mtrls_Mnth
9/1/2009,-0.001,0.0747,Mtrls_Mnth
10/1/2009,0.0416,0.0966,Mtrls_Mnth
11/1/2009,-0.0448,-0.03835,Mtrls_Mnth
12/1/2009,0.1216,0.0744,Mtrls_Mnth
1/1/2010,0.0167,0.0648,Mtrls_Mnth
2/1/2010,-0.0929,-0.0494,Mtrls_Mnth
3/1/2010,0.0397,0.0375,Mtrls_Mnth
4/1/2010,0.0818,0.1216,Mtrls_Mnth
5/1/2010,-0.0053,-0.001,Mtrls_Mnth
6/1/2010,-0.1068,-0.1254,Mtrls_Mnth
7/1/2010,-0.069,-0.2073,Mtrls_Mnth
8/1/2010,0.1475,0.0888,Mtrls_Mnth
9/1/2010,-0.0332,0.0,Mtrls_Mnth
10/1/2010,0.049,0.1361,Mtrls_Mnth
11/1/2010,0.0606,0.0556,Mtrls_Mnth
12/1/2010,0.0229,0.0078,Mtrls_Mnth
1/1/2011,0.085,0.0606,Mtrls_Mnth
2/1/2011,-0.0005,0.0541,Mtrls_Mnth
3/1/2011,0.0193,0.0336,Mtrls_Mnth
4/1/2011,0.0177,0.0229,Mtrls_Mnth
5/1/2011,0.0191,0.0625,Mtrls_Mnth
6/1/2011,-0.0353,-0.03315,Mtrls_Mnth
7/1/2011,-0.0048,-0.0353,Mtrls_Mnth
8/1/2011,-0.017,-0.0353,Mtrls_Mnth
9/1/2011,-0.0878,-0.0232,Mtrls_Mnth
10/1/2011,-0.1779,-0.08805,Mtrls_Mnth
11/1/2011,0.1402,0.1475,Mtrls_Mnth
12/1/2011,0.0375,-0.0287,Mtrls_Mnth
1/1/2012,-0.0029,0.0193,Mtrls_Mnth
2/1/2012,0.0946,0.1216,Mtrls_Mnth
3/1/2012,-0.0077,0.0606,Mtrls_Mnth
4/1/2012,-0.0073,-0.0028,Mtrls_Mnth
5/1/2012,-0.0068,-0.017,Mtrls_Mnth
6/1/2012,-0.0938,-0.08805,Mtrls_Mnth
7/1/2012,0.0596,-0.0077,Mtrls_Mnth
8/1/2012,-0.0054,-0.0068,Mtrls_Mnth
9/1/2012,0.0191,-0.0077,Mtrls_Mnth
10/1/2012,0.0378,-0.0077,Mtrls_Mnth
11/1/2012,-0.0251,-0.0048,Mtrls_Mnth
12/1/2012,0.0194,0.0509,Mtrls_Mnth
1/1/2013,0.0435,-0.0165,Mtrls_Mnth
2/1/2013,0.0213,0.0541,Mtrls_Mnth
3/1/2013,-0.0252,0.0409,Mtrls_Mnth
4/1/2013,0.0238,0.0397,Mtrls_Mnth
5/1/2013,0.0049,0.0209,Mtrls_Mnth
6/1/2013,0.0272,0.0946,Mtrls_Mnth
7/1/2013,-0.0406,0.0091,Mtrls_Mnth
8/1/2013,0.0511,0.0747,Mtrls_Mnth
9/1/2013,0.0069,0.0064,Mtrls_Mnth
10/1/2013,0.0239,0.0556,Mtrls_Mnth
11/1/2013,0.0431,0.0213,Mtrls_Mnth
12/1/2013,0.0151,0.0378,Mtrls_Mnth
1/1/2014,0.0328,0.0378,Mtrls_Mnth
2/1/2014,-0.0429,-0.0624,Mtrls_Mnth
3/1/2014,0.0621,0.0606,Mtrls_Mnth
4/1/2014,0.0171,0.0177,Mtrls_Mnth
5/1/2014,0.0025,0.0174,Mtrls_Mnth
6/1/2014,0.0323,0.0328,Mtrls_Mnth
7/1/2014,0.011,-0.0484,Mtrls_Mnth
8/1/2014,-0.0231,-0.0251,Mtrls_Mnth
9/1/2014,0.0406,0.0431,Mtrls_Mnth
10/1/2014,-0.0202,-0.0385,Mtrls_Mnth
11/1/2014,-0.0218,0.0311,Mtrls_Mnth
12/1/2014,0.0122,0.0311,Mtrls_Mnth
1/1/2015,-0.0088,0.011,Mtrls_Mnth
2/1/2015,-0.0173,-0.0429,Mtrls_Mnth
3/1/2015,0.079,0.0406,Mtrls_Mnth
4/1/2015,-0.0511,-0.0251,Mtrls_Mnth
5/1/2015,0.0378,-0.05055,Mtrls_Mnth
6/1/2015,0.0,-0.0154,Mtrls_Mnth
7/1/2015,-0.0367,-0.0244,Mtrls_Mnth
8/1/2015,-0.0606,0.0049,Mtrls_Mnth
9/1/2015,-0.0804,-0.0035,Mtrls_Mnth
10/1/2015,-0.0507,-0.0048,Mtrls_Mnth
11/1/2015,0.1315,0.049,Mtrls_Mnth
12/1/2015,0.009000000000000001,0.0648,Mtrls_Mnth
1/1/2016,-0.0664,-0.0525,Mtrls_Mnth
2/1/2016,-0.0976,-0.0507,Mtrls_Mnth
3/1/2016,0.0973,0.0556,Mtrls_Mnth
4/1/2016,0.0518,0.0596,Mtrls_Mnth
5/1/2016,0.0629,0.03765,Mtrls_Mnth
6/1/2016,-0.0093,-0.0332,Mtrls_Mnth
7/1/2016,-0.0109,0.0171,Mtrls_Mnth
8/1/2016,0.0507,-0.001,Mtrls_Mnth
9/1/2016,0.0004,0.0239,Mtrls_Mnth
10/1/2016,-0.0191,-0.0093,Mtrls_Mnth
11/1/2016,-0.0195,-0.0041,Mtrls_Mnth
12/1/2016,0.0696,0.0134,Mtrls_Mnth
1/1/2017,-0.0056,0.0049,Mtrls_Mnth
2/1/2017,0.0423,0.0078,Mtrls_Mnth
3/1/2017,0.0152,0.0606,Mtrls_Mnth
4/1/2017,-0.0057,-0.0406,Mtrls_Mnth
5/1/2017,0.017,-0.01125,Mtrls_Mnth
6/1/2017,-0.0051,0.0152,Mtrls_Mnth
7/1/2017,0.0168,0.0171,Mtrls_Mnth
8/1/2017,0.0172,-0.00705,Mtrls_Mnth
9/1/2017,0.0071,-0.0073,Mtrls_Mnth
10/1/2017,0.0266,0.0213,Mtrls_Mnth
11/1/2017,0.0453,0.0289,Mtrls_Mnth
12/1/2017,0.0062,0.0453,Mtrls_Mnth
1/1/2018,0.0198,0.0287,Mtrls_Mnth
2/1/2018,0.0273,0.0648,Mtrls_Mnth
3/1/2018,-0.0466,0.0308,Mtrls_Mnth
4/1/2018,-0.0478,0.0118,Mtrls_Mnth
5/1/2018,-0.0009,-0.017,Mtrls_Mnth
6/1/2018,0.0337,0.079,Mtrls_Mnth
7/1/2018,-0.0164,-0.0009,Mtrls_Mnth
8/1/2018,0.0338,0.0818,Mtrls_Mnth
9/1/2018,-0.0082,0.023850000000000003,Mtrls_Mnth
10/1/2018,-0.0145,0.0191,Mtrls_Mnth
11/1/2018,-0.0803,-0.0804,Mtrls_Mnth
12/1/2018,0.0405,0.0338,Mtrls_Mnth
1/1/2019,-0.1069,-0.2073,Mtrls_Mnth
2/1/2019,0.0711,0.1402,Mtrls_Mnth
3/1/2019,0.0399,0.0134,Mtrls_Mnth
4/1/2019,0.0079,-0.0164,Mtrls_Mnth
5/1/2019,0.0293,-0.0031,Mtrls_Mnth
6/1/2019,-0.0805,-0.08035,Mtrls_Mnth
7/1/2019,0.114,0.049,Mtrls_Mnth
8/1/2019,-0.0112,0.0062,Mtrls_Mnth
9/1/2019,-0.0347,-0.0118,Mtrls_Mnth
10/1/2019,0.0363,0.0337,Mtrls_Mnth
11/1/2019,0.0034,0.0248,Mtrls_Mnth
12/1/2019,0.0248,-0.0145,Mtrls_Mnth
1/1/2020,0.0315,0.0172,Mtrls_Mnth
2/1/2020,-0.0644,-0.0118,Mtrls_Mnth
3/1/2020,-0.08,-0.1069,Mtrls_Mnth
4/1/2020,-0.1847,-0.1232,Mtrls_Mnth
5/1/2020,0.1749,0.1402,Mtrls_Mnth
6/1/2020,0.0881,0.114,Mtrls_Mnth
7/1/2020,0.0169,0.0818,Mtrls_Mnth
8/1/2020,0.0755,0.0078,Mtrls_Mnth
9/1/2020,0.0382,0.0881,Mtrls_Mnth
10/1/2020,0.0151,-0.0082,Mtrls_Mnth
2/1/2003,-0.0315,-0.1534,Tech_Mnth
3/1/2003,0.0083,-0.0976,Tech_Mnth
4/1/2003,-0.0137,-0.052000000000000005,Tech_Mnth
5/1/2003,0.085,0.1227,Tech_Mnth
6/1/2003,0.0918,0.0381,Tech_Mnth
7/1/2003,-0.0053,-0.1534,Tech_Mnth
8/1/2003,0.039,-0.0053,Tech_Mnth
9/1/2003,0.0615,0.2055,Tech_Mnth
10/1/2003,-0.0123,-0.00013333333333333334,Tech_Mnth
11/1/2003,0.0738,0.0615,Tech_Mnth
12/1/2003,0.0111,-0.03135,Tech_Mnth
1/1/2004,0.023,0.1128,Tech_Mnth
2/1/2004,0.0435,-0.0312,Tech_Mnth
3/1/2004,-0.0286,-0.0997,Tech_Mnth
4/1/2004,-0.0222,-0.052000000000000005,Tech_Mnth
5/1/2004,-0.0375,-0.0359,Tech_Mnth
6/1/2004,0.02,0.0077,Tech_Mnth
7/1/2004,0.0372,-0.0286,Tech_Mnth
8/1/2004,-0.0649,0.0372,Tech_Mnth
9/1/2004,-0.0383,-0.052000000000000005,Tech_Mnth
10/1/2004,0.0355,-0.0649,Tech_Mnth
11/1/2004,0.0426,-0.043,Tech_Mnth
12/1/2004,0.0524,0.0615,Tech_Mnth
1/1/2005,0.0081,0.0524,Tech_Mnth
2/1/2005,-0.0597,0.0355,Tech_Mnth
3/1/2005,0.005,0.0355,Tech_Mnth
4/1/2005,-0.0299,0.0355,Tech_Mnth
5/1/2005,-0.0277,-0.0299,Tech_Mnth
6/1/2005,0.0654,-0.0597,Tech_Mnth
7/1/2005,-0.0079,0.005,Tech_Mnth
8/1/2005,0.0544,0.0524,Tech_Mnth
9/1/2005,-0.0128,-0.0649,Tech_Mnth
10/1/2005,-0.0005,-0.0004,Tech_Mnth
11/1/2005,-0.0225,-0.0315,Tech_Mnth
12/1/2005,0.0746,-0.0383,Tech_Mnth
1/1/2006,-0.0411,-0.0002,Tech_Mnth
2/1/2006,0.0229,-0.0005,Tech_Mnth
3/1/2006,0.013,-0.0312,Tech_Mnth
4/1/2006,0.0244,0.0229,Tech_Mnth
5/1/2006,-0.0148,0.0355,Tech_Mnth
6/1/2006,-0.0701,-0.0375,Tech_Mnth
7/1/2006,-0.0064,-0.0079,Tech_Mnth
8/1/2006,-0.0281,-0.0315,Tech_Mnth
9/1/2006,0.0811,-0.0359,Tech_Mnth
10/1/2006,0.0295,0.0062,Tech_Mnth
11/1/2006,0.0478,0.039,Tech_Mnth
12/1/2006,0.0174,-0.0133,Tech_Mnth
1/1/2007,-0.0017,0.039,Tech_Mnth
2/1/2007,0.0171,0.0111,Tech_Mnth
3/1/2007,-0.0434,-0.0079,Tech_Mnth
4/1/2007,0.029,-0.0005,Tech_Mnth
5/1/2007,0.047,0.029,Tech_Mnth
6/1/2007,0.0523,0.01725,Tech_Mnth
7/1/2007,-0.0035,-0.0148,Tech_Mnth
8/1/2007,-0.0043,-0.0383,Tech_Mnth
9/1/2007,0.0199,-0.0137,Tech_Mnth
10/1/2007,0.0418,0.029,Tech_Mnth
11/1/2007,0.0526,-0.0053,Tech_Mnth
12/1/2007,-0.079,0.0199,Tech_Mnth
1/1/2008,0.0118,-0.0123,Tech_Mnth
2/1/2008,-0.1152,-0.0976,Tech_Mnth
3/1/2008,-0.0594,-0.1152,Tech_Mnth
4/1/2008,0.0334,-0.1152,Tech_Mnth
5/1/2008,0.0545,0.0355,Tech_Mnth
6/1/2008,0.0459,0.0479,Tech_Mnth
7/1/2008,-0.1044,-0.0919,Tech_Mnth
8/1/2008,-0.0071,0.047,Tech_Mnth
9/1/2008,0.0351,0.0746,Tech_Mnth
10/1/2008,-0.1543,0.0759,Tech_Mnth
11/1/2008,-0.1519,-0.1152,Tech_Mnth
12/1/2008,-0.1031,-0.1493,Tech_Mnth
1/1/2009,0.0354,0.1227,Tech_Mnth
2/1/2009,-0.0581,-0.1031,Tech_Mnth
3/1/2009,-0.0452,-0.0581,Tech_Mnth
4/1/2009,0.1076,0.0615,Tech_Mnth
5/1/2009,0.1211,0.0918,Tech_Mnth
6/1/2009,0.0335,-0.0053,Tech_Mnth
7/1/2009,0.0246,-0.0053,Tech_Mnth
8/1/2009,0.0884,0.0381,Tech_Mnth
9/1/2009,-0.0005,0.0,Tech_Mnth
10/1/2009,0.0416,0.0353,Tech_Mnth
11/1/2009,-0.0067,-0.0997,Tech_Mnth
12/1/2009,0.0625,0.0081,Tech_Mnth
1/1/2010,0.0557,0.0416,Tech_Mnth
2/1/2010,-0.0899,-0.079,Tech_Mnth
3/1/2010,0.0351,0.0478,Tech_Mnth
4/1/2010,0.0624,0.0625,Tech_Mnth
5/1/2010,0.013,0.0353,Tech_Mnth
6/1/2010,-0.0818,-0.079,Tech_Mnth
7/1/2010,-0.0525,-0.0818,Tech_Mnth
8/1/2010,0.0867,0.035333333333333335,Tech_Mnth
9/1/2010,-0.0546,-0.0434,Tech_Mnth
10/1/2010,0.1054,0.0884,Tech_Mnth
11/1/2010,0.0557,0.06245,Tech_Mnth
12/1/2010,-0.0069,0.013,Tech_Mnth
1/1/2011,0.0444,0.06245,Tech_Mnth
2/1/2011,0.0315,0.0111,Tech_Mnth
3/1/2011,0.0164,0.013,Tech_Mnth
4/1/2011,-0.0162,0.0111,Tech_Mnth
5/1/2011,0.026,0.0351,Tech_Mnth
6/1/2011,-0.0175,-0.0299,Tech_Mnth
7/1/2011,-0.025,-0.0299,Tech_Mnth
8/1/2011,0.0159,0.01995,Tech_Mnth
9/1/2011,-0.0631,-0.0315,Tech_Mnth
10/1/2011,-0.0441,-0.0157,Tech_Mnth
11/1/2011,0.085,0.0867,Tech_Mnth
12/1/2011,0.0059,0.0435,Tech_Mnth
1/1/2012,0.0125,0.0171,Tech_Mnth
2/1/2012,0.0549,0.06245,Tech_Mnth
3/1/2012,0.0663,0.0546,Tech_Mnth
4/1/2012,0.0361,0.0295,Tech_Mnth
5/1/2012,-0.0116,0.0909,Tech_Mnth
6/1/2012,-0.0789,-0.0525,Tech_Mnth
7/1/2012,0.0495,0.0557,Tech_Mnth
8/1/2012,0.0222,0.0287,Tech_Mnth
9/1/2012,0.0343,0.0546,Tech_Mnth
10/1/2012,0.0161,0.0355,Tech_Mnth
11/1/2012,-0.0624,-0.0899,Tech_Mnth
12/1/2012,0.0114,0.0343,Tech_Mnth
1/1/2013,0.0092,0.0174,Tech_Mnth
2/1/2013,0.001,0.0125,Tech_Mnth
3/1/2013,-0.0054,-0.0071,Tech_Mnth
4/1/2013,0.0275,0.001,Tech_Mnth
5/1/2013,0.0152,0.0275,Tech_Mnth
6/1/2013,0.0306,0.0275,Tech_Mnth
7/1/2013,-0.0278,0.013,Tech_Mnth
8/1/2013,0.0363,0.0275,Tech_Mnth
9/1/2013,-0.0128,0.0118,Tech_Mnth
10/1/2013,0.0171,0.001,Tech_Mnth
11/1/2013,0.0536,0.0161,Tech_Mnth
12/1/2013,0.0275,-0.0069,Tech_Mnth
1/1/2014,0.0259,0.0526,Tech_Mnth
2/1/2014,-0.0247,-0.01255,Tech_Mnth
3/1/2014,0.0334,0.0363,Tech_Mnth
4/1/2014,0.0145,-0.0546,Tech_Mnth
5/1/2014,0.0005,0.0145,Tech_Mnth
6/1/2014,0.0395,0.0444,Tech_Mnth
7/1/2014,0.0161,0.0418,Tech_Mnth
8/1/2014,0.0107,-0.0247,Tech_Mnth
9/1/2014,0.0378,0.0334,Tech_Mnth
10/1/2014,-0.0149,0.0107,Tech_Mnth
11/1/2014,0.0206,0.0171,Tech_Mnth
12/1/2014,0.0443,0.0152,Tech_Mnth
1/1/2015,-0.0184,-0.0054,Tech_Mnth
2/1/2015,-0.0377,0.0118,Tech_Mnth
3/1/2015,0.0799,0.0378,Tech_Mnth
4/1/2015,-0.0407,-0.0071,Tech_Mnth
5/1/2015,0.0328,0.0222,Tech_Mnth
6/1/2015,0.0182,-0.0071,Tech_Mnth
7/1/2015,-0.0424,-0.0407,Tech_Mnth
8/1/2015,0.0189,0.0381,Tech_Mnth
9/1/2015,-0.0747,-0.0789,Tech_Mnth
10/1/2015,0.003,-0.0377,Tech_Mnth
11/1/2015,0.1071,0.085,Tech_Mnth
12/1/2015,0.0094,0.0479,Tech_Mnth
1/1/2016,-0.0471,-0.0247,Tech_Mnth
2/1/2016,-0.0235,0.003,Tech_Mnth
3/1/2016,0.0061,0.013,Tech_Mnth
4/1/2016,0.0661,-0.0286,Tech_Mnth
5/1/2016,-0.0415,0.0222,Tech_Mnth
6/1/2016,0.0431,-0.0899,Tech_Mnth
7/1/2016,-0.0145,-0.0415,Tech_Mnth
8/1/2016,0.0703,0.0416,Tech_Mnth
9/1/2016,0.0114,0.029,Tech_Mnth
10/1/2016,0.0143,0.0328,Tech_Mnth
11/1/2016,-0.0027,-0.0247,Tech_Mnth
12/1/2016,-0.0017,0.0703,Tech_Mnth
1/1/2017,0.0259,-0.0148,Tech_Mnth
2/1/2017,0.0384,0.0478,Tech_Mnth
3/1/2017,0.0421,0.0206,Tech_Mnth
4/1/2017,0.0131,0.0431,Tech_Mnth
5/1/2017,0.0229,0.0343,Tech_Mnth
6/1/2017,0.0379,-0.0123,Tech_Mnth
7/1/2017,-0.03,0.0259,Tech_Mnth
8/1/2017,0.0455,-0.0116,Tech_Mnth
9/1/2017,0.0266,0.0145,Tech_Mnth
10/1/2017,0.0046,0.0266,Tech_Mnth
11/1/2017,0.0675,0.0351,Tech_Mnth
12/1/2017,0.0032,0.0306,Tech_Mnth
1/1/2018,0.012,0.0032,Tech_Mnth
2/1/2018,0.0621,0.012,Tech_Mnth
3/1/2018,0.0019,0.0131,Tech_Mnth
4/1/2018,-0.0464,-0.0157,Tech_Mnth
5/1/2018,0.0032,0.0189,Tech_Mnth
6/1/2018,0.0765,0.0799,Tech_Mnth
7/1/2018,-0.0213,-0.0184,Tech_Mnth
8/1/2018,0.0372,0.0799,Tech_Mnth
9/1/2018,0.0535,0.0275,Tech_Mnth
10/1/2018,0.0074,0.0229,Tech_Mnth
11/1/2018,-0.0846,-0.0631,Tech_Mnth
12/1/2018,0.0035,0.0799,Tech_Mnth
1/1/2019,-0.1282,-0.1031,Tech_Mnth
2/1/2019,0.0922,0.1071,Tech_Mnth
3/1/2019,0.0771,0.0765,Tech_Mnth
4/1/2019,0.0462,0.0125,Tech_Mnth
5/1/2019,0.064,0.0372,Tech_Mnth
6/1/2019,-0.0943,-0.0747,Tech_Mnth
7/1/2019,0.1088,0.0738,Tech_Mnth
8/1/2019,0.0135,-0.0464,Tech_Mnth
9/1/2019,-0.0252,-0.0123,Tech_Mnth
10/1/2019,0.0256,-0.01465,Tech_Mnth
11/1/2019,0.0378,-0.03,Tech_Mnth
12/1/2019,0.0506,0.0094,Tech_Mnth
1/1/2020,0.0488,0.0372,Tech_Mnth
2/1/2020,0.0318,0.1128,Tech_Mnth
3/1/2020,-0.0574,-0.0846,Tech_Mnth
4/1/2020,-0.1375,-0.1152,Tech_Mnth
5/1/2020,0.1522,0.0681,Tech_Mnth
6/1/2020,0.0907,0.0867,Tech_Mnth
7/1/2020,0.0723,0.0343,Tech_Mnth
8/1/2020,0.0705,0.0918,Tech_Mnth
9/1/2020,0.1137,0.0705,Tech_Mnth
10/1/2020,-0.0509,-0.0053,Tech_Mnth
2/1/2003,-0.0299,-0.0149,Util_Mnth
3/1/2003,-0.0479,-0.0149,Util_Mnth
4/1/2003,0.0341,-0.0299,Util_Mnth
5/1/2003,0.0805,0.0281,Util_Mnth
6/1/2003,0.115,0.0956,Util_Mnth
7/1/2003,-0.0139,0.0246,Util_Mnth
8/1/2003,-0.0559,-0.0313,Util_Mnth
9/1/2003,0.0101,-0.05585,Util_Mnth
10/1/2003,0.0477,0.0598,Util_Mnth
11/1/2003,0.0091,0.0805,Util_Mnth
12/1/2003,0.0009,-0.0365,Util_Mnth
1/1/2004,0.0545,0.115,Util_Mnth
2/1/2004,0.0252,0.0091,Util_Mnth
3/1/2004,0.0196,0.0477,Util_Mnth
4/1/2004,-0.0037,-0.0414,Util_Mnth
5/1/2004,-0.0361,0.0239,Util_Mnth
6/1/2004,0.0043,0.0,Util_Mnth
7/1/2004,0.0119,0.0091,Util_Mnth
8/1/2004,0.0142,0.0196,Util_Mnth
9/1/2004,0.038,0.0142,Util_Mnth
10/1/2004,-0.0028,0.0009,Util_Mnth
11/1/2004,0.0543,-0.0397,Util_Mnth
12/1/2004,0.0333,0.0053,Util_Mnth
1/1/2005,0.0183,-0.0232,Util_Mnth
2/1/2005,0.0252,0.038,Util_Mnth
3/1/2005,0.0211,-0.0028,Util_Mnth
4/1/2005,0.0103,0.0211,Util_Mnth
5/1/2005,0.0279,0.0103,Util_Mnth
6/1/2005,-0.0026,-0.0414,Util_Mnth
7/1/2005,0.0521,0.0477,Util_Mnth
8/1/2005,0.0233,0.0598,Util_Mnth
9/1/2005,-0.0015,0.0196,Util_Mnth
10/1/2005,0.0432,0.0598,Util_Mnth
11/1/2005,-0.0666,0.0521,Util_Mnth
12/1/2005,-0.0029,0.0805,Util_Mnth
1/1/2006,0.0041,0.0103,Util_Mnth
2/1/2006,0.0222,-0.0027666666666666673,Util_Mnth
3/1/2006,-0.0003,-0.0666,Util_Mnth
4/1/2006,-0.0403,0.0543,Util_Mnth
5/1/2006,0.0116,-0.0037,Util_Mnth
6/1/2006,0.0118,-0.0695,Util_Mnth
7/1/2006,0.0218,0.01395,Util_Mnth
8/1/2006,0.0444,-0.0261,Util_Mnth
9/1/2006,0.0319,0.0033,Util_Mnth
10/1/2006,-0.0209,0.0521,Util_Mnth
11/1/2006,0.0512,0.0233,Util_Mnth
12/1/2006,0.0223,0.01175,Util_Mnth
1/1/2007,-0.009000000000000001,0.0319,Util_Mnth
2/1/2007,0.0066,-0.0403,Util_Mnth
3/1/2007,0.0428,-0.012,Util_Mnth
4/1/2007,0.0416,-0.009000000000000001,Util_Mnth
5/1/2007,0.046,0.0233,Util_Mnth
6/1/2007,0.0062,-0.0015,Util_Mnth
7/1/2007,-0.0482,0.0223,Util_Mnth
8/1/2007,-0.0499,-0.0883,Util_Mnth
9/1/2007,0.0232,0.0066,Util_Mnth
10/1/2007,0.034,0.0101,Util_Mnth
11/1/2007,0.0454,-0.0082,Util_Mnth
12/1/2007,0.0365,-0.0139,Util_Mnth
1/1/2008,-0.0297,0.0598,Util_Mnth
2/1/2008,-0.0631,0.0183,Util_Mnth
3/1/2008,-0.0479,-0.0499,Util_Mnth
4/1/2008,0.0173,0.034,Util_Mnth
5/1/2008,0.0484,-0.0313,Util_Mnth
6/1/2008,0.0312,0.0521,Util_Mnth
7/1/2008,-0.0252,-0.0499,Util_Mnth
8/1/2008,-0.0489,-0.0631,Util_Mnth
9/1/2008,0.0063,0.0246,Util_Mnth
10/1/2008,-0.1361,-0.0252,Util_Mnth
11/1/2008,-0.1161,-0.1465,Util_Mnth
12/1/2008,0.0102,-0.1161,Util_Mnth
1/1/2009,-0.0141,-0.0414,Util_Mnth
2/1/2009,-0.0235,-0.0252,Util_Mnth
3/1/2009,-0.1264,-0.1234,Util_Mnth
4/1/2009,0.0076,-0.0141,Util_Mnth
5/1/2009,0.0369,0.059,Util_Mnth
6/1/2009,0.0314,0.115,Util_Mnth
7/1/2009,0.0345,-0.009000000000000001,Util_Mnth
8/1/2009,0.0419,0.0312,Util_Mnth
9/1/2009,0.0017,0.0252,Util_Mnth
10/1/2009,0.0082,-0.0077,Util_Mnth
11/1/2009,-0.029,0.0053,Util_Mnth
12/1/2009,0.0516,0.0404,Util_Mnth
1/1/2010,0.0434,0.0512,Util_Mnth
2/1/2010,-0.055,-0.0489,Util_Mnth
3/1/2010,-0.0108,-0.0482,Util_Mnth
4/1/2010,0.0192,-0.0108,Util_Mnth
5/1/2010,0.0255,0.0192,Util_Mnth
6/1/2010,-0.0641,-0.1361,Util_Mnth
7/1/2010,-0.0136,-0.0631,Util_Mnth
8/1/2010,0.0911,0.0369,Util_Mnth
9/1/2010,0.0088,0.0365,Util_Mnth
10/1/2010,0.0116,0.0434,Util_Mnth
11/1/2010,0.0137,-0.0361,Util_Mnth
12/1/2010,-0.0232,-0.029,Util_Mnth
1/1/2011,0.0119,-0.0017,Util_Mnth
2/1/2011,0.0133,0.0118,Util_Mnth
3/1/2011,0.0034,0.01395,Util_Mnth
4/1/2011,0.0028,0.0066,Util_Mnth
5/1/2011,0.0352,0.001,Util_Mnth
6/1/2011,0.0187,-0.0695,Util_Mnth
7/1/2011,-0.0106,-0.0482,Util_Mnth
8/1/2011,0.0,0.0477,Util_Mnth
9/1/2011,0.0137,-0.0883,Util_Mnth
10/1/2011,-0.01,-0.0641,Util_Mnth
11/1/2011,0.0223,0.0911,Util_Mnth
12/1/2011,0.0236,0.0063,Util_Mnth
1/1/2012,0.029,0.0062,Util_Mnth
2/1/2012,-0.0392,0.0133,Util_Mnth
3/1/2012,0.004,-0.0392,Util_Mnth
4/1/2012,0.0037,0.0183,Util_Mnth
5/1/2012,0.0191,-0.0297,Util_Mnth
6/1/2012,-0.0031,-0.0883,Util_Mnth
7/1/2012,0.0427,0.0066,Util_Mnth
8/1/2012,0.024,0.04295,Util_Mnth
9/1/2012,-0.045,-0.0361,Util_Mnth
10/1/2012,0.0039,-0.045,Util_Mnth
11/1/2012,0.017,-0.0106,Util_Mnth
12/1/2012,-0.0459,0.017,Util_Mnth
1/1/2013,0.0003,-0.0459,Util_Mnth
2/1/2013,0.0379,-0.0459,Util_Mnth
3/1/2013,0.0161,-0.0482,Util_Mnth
4/1/2013,0.0485,0.0434,Util_Mnth
5/1/2013,0.0581,0.0485,Util_Mnth
6/1/2013,-0.08900000000000001,0.01895,Util_Mnth
7/1/2013,-0.0019,0.017,Util_Mnth
8/1/2013,0.046,0.0379,Util_Mnth
9/1/2013,-0.0483,-0.0361,Util_Mnth
10/1/2013,0.0011,-0.04825,Util_Mnth
11/1/2013,0.0355,0.0598,Util_Mnth
12/1/2013,-0.0191,-0.08900000000000001,Util_Mnth
1/1/2014,-0.0042,-0.08900000000000001,Util_Mnth
2/1/2014,0.0332,-0.0149,Util_Mnth
3/1/2014,0.0283,0.0011,Util_Mnth
4/1/2014,0.0295,0.045700000000000005,Util_Mnth
5/1/2014,0.0417,0.1035,Util_Mnth
6/1/2014,-0.0137,0.0161,Util_Mnth
7/1/2014,0.0373,0.0252,Util_Mnth
8/1/2014,-0.0699,0.0332,Util_Mnth
9/1/2014,0.0511,0.0283,Util_Mnth
10/1/2014,-0.022,0.0332,Util_Mnth
11/1/2014,0.0769,0.0581,Util_Mnth
12/1/2014,0.0086,0.0769,Util_Mnth
1/1/2015,0.0383,0.0769,Util_Mnth
2/1/2015,0.0134,0.0417,Util_Mnth
3/1/2015,-0.0644,0.0236,Util_Mnth
4/1/2015,-0.0199,-0.04615,Util_Mnth
5/1/2015,-0.0041,0.0003,Util_Mnth
6/1/2015,0.0113,0.034,Util_Mnth
7/1/2015,-0.0697,-0.0041,Util_Mnth
8/1/2015,0.0612,0.0236,Util_Mnth
9/1/2015,-0.0465,-0.0641,Util_Mnth
10/1/2015,0.0331,0.0,Util_Mnth
11/1/2015,0.0076,0.0511,Util_Mnth
12/1/2015,-0.0183,0.0113,Util_Mnth
1/1/2016,0.0026,0.034,Util_Mnth
2/1/2016,0.0507,-0.0137,Util_Mnth
3/1/2016,0.0294,0.0404,Util_Mnth
4/1/2016,0.0619,0.0769,Util_Mnth
5/1/2016,-0.0196,0.029,Util_Mnth
6/1/2016,0.0142,0.0011,Util_Mnth
7/1/2016,0.0737,0.0598,Util_Mnth
8/1/2016,-0.0146,0.0434,Util_Mnth
9/1/2016,-0.0556,-0.04825,Util_Mnth
10/1/2016,-0.0018,-0.0199,Util_Mnth
11/1/2016,0.0057,0.0232,Util_Mnth
12/1/2016,-0.0594,-0.0041,Util_Mnth
1/1/2017,0.0462,0.0331,Util_Mnth
2/1/2017,0.0087,0.0017,Util_Mnth
3/1/2017,0.0431,0.0737,Util_Mnth
4/1/2017,0.0055,0.0477,Util_Mnth
5/1/2017,0.0099,0.0055,Util_Mnth
6/1/2017,0.0363,0.0462,Util_Mnth
7/1/2017,-0.0309,0.0428,Util_Mnth
8/1/2017,0.0242,0.0142,Util_Mnth
9/1/2017,0.0328,0.0055,Util_Mnth
10/1/2017,-0.0369,0.0484,Util_Mnth
11/1/2017,0.0413,0.0,Util_Mnth
12/1/2017,0.0286,0.0769,Util_Mnth
1/1/2018,-0.0725,-0.0137,Util_Mnth
2/1/2018,-0.0321,-0.0644,Util_Mnth
3/1/2018,-0.0357,-0.1361,Util_Mnth
4/1/2018,0.0297,-0.0357,Util_Mnth
5/1/2018,0.0186,0.0332,Util_Mnth
6/1/2018,-0.0136,0.0294,Util_Mnth
7/1/2018,0.0222,0.0612,Util_Mnth
8/1/2018,0.0096,0.0431,Util_Mnth
9/1/2018,0.0198,-0.08900000000000001,Util_Mnth
10/1/2018,-0.0194,-0.0367,Util_Mnth
11/1/2018,0.0244,0.0222,Util_Mnth
12/1/2018,0.0305,0.0911,Util_Mnth
1/1/2019,-0.0487,0.0137,Util_Mnth
2/1/2019,0.0345,0.0956,Util_Mnth
3/1/2019,0.0458,-0.0137,Util_Mnth
4/1/2019,0.02,0.0222,Util_Mnth
5/1/2019,0.0064,0.0512,Util_Mnth
6/1/2019,-0.0017,-0.0106,Util_Mnth
7/1/2019,0.021,0.0064,Util_Mnth
8/1/2019,-0.0037,0.0242,Util_Mnth
9/1/2019,0.0523,-0.009000000000000001,Util_Mnth
10/1/2019,0.0313,0.0523,Util_Mnth
11/1/2019,-0.0036,0.0413,Util_Mnth
12/1/2019,-0.024,0.0087,Util_Mnth
1/1/2020,0.0316,-0.0666,Util_Mnth
2/1/2020,0.0674,0.0064,Util_Mnth
3/1/2020,-0.0954,-0.0465,Util_Mnth
4/1/2020,-0.1485,-0.1161,Util_Mnth
5/1/2020,0.0633,0.0911,Util_Mnth
6/1/2020,0.0544,0.0076,Util_Mnth
7/1/2020,-0.0535,0.0191,Util_Mnth
8/1/2020,0.0763,0.0116,Util_Mnth
9/1/2020,-0.0285,0.0544,Util_Mnth
10/1/2020,0.008,0.0458,Util_Mnth
